module,key,english,old_zh,translation
abeip,abeip.description,Data source for Allen-Bradley Ethernet/IP devices,Data source for Allen-Bradley Ethernet/IP devices,Allen-Bradley以太網/IP設備的資料來源
abeip,dsEdit.abeip,Allen-Bradley E/IP,Allen-Bradley E/IP,Allen-Bradley E/IP
abeip,dsedit.abeip.properties,Allen-Bradley E/IP properties,Allen-Bradley E/IP properties,Allen-Bradley E/IP屬性
abeip,dsEdit.abeip.dsconn,Host {0},Host {0},主機{0}
abeip,dsEdit.abeip.event.dataSourceException,Data source error,Data source error,資料來源錯誤
abeip,dsEdit.abeip.event.connectTimeout,Connection timeout,Connection timeout,連接逾時
abeip,dsEdit.abeip.event.noSession,PLC session error,PLC session error,PLC會話錯誤
abeip,dsEdit.abeip.event.readFail,Read fail,Read fail,讀取失敗
abeip,dsEdit.abeip.event.writeFail,Write fail,Write fail,寫入失敗
abeip,dsEdit.abeip.event.licenseExceeded,Point count exceeds license allowance,Point count exceeds license allowance,點計數超過授權許可
abeip,dsEdit.abeip.msg.dataSourceException,Data source error,Data source error,資料來源錯誤
abeip,dsEdit.abeip.msg.connectTimeout,Connection timed out,Connection timed out,連接時機
abeip,dsEdit.abeip.msg.noSession,Couldn't get session with PLC,Couldn't get session with PLC,無法與PLC進行會話
abeip,dsEdit.abeip.msg.readFail,Read failed,Read failed,讀取失敗
abeip,dsEdit.abeip.msg.writeFail,Write failed,Write failed,寫入失敗
abeip,dsEdit.abeip.msg.readFailTag,"Read failed, tag: {0}","Read failed, tag: {0}",讀取失敗，標籤：{0}
abeip,dsEdit.abeip.msg.writeFailTag,"Write failed, tag: {0}","Write failed, tag: {0}",寫入失敗，標籤：{0}
abeip,dsEdit.abeip.timeout,Timeout (ms),Timeout (ms),逾時（MS）
abeip,dsEdit.abeip.retries,Retries,Retries,重試
abeip,dsEdit.abeip.hostName,Host name,Host name,主機名
abeip,dsEdit.abeip.portNumber,Port,Port,埠號
abeip,dsEdit.abeip.rackNumber,Rack,Rack,機架
abeip,dsEdit.abeip.slotNumber,Slot,Slot,插槽
abeip,dsEdit.abeip.dpconn,Tag {0},Tag {0},標籤{0}
abeip,dsEdit.abeip.tag,Tag name,Tag name,標籤名稱
abeip,dsEdit.abeip.program,Program name,Program name,程序名稱
abeip,dsEdit.abeip.tagType,Tag type,Tag type,標籤類型
abeip,dsEdit.abeip.multistate,Multistate,Multistate,多層
abeip,dsEdit.abeip.tag_types.bool,BOOL (1 bit),BOOL (1 bit),布爾（1位）
abeip,dsEdit.abeip.tag_types.sint,SINT (8 bit signed integer),SINT (8 bit signed integer),SINT（8位簽名的整數）
abeip,dsEdit.abeip.tag_types.int,INT (16 bit signed integer),INT (16 bit signed integer),int（16位簽名的整數）
abeip,dsEdit.abeip.tag_types.dint,DINT (32 bit signed integer),DINT (32 bit signed integer),DINT（32位簽名的整數）
abeip,dsEdit.abeip.tag_types.real,REAL (32 bit floating point),REAL (32 bit floating point),真實（32位浮點）
abeip,dsEdit.abeip.tag_types.string,STRING,STRING,STRING
abeip,dsEdit.abeip.writeType,Write type,Write type,寫入類型
abeip,dsEdit.abeip.write_types.read_only,Read only,Read only,唯讀
abeip,dsEdit.abeip.write_types.read_write,Read & write,Read & write,讀寫
abeip,dsEdit.abeip.write_types.write_only,Write only,Write only,只寫
abeip,abeip.dox.ds,A-B E/IP Data Source,A-B E/IP Data Source,A-B E/IP資料來源
abeip,abeip.dox.pp,A-B E/IP Point,A-B E/IP Point,A-B E/IP點
abpccc,abpccc.description,Data source for Allen-Bradley PCCC (SLC series) Ethernet devices,Data source for Allen-Bradley PCCC (SLC series) Ethernet devices,Allen-Bradley PCCC（SLC系列）以太網設備的資料來源
abpccc,dsEdit.abpccc,Allen-Bradley PCCC,Allen-Bradley PCCC,艾倫·布拉德利PCCC
abpccc,dsedit.abpccc.properties,Allen-Bradley PCCC properties,Allen-Bradley PCCC properties,Allen-Bradley PCCC屬性
abpccc,dsEdit.abpccc.dsconn,Host {0},Host {0},主機{0}
abpccc,dsEdit.abpccc.event.dataSourceException,Data source error,Data source error,資料來源錯誤
abpccc,dsEdit.abpccc.event.connectTimeout,Connection timeout,Connection timeout,連接逾時
abpccc,dsEdit.abpccc.event.noSession,PLC session error,PLC session error,PLC會話錯誤
abpccc,dsEdit.abpccc.event.readFail,Read fail,Read fail,讀取失敗
abpccc,dsEdit.abpccc.event.writeFail,Write fail,Write fail,寫入失敗
abpccc,dsEdit.abpccc.event.licenseExceeded,Point count exceeds license allowance,Point count exceeds license allowance,點計數超過授權許可
abpccc,dsEdit.abpccc.msg.dataSourceException,Data source error,Data source error,資料來源錯誤
abpccc,dsEdit.abpccc.msg.connectTimeout,Connection timed out,Connection timed out,連接時機
abpccc,dsEdit.abpccc.msg.noSession,Couldn't get session with PLC,Couldn't get session with PLC,無法與PLC進行會話
abpccc,dsEdit.abpccc.msg.readFail,Read failed,Read failed,讀取失敗
abpccc,dsEdit.abpccc.msg.writeFail,Write failed,Write failed,寫入失敗
abpccc,dsEdit.abpccc.msg.readFailTag,"Read failed, tag: {0}","Read failed, tag: {0}",讀取失敗，標籤：{0}
abpccc,dsEdit.abpccc.msg.writeFailTag,"Write failed, tag: {0}","Write failed, tag: {0}",寫入失敗，標籤：{0}
abpccc,dsEdit.abpccc.timeout,Timeout (ms),Timeout (ms),逾時（MS）
abpccc,dsEdit.abpccc.retries,Retries,Retries,重試
abpccc,dsEdit.abpccc.hostName,Host name,Host name,主機名
abpccc,dsEdit.abpccc.portNumber,Port,Port,埠號
abpccc,dsEdit.abpccc.rackNumber,Rack,Rack,機架
abpccc,dsEdit.abpccc.slotNumber,Slot,Slot,插槽
abpccc,dsEdit.abpccc.dpconn,Tag {0},Tag {0},標籤{0}
abpccc,dsEdit.abpccc.tag,Address,Address,地址
abpccc,dsEdit.abpccc.plcType,PLC type,PLC type,PLC類型
abpccc,dsEdit.abpccc.plc_types.slc505,SLC 5/05,SLC 5/05,SLC 5/05
abpccc,dsEdit.abpccc.plc_types.plc5,PLC-5,PLC-5,PLC-5
abpccc,dsEdit.abpccc.plc_types.micrologix,Micrologix,Micrologix,微學分
abpccc,dsEdit.abpccc.multistate,Multistate,Multistate,多層
abpccc,dsEdit.abpccc.writeType,Write type,Write type,寫入類型
abpccc,dsEdit.abpccc.write_types.read_only,Read only,Read only,唯讀
abpccc,dsEdit.abpccc.write_types.read_write,Read & write,Read & write,讀寫入
abpccc,dsEdit.abpccc.write_types.write_only,Write only,Write only,只寫入
abpccc,abpccc.dox.ds,A-B PCCC Data Source,A-B PCCC Data Source,A-B PCCC資料來源
abpccc,abpccc.dox.pp,A-B PCCC Point,A-B PCCC Point,A-B PCCC點
advancedComponents,advancedComponents.description,AngularJS advanced components,AngularJS advanced components,Angularjs高級組件
advancedScheduler,advancedSchedule.events.subTypeActiveDefault,Schedule active,Schedule active,排程有效
advancedScheduler,advancedSchedule.events.subTypeErrorDefault,Schedule error,Schedule error,排程錯誤
advancedScheduler,advancedSchedule.events.subTypeActiveDefault,Schedule active,Schedule active,排程有效
advancedScheduler,advancedSchedule.events.subTypeErrorDefault,Schedule error,Schedule error,排程錯誤
advancedScheduler,advancedScheduler.validate.offsetsOutOfOrder,Offsets are not in time order,Offsets are not in time order,偏移不是按時順序
advancedScheduler,advancedScheduler.validate.userDNE,User assigned to schedule does not exist,User assigned to schedule does not exist,分配給時間表的用戶不存在
advancedScheduler,advancedScheduler.rt.event,{0},{0},{0}
advancedScheduler,advancedScheduler.rt.initializationError,Schedule {0} failed to initialize because {1},Schedule {0} failed to initialize because {1},附表{0}無法初始化，因為{1}
advancedScheduler,advancedScheduler.rt.stateChangeError,Schedule {0} failed to change state because {1},Schedule {0} failed to change state because {1},附表{0}無法更改狀態，因為{1}
advancedScheduler,advancedScheduler.rt.terminationError,Schedule {0} had problems terminating because {1},Schedule {0} had problems terminating because {1},附表{0}遇到問題，因為{1}
advancedScheduler,advancedScheduler.rt.persistDataError,Schedule {0} couldn't save its state to the database because {1},Schedule {0} couldn't save its state to the database because {1},附表{0}無法將其狀態保存到資料庫，因為{1}
advancedScheduler,advancedScheduler.dateRangeRule.invalidYears,Start and end years must both be specific or unspecific,Start and end years must both be specific or unspecific,開始和結束年必須是特定的或不明確的
advancedScheduler,advancedScheduler.dateRangeRule.invalidMonths,Start and end months must both be specific or unspecific,Start and end months must both be specific or unspecific,開始和結束月必須是特定的或不明確的
advancedScheduler,advancedScheduler.dateRangeRule.invalidDays,Start and end days must both be specific or unspecific,Start and end days must both be specific or unspecific,開始和結束的日子必須是特定的或不明確的
advancedScheduler,advancedScheduler.dateRangeRule.invalidDayOfWeek,Day of week ranges are not supported,Day of week ranges are not supported,不支持一周中的範圍
advancedScheduler,advancedScheduler.ui.roundTo,Round to,Round to,圓
advancedScheduler,advancedScheduler.ui.editNamePermissions,"Edit name, permissions and alarm levels","Edit name, permissions and alarm levels",編輯名稱，權限和警報級別
asciiFile,file.desc,Read and Parse ASCII Text files,Read and Parse ASCII Text files,讀取和解析ASCII文本檔案
asciiFile,dsEdit.asciiFile,ASCII file data source,ASCII file data source,ASCII檔案資料來源
asciiFile,dsEdit.asciiFilePoint,ASCII file data point,ASCII file data point,ASCII檔案資料點
asciiFile,dsEdit.file,File,File,檔案
asciiFile,dsEdit.file.exampleText,Example text,Example text,示例文本
asciiFile,dsEdit.file.pathIsNotCanonical,Path is not canonical,Path is not canonical,路徑不是規範的
asciiFile,dsEdit.file.ioexceptionCanonical,"IOException attempting to convert given file path, {0}, to canonical path","IOException attempting to convert given file path, {0}, to canonical path",試圖將給定的檔案路徑{0}轉換為規範路徑的IOException
asciiFile,dsEdit.file.test.match,Match,Match,符合
asciiFile,dsEdit.file.test.noMatch,No match,No match,沒有符合
asciiFile,file.path,{0},{0},{0}
asciiFile,file.event.obsDestroy,Failed to destroy file observer because: {0},Failed to destroy file observer because: {0},由於：{0}
asciiFile,file.event.patternMismatch,Recieved message: {0} does not match pattern: {1},Recieved message: {0} does not match pattern: {1},收到的消息：{0}不符合模式：{1}
asciiFile,file.event.fileNotFound,File not found: {0},File not found: {0},找不到檔案：{0}
asciiFile,file.event.notNumber,Captured value is not numeric: {0},Captured value is not numeric: {0},擷取的值不是數字：{0}
asciiFile,file.event.dateParseFailed,Failed to parse date: {0},Failed to parse date: {0},無法解析日期：{0}
asciiFile,file.event.insufficientGroups,Insufficient groups matched for point: {0},Insufficient groups matched for point: {0},符合的組不足：{0}
asciiFile,file.validate.noCaptureGroup,Capture group required,Capture group required,需要擷取組
asciiFile,file.validate.invalidDateFormat,Invalid date format ''{0}'' produced exception: {1},Invalid date format ''{0}'' produced exception: {1},無效的日期格式''{0}'產生異常：{1}
BACnet,mod.bacnet,Data sources and publisher for BACnet,Data sources and publisher for BACnet,BACNET的資料來源和發布者
BACnet,mod.bacnet.dsconn,Device ID: {0},Device ID: {0},設備ID：{0}
BACnet,mod.bacnet.id,Local device ID,Local device ID,本地設備ID
BACnet,mod.bacnet.sendingWhoIs,Sending WhoIs...,Sending WhoIs...,發送什麼...
BACnet,mod.bacnet.getDetails,Get details,Get details,取得詳細資訊
BACnet,mod.bacnet.exportObjectList,Export object list,Export object list,導出對象列表
BACnet,mod.bacnet.addPoint,Add point,Add point,新增點
BACnet,mod.bacnet.presentValue,Present value,Present value,目前數值
BACnet,mod.bacnet.listenerStopped,Listener stopped,Listener stopped,監聽器停了下來
BACnet,mod.bacnet.device,Device,Device,裝置
BACnet,mod.bacnet.deviceId,Device ID,Device ID,設備ID
BACnet,mod.bacnet.strict,Strict device comparisons,Strict device comparisons,嚴格的設備比較
BACnet,mod.bacnet.localNetworkNumber,Local network number,Local network number,本地網路號
BACnet,mod.bacnet.timeout,Timeout (ms),Timeout (ms),逾時（MS）
BACnet,mod.bacnet.segmentTimeout,Segment timeout (ms),Segment timeout (ms),細分逾時（MS）
BACnet,mod.bacnet.segmentWindow,Segment window,Segment window,段窗口
BACnet,mod.bacnet.retries,Retries,Retries,重試
BACnet,mod.bacnet.covLease,COV lease time (minutes),COV lease time (minutes),COV租賃時間（分鐘）
BACnet,mod.bacnet.discovery,BACnet discovery,BACnet discovery,BACNET發現
BACnet,mod.bacnet.sendWhoIs,Send WhoIs,Send WhoIs,發送whois
BACnet,mod.bacnet.objectList,Remote device object list,Remote device object list,遠端設備對象列表
BACnet,mod.bacnet.sendObjList,Send object list request,Send object list request,發送對象列表請求
BACnet,mod.bacnet.gettingDeviceDetails,Getting device details...,Getting device details...,取得設備詳細資訊...
BACnet,mod.bacnet.remoteDeviceNetworkNumber,Network number,Network number,網路號
BACnet,mod.bacnet.remoteDeviceMac,MAC,MAC,蘋果
BACnet,mod.bacnet.remoteDeviceInstanceNumber,Device instance number,Device instance number,設備實體號
BACnet,mod.bacnet.modelName,Model name,Model name,模型名稱
BACnet,mod.bacnet.objectName,Object name,Object name,對象名稱
BACnet,mod.bacnet.address,Address,Address,地址
BACnet,mod.bacnet.systemStatus,Status,Status,地位
BACnet,mod.bacnet.objectType,Object type,Object type,對像類型
BACnet,mod.bacnet.objectDescription,Object Description,Object Description,對象描述
BACnet,mod.bacnet.propertyIdentifier,Property Identifier,Property Identifier,屬性標識符
BACnet,mod.bacnet.reuseAddress,Reuse Address,Reuse Address,重用地址
BACnet,mod.bacnetMstp.dataTypeSupport,Data type support,Data type support,資料類型支持
BACnet,mod.bacnet.objectType.accumulator,Accumulator,Accumulator,累加器
BACnet,mod.bacnet.objectType.analogInput,Analog input,Analog input,類比輸入
BACnet,mod.bacnet.objectType.analogOutput,Analog output,Analog output,類比輸出
BACnet,mod.bacnet.objectType.analogValue,Analog value,Analog value,類比值
BACnet,mod.bacnet.objectType.averaging,Averaging,Averaging,平均
BACnet,mod.bacnet.objectType.binaryInput,Binary input,Binary input,二進制輸入
BACnet,mod.bacnet.objectType.binaryOutput,Binary output,Binary output,二進制輸出
BACnet,mod.bacnet.objectType.binaryValue,Binary value,Binary value,二進制值
BACnet,mod.bacnet.objectType.lifeSafetyPoint,Life safety point,Life safety point,生命安全點
BACnet,mod.bacnet.objectType.lifeSafetyZone,Life safety zone,Life safety zone,生命安全區
BACnet,mod.bacnet.objectType.loop,Loop,Loop,環形
BACnet,mod.bacnet.objectType.multiStateInput,Multi-state input,Multi-state input,多州輸入
BACnet,mod.bacnet.objectType.multiStateOutput,Multi-state output,Multi-state output,多狀態輸出
BACnet,mod.bacnet.objectType.multiStateValue,Multi-state value,Multi-state value,多態值
BACnet,mod.bacnet.objectType.pulseConverter,Pulse converter,Pulse converter,脈沖轉換器
BACnet,mod.bacnet.objectType.calendar,Calendar,Calendar,日曆
BACnet,mod.bacnet.objectType.command,Command,Command,命令
BACnet,mod.bacnet.objectType.device,Device,Device,裝置
BACnet,mod.bacnet.objectType.eventEnrollment,Event enrollment,Event enrollment,事件註冊
BACnet,mod.bacnet.objectType.file,File,File,檔案
BACnet,mod.bacnet.objectType.group,Group,Group,團體
BACnet,mod.bacnet.objectType.notificationClass,Notification class,Notification class,通知類
BACnet,mod.bacnet.objectType.program,Program,Program,程式
BACnet,mod.bacnet.objectType.schedule,Schedule,Schedule,日程
BACnet,mod.bacnet.objectType.trendLog,Trend log,Trend log,趨勢日誌
BACnet,mod.bacnet.objectType.eventLog,Event log,Event log,事件日誌
BACnet,mod.bacnet.objectType.globalGroup,Global group,Global group,全球小組
BACnet,mod.bacnet.objectType.trendLogMultiple,Trend log multiple,Trend log multiple,趨勢日誌多重
BACnet,mod.bacnet.objectType.loadControl,Load control,Load control,負載控制
BACnet,mod.bacnet.objectType.structuredView,Structured view,Structured view,結構化視圖
BACnet,mod.bacnet.objectType.accessDoor,Access door,Access door,進入門
BACnet,mod.bacnet.objectType.timer,Timer,Timer,計時器
BACnet,mod.bacnet.objectType.accessCredential,Access credential,Access credential,存取憑證
BACnet,mod.bacnet.objectType.accessPoint,Access point,Access point,存取點
BACnet,mod.bacnet.objectType.accessRights,Access rights,Access rights,存取權利
BACnet,mod.bacnet.objectType.accessUser,Access user,Access user,存取用戶
BACnet,mod.bacnet.objectType.accessZone,Access zone,Access zone,存取區
BACnet,mod.bacnet.objectType.credentialDataInput,Credential data input,Credential data input,憑證資料輸入
BACnet,mod.bacnet.objectType.networkSecurity,Network security,Network security,網路安全
BACnet,mod.bacnet.objectType.bitstringValue,Bitstring value,Bitstring value,Bitstring值
BACnet,mod.bacnet.objectType.characterstringValue,Character string value,Character string value,字符字符串值
BACnet,mod.bacnet.objectType.datePatternValue,Date pattern value,Date pattern value,日期模式值
BACnet,mod.bacnet.objectType.dateValue,Date value,Date value,日期值
BACnet,mod.bacnet.objectType.datetimePatternValue,Datetime pattern value,Datetime pattern value,DateTime模式值
BACnet,mod.bacnet.objectType.datetimeValue,Datetime value,Datetime value,DateTime值
BACnet,mod.bacnet.objectType.integerValue,Integer value,Integer value,整數值
BACnet,mod.bacnet.objectType.largeAnalogValue,Large analog value,Large analog value,大類比值
BACnet,mod.bacnet.objectType.octetstringValue,Octet string value,Octet string value,八位位字符串值
BACnet,mod.bacnet.objectType.positiveIntegerValue,Positive integer value,Positive integer value,正整數值
BACnet,mod.bacnet.objectType.timePatternValue,Time pattern value,Time pattern value,時間模式值
BACnet,mod.bacnet.objectType.timeValue,Time value,Time value,時間值
BACnet,mod.bacnet.objectType.notificationForwarder,Notification forwarder,Notification forwarder,通知轉發器
BACnet,mod.bacnet.objectType.alertEnrollment,Alert enrollment,Alert enrollment,警報註冊
BACnet,mod.bacnet.objectType.channel,Channel,Channel,頻道
BACnet,mod.bacnet.objectType.lightingOutput,Lighting output,Lighting output,照明輸出
BACnet,mod.bacnet.objectType.binaryLightingOutput,Binary lighting output,Binary lighting output,二進制照明輸出
BACnet,mod.bacnet.objectType.networkPort,Network port,Network port,網路埠號
BACnet,mod.bacnet.objectType.elevatorGroup,Elevator group,Elevator group,電梯組
BACnet,mod.bacnet.objectType.escalator,Escalator,Escalator,電扶梯
BACnet,mod.bacnet.objectType.lift,Lift,Lift,舉起
BACnet,mod.bacnet.all,All,All,全部
BACnet,mod.bacnet.none,None,None,沒有任何
BACnet,mod.bacnet.addSel,Add selected,Add selected,新增選擇
BACnet,mod.bacnet.objects,object(s),object(s),對象
BACnet,mod.bacnet.adding,Adding selected objects...,Adding selected objects...,新增選定的對象...
BACnet,mod.bacnet.objListRunning,Cancel the running object list request before starting another.,Cancel the running object list request before starting another.,在啟動另一個之前，取消執行對象列表請求。
BACnet,mod.bacnet.objectTypeNumber,Type ID,Type ID,類型ID
BACnet,mod.bacnet.deviceObjects,Device objects,Device objects,設備對象
BACnet,mod.bacnet.remoteDevice,Remote device,Remote device,遠端設備
BACnet,mod.bacnet.deviceName,Device name,Device name,設備名稱
BACnet,mod.bacnet.deviceDescription,Device description,Device description,設備描述
BACnet,mod.bacnet.units,Units,Units,單位
BACnet,mod.bacnet.objectInstanceId,Object instance ID,Object instance ID,對象實體ID
BACnet,mod.bacnet.useObjectName,Use Object Name for New Points,Use Object Name for New Points,使用新點的對象名稱
BACnet,mod.bacnet.useObjectDescription,Use Object Description for New Points,Use Object Description for New Points,使用對象描述新點
BACnet,mod.bacnet.refreshProperties,Refresh properties list,Refresh properties list,更新屬性列表
BACnet,mod.bacnet.refreshDataTypes,Refresh data types,Refresh data types,更新資料類型
BACnet,mod.bacnet.objectInstanceNumber,Object instance number,Object instance number,對象實體號
BACnet,mod.bacnet.useCov,Use COV subscription,Use COV subscription,使用COV訂閱
BACnet,mod.bacnet.writePriority,Write priority,Write priority,寫入優先
BACnet,mod.bacnet.tester.auto,Auto-shutoff,Auto-shutoff,Auto-shutoff
BACnet,mod.bacnet.tester.listening,Listening for messages...,Listening for messages...,正在監聽訊息...
BACnet,mod.bacnet.tester.cancelled,Cancelled,Cancelled,取消
BACnet,mod.bacnet.tester.indexNotFound,Remote device index not found,Remote device index not found,找不到遠端設備索引
BACnet,mod.bacnet.tester.sendObjectList,Sending object list request...,Sending object list request...,發送對象列表請求...
BACnet,event.bacnet.deviceError,"No response from device at {0}, point init failed: {1}","No response from device at {0}, point init failed: {1}",設備在{0}中無響應，點啟動失敗：{1}
BACnet,event.bacnet.readError,Error reading value for point {0}: {1},Error reading value for point {0}: {1},{0}的錯誤讀取值：{1}
BACnet,event.bacnet.iamError,IAm broadcast failure: {0},IAm broadcast failure: {0},IAM廣播失敗：{0}
BACnet,event.bacnet.whoisError,WhoIs broadcast failure: {0},WhoIs broadcast failure: {0},WHOIS廣播失敗：{0}
BACnet,event.bacnet.whoisPoint,WhoIs failed during init of point {0}: {1},WhoIs failed during init of point {0}: {1},在初始點{0}的初始化期間失敗：{1}
BACnet,event.bacnet.readDevice,Read properties from device at {0} failed: {1},Read properties from device at {0} failed: {1},從{0}失敗的設備讀取屬性：{1}
BACnet,event.bacnet.covFailed,"COV subscription failed at {0}, point {1} with error: {2}","COV subscription failed at {0}, point {1} with error: {2}",cov訂閱失敗在{0}，點{1}，帶有錯誤：{2}
BACnet,event.bacnet.dataTypeError,"Unable to convert {0} to Mango data type {1}, value not saved for point: {2}","Unable to convert {0} to Mango data type {1}, value not saved for point: {2}",無法將{0}轉換為 Mango 資料類型{1}，值未保存為{2}
BACnet,dox.bacnetPP,BACnet point properties,BACnet point properties,BACNET點特性
BACnet,mod.bacnet.ds.unsupportedObjectType,BACnet data source does not support object types of: {0},BACnet data source does not support object types of: {0},BACNET資料來源不支持：{0}的對像類型
BACnet,dox.bacnetIpDS,BACnet/IP data source,BACnet I/P data source,BACNET/IP資料來源
BACnet,mod.bacnetIp.dataSource,BACnet/IP,BACnet I/P,BACNET/IP
BACnet,mod.bacnetIp.dataPoint,BACnet/IP data point,BACnet/IP data point,BACNET/IP資料點
BACnet,mod.bacnetIp.desc,BACnet/IP properties,BACnet I/P properties,BACNET/IP屬性
BACnet,mod.bacnetIp.localDevice,Local device,Local device,本地設備
BACnet,mod.bacnetIp.localBindAddress,Local bind address,Local bind address,本地綁定地址
BACnet,mod.bacnetIp.broadcastAddress,Broadcast address,Broadcast address,廣播地址
BACnet,mod.bacnetIp.subnet,Subnet,Subnet,子網
BACnet,mod.bacnetIp.port,Port,Port,埠號
BACnet,mod.bacnetIp.cdesc,IP {1}:{0},I/P {1}:{0},IP {1}：{0}
BACnet,dox.foreignDevices,Foreign device registration,Foreign device registration,外國設備註冊
BACnet,dox.bacnetMstpDS,BACnet MS/TP data source,BACnet MS/TP data source,BACNET MS/TP資料來源
BACnet,mod.bacnetMstp.dataSource,BACnet MS/TP,BACnet MS/TP,BACNET MS/TP
BACnet,mod.bacnetMstp.dataPoint,BACnet MS/TP data point,BACnet MS/TP data point,BACNET MS/TP資料點
BACnet,mod.bacnetMstp.desc,BACnet MS/TP properties,BACnet MS/TP properties,BACNET MS/TP性質
BACnet,mod.bacnetMstp.commPortId,Comm port ID,Comm port ID,通信埠號ID
BACnet,mod.bacnetMstp.baudRate,Baud rate,Baud rate,Baud rate
BACnet,mod.bacnetMstp.thisStation,This station ID,This station ID,此站台ID
BACnet,mod.bacnetMstp.retryCount,Frame error retry count,Frame error retry count,框架錯誤重試計數
BACnet,mod.bacnetMstp.cdesc,MS/TP {0},MS/TP {0},MS/TP {0}
BACnet,mod.bacnetMstp.maxMaster,Max master,Max master,Max Master
BACnet,mod.bacnetMstp.maxInfoFrames,Max info frames,Max info frames,最大資訊框架
BACnet,mod.bacnetMstp.usageTimeout,Usage timeout,Usage timeout,使用逾時
BACnet,mod.bacnetMstp.useRealtime,Use realtime driver,Use realtime driver,使用實時驅動程序
BACnet,mod.bacnetMstp.responseTimeoutMs,Response timeout (ms),Response timeout (ms),響應逾時（MS）
BACnet,mod.bacnetMstp.driverFileLocation,Path to kernel driver,Path to kernel driver,通往內核驅動程序的路徑
BACnet,mod.bacnetMstp.configProgramLocation,Path to driver configuration program,Path to driver configuration program,驅動程序配置程序的路徑
BACnet,mod.bacnet.badMac,Invalid MAC id,Invalid MAC id,無效的Mac ID
BACnet,mod.bacnet.settings.header,BACnet local devices,BACnet local devices,BACNET本地設備
BACnet,mod.bacnet.settings.listTitle,Local devices,Local devices,本地設備
BACnet,mod.bacnet.settings.newLocalDevice,New local device,New local device,新的本地設備
BACnet,mod.bacnet.settings.createNewLocalDevice,Create new local device,Create new local device,建立新的本地設備
BACnet,mod.bacnet.settings.select,Select local device,Select local device,選擇本地設備
BACnet,mod.bacnet.settings.setup,BACnet local device setup,BACnet local device setup,BACNET本地設備設定
BACnet,dox.bacnetDevices,BACnet local devices,BACnet local devices,BACNET本地設備
BACnet,mod.bacnet.settings.details,Device configuration,Device configuration,設備配置
BACnet,mod.bacnet.settings.saved,Device configuration saved,Device configuration saved,設備配置保存
BACnet,mod.bacnet.settings.deleted,Device configuration deleted ,Device configuration deleted ,設備配置已刪除
BACnet,mod.bacnet.settings.notSaved,Device configuration not saved - {0},Device configuration not saved - {0},設備配置未保存 -  {0}
BACnet,mod.bacnet.settings.notDeleted,Device configuration not deleted - {0},Device configuration not deleted - {0},設備配置未刪除 -  {0}
BACnet,mod.bacnet.foreignBBMDAddress,BBMD address,BBMD address,BBMD地址
BACnet,mod.bacnet.foreignBBMDPort,BBMD port,BBMD port,BBMD埠號
BACnet,mod.bacnet.foreignBBMDTimeToLive,BBMD registration interval (seconds),BBMD registration interval (seconds),BBMD註冊間隔（秒）
BACnet,mod.bacnet.settings.registerNow,Register as foreign device,Register as foreign device,註冊為外國設備
BACnet,mod.bacnet.settings.selectDevice,Select device first,Select device first,首先選擇設備
BACnet,mod.bacnet.tools.saveFirst,Device must be saved first,Device must be saved first,設備必須先保存
BACnet,mod.bacnet.tools.mustBeIp,Only IP networks may have foreign devices,Only IP networks may have foreign devices,只有IP網路可能具有外國設備
BACnet,mod.bacnet.tools.registeredAsForeign,Successfully sent foreign device registration,Successfully sent foreign device registration,成功發送了外國設備註冊
BACnet,mod.bacnet.tools.illegalArgument,Address contains illegal argument(s): {0}:{1},Address contains illegal argument(s): {0}:{1},地址包含非法參數：{0}：{1}
BACnet,mod.bacnet.tools.bacnetException,BACnet exception sending message: {0},BACnet exception sending message: {0},BACNET異常發送消息：{0}
BACnet,mod.bacnet.tools.exceptionGettingDevice,Exception getting device: {0},Exception getting device: {0},例外取得設備：{0}
BACnet,mod.bacnet.tools.exceptionReleasingDevice,Exception releasing device: {0},Exception releasing device: {0},異常釋放設備：{0}
BACnet,mod.bacnet.tools.sendNow,Send foreign device registration,Send foreign device registration,發送外國設備註冊
BACnet,mod.bacnet.networkType,Network Type,Network Type,網路類型
BACnet,mod.bacnet.networkType.ip,IP,I/P,IP
BACnet,mod.bacnet.networkType.mstp,MS/TP,MS/TP,MS/TP
BACnet,mod.bacnet.networkMatch,A local device with the same network identifier already exists,A local device with the same network identifier already exists,具有相同網路標識符的本地設備已經存在
BACnet,mod.bacnet.localDeviceConfig,Local device,Local device,本地設備
BACnet,mod.bacnet.configNotFound,Local device not found. Check configuration.,Local device not found. Check configuration.,找不到本地設備。檢查配置。
BACnet,mod.bacnet.settings.deleteConfirm,Are you sure you want to delete this local device?,Are you sure you want to delete this local device?,您確定要刪除此本地設備嗎？
BACnet,mod.bacnet.deviceEmport.idRequired,A BACnet local device an ''id'' value. Ignored.,A BACnet local device an ''id'' value. Ignored.,BACNET本地設備一個“ ID”值。被忽略。
BACnet,mod.bacnet.deviceEmport.prefix,BACnet local device ''{0}'': {1},BACnet local device ''{0}'': {1},BACNET本地設備''{0}''：{1}
BACnet,mod.bacnet.pub,BACnet,BACnet,BACNET
BACnet,mod.bacnet.pub.event.init,BACnet initialization exception,BACnet initialization exception,BACNET初始化例外
BACnet,mod.bacnet.pub.event.service,BACnet service exception,BACnet service exception,BACNET服務例外
BACnet,mod.bacnet.pub.event.pointInit,Unable to initialize point {0}: {1},Unable to initialize point {0}: {1},無法初始化點{0}：{1}
BACnet,mod.bacnet.pub.props,BACnet publisher properties,BACnet publisher properties,BACNET發布者屬性
BACnet,dox.bacnetPublisher,BACnet publisher,BACnet publisher,BACNET出版商
BACnet,mod.bacnet.pub.instanceNumber.cannotBeNegative,Instance numbers cannot be negative,Instance numbers cannot be negative,實體號不能為負
BACnet,mod.bacnet.pub.instanceNumber.taken,The instance number ''{0}'' is already used by another point of the same type,The instance number ''{0}'' is already used by another point of the same type,實體號''{0}''已經由同一類型的另一點使用
BACnet,mod.bacnet.pub.objectName.required,Object names are required,Object names are required,需要對象名稱
BACnet,mod.bacnet.pub.objectName.taken,The object name ''{0}'' is already used by another point,The object name ''{0}'' is already used by another point,另一個點已經使用了對象名稱'{0}''
BACnet,mod.bacnet.pub.writeSource,BACnet pub: {0},BACnet pub: {0},Bacnet Pub：{0}
BACnet,mod.bacnet.pub.unknownObjectType,Object type ''{0}'' not known,Object type ''{0}'' not known,對像類型''{0}''未知
BACnet,ui.mod.bacnet.localDeviceConfig,Local device,Local device,本地設備
BACnet,mod.bacnet.selectSerialPort,Select serial port,Select serial port,選擇串行埠號
BACnet,mod.bacnet.invalidRequestBody,Invalid request type,Invalid request type,無效的請求類型
BACnet,mod.bacnet.deviceBrowser,Device browser,Device browser,設備瀏覽器
BACnet,mod.bacnet.bacnetDeviceBrowser,BACnet device browser,BACnet device browser,BACNET設備瀏覽器
BACnet,mod.bacnet.presentValueDisplay,value {0},value {0},值{0}
BACnet,mod.bacnet.presentValueUnitDisplay,value {0} {1},value {0} {1},值{0} {1}
BACnet,mod.bacnet.startWhoIs,Start Who-Is,Start Who-Is,開始誰
BACnet,mod.bacnet.cancelWhoIs,Cancel Who-Is,Cancel Who-Is,取消誰
BACnet,mod.bacnet.discoveringDevices,Discovering devices... {0}%,Discovering devices... {0}%,發現設備... {0}％
BACnet,mod.bacnet.sequenceLength,Sequence of {0} items,Sequence of {0} items,{0}項目的序列
BACnet,mod.bacnet.propertiesSelected,"{0, plural, =0{No properties} =1{1 property} other{# properties}} selected","{0, plural, =0{No properties} =1{1 property} other{# properties}} selected",{0，複數，= 0 {no properties} = 1 {1 propert}其他{＃properties}}選擇
BACnet,mod.bacnet.addProperties,Add data points for selected properties,Add data points for selected properties,新增選定屬性的資料點
BACnet,mod.bacnet.errorResponse,"BACnet error class '{0}' (id {1}), code '{2}' (id {3})","BACnet error class '{0}' (id {1}), code '{2}' (id {3})",BACNET錯誤類'{0}'（id {1}），代碼'{2}'（id {3}）
BACnet,mod.bacnet.dataTypes,BACnet data types,BACnet data types,BACNET資料類型
BACnet,mod.bacnet.preferObjectName,Prefer object name,Prefer object name,喜歡對象名稱
BACnet,mod.bacnet.preferObjectDescription,Prefer object description,Prefer object description,喜歡對象描述
BACnet,mod.bacnet.addTags,Add tags,Add tags,新增標籤
BACnet,mod.bacnet.addPoints,Add points,Add points,新增點
BACnet,mod.bacnet.errorGettingProperties,Error getting properties — {0},Error getting properties — {0},錯誤取得屬性 -  {0}
BACnet,mod.bacnet.errorGettingObjectTypes,Error getting object types — {0},Error getting object types — {0},錯誤取得對像類型 -  {0}
BACnet,mod.bacnet.exception.timeout,"BACnet device timeout, try increasing your local device timeout setting","BACnet device timeout, try increasing your local device timeout setting",BACNET設備逾時，嘗試增加本地設備逾時設定
BACnet,mod.bacnet.exception.errorReadingObjectList,Error reading object list,Error reading object list,錯誤讀取對象列表
BACnet,mod.bacnet.exception.errorReadingPropertyList,Error reading property list,Error reading property list,錯誤讀取屬性列表
cloudConnect,cloudConnect.description,Cloud connect,Cloud connect,雲端連接
cloudConnect,cloudConnect.algorithm,Key algorithm,Key algorithm,密鑰算法
cloudConnect,cloudConnect.dateConnected,Date connected,Date connected,連接日期
cloudConnect,cloudConnect.dateDisconnected,Date disconnected,Date disconnected,日期斷開連接
cloudConnect,cloudConnect.ipAddress,IP address,IP address,IP地址
cloudConnect,cloudConnect.coreVersion,Core version,Core version,核心版本
cloudConnect,cloudConnect.moduleVersion,Cloud connect version,Cloud connect version,雲端連接版本
cloudConnect,cloudConnect.mangoWebPort,Mango web port,Mango web port, Mango 網路埠號
cloudConnect,cloudConnect.sshPort,SSH port,SSH port,SSH埠號
cloudConnect,cloudConnect.otherForwards,Other port forwards,Other port forwards,其他埠號向前
cloudConnect,cloudConnect.requiresRestart,Requires restart,Requires restart,需要重新啟動
cloudConnect,cloudConnect.requiresReload,Requires reload,Requires reload,需要重新載入
cloudConnect,cloudConnect.clientConnected,Connected,Connected,連接
cloudConnect,cloudConnect.proxy.name,Proxy,Proxy,代理人
cloudConnect,cloudConnect.proxy.settings,Proxy settings,Proxy settings,代理設定
cloudConnect,cloudConnect.proxy.localAuthentication,Proxy authentication,Proxy authentication,代理身份驗證
cloudConnect,cloudConnect.proxy.remoteAuthentication,Remote authentication,Remote authentication,遠端身份驗證
cloudConnect,cloudConnect.proxy.enabled,Proxy enabled,Proxy enabled,啟用代理
cloudConnect,cloudConnect.proxy.proxyDomain,Proxy domain,Proxy domain,代理域
cloudConnect,cloudConnect.proxy.requiresAuthentication,Require authentication,Require authentication,需要身份驗證
cloudConnect,cloudConnect.proxy.requiresPermission,Require permission,Require permission,需要許可
cloudConnect,cloudConnect.proxy.injectAuthenticationToken,Inject authentication token,Inject authentication token,注入身份驗證令牌
cloudConnect,cloudConnect.proxy.fixedToken,Fixed authentication token,Fixed authentication token,修復了身份驗證令牌
cloudConnect,cloudConnect.proxy.fixedUsername,Fixed username,Fixed username,修復了用戶名
cloudConnect,cloudConnect.proxy.syncUser,Sync user from server to client,Sync user from server to client,從伺服器到客戶端端同步用戶
cloudConnect,cloudConnect.proxy.syncUserPassword,Sync user's password,Sync user's password,同步用戶的密碼
cloudConnect,cloudConnect.proxy.serveStaticResources,Serve static resources from this Mango installation (don't proxy requests for these files),Serve static resources from this Mango installation (don't proxy requests for these files),從此 Mango 安裝中提供靜態資源（不要委託這些檔案的請求）
cloudConnect,cloudConnect.proxy.clientConnectTimeout,HTTP client connect timeout (seconds),HTTP client connect timeout (seconds),HTTP客戶端端連接逾時（秒）
cloudConnect,cloudConnect.proxy.clientIdleTimeout,HTTP client idle timeout (seconds),HTTP client idle timeout (seconds),HTTP客戶端端閒置逾時（秒）
cloudConnect,cloudConnect.proxy.proxyRequestTimeout,Proxy request timeout (seconds),Proxy request timeout (seconds),代理請求逾時（秒）
cloudConnect,cloudConnect.proxy.error.rewriteFailed,Rewriting request failed \u2014 ''{0}'',Rewriting request failed \u2014 ''{0}'',重寫入請求失敗\ U2014''{0}''
cloudConnect,cloudConnect.proxy.error.serverNotRunning,Cloud connect server not running,Cloud connect server not running,雲端連接伺服器未執行
cloudConnect,cloudConnect.proxy.error.requestDidntStartWithServletPath,Proxied request did not start with the servlet path,Proxied request did not start with the servlet path,代理請求不是從servlet路徑開始
cloudConnect,cloudConnect.proxy.error.errorParsingRequestUri,Error parsing request URI,Error parsing request URI,錯誤解析請求URI
cloudConnect,cloudConnect.proxy.error.noWebPort,No web port forwarded by client,No web port forwarded by client,客戶端端不受客戶端轉發的網路埠號
cloudConnect,cloudConnect.proxy.error.errorConstructingUri,Error constructing URI,Error constructing URI,構建URI的錯誤
cloudConnect,cloudConnect.proxy.error.clientNotFound,Client with GUID ''{0}'' is not connected,Client with GUID ''{0}'' is not connected,用GUID'{0}''客戶端端未連接
cloudConnect,cloudConnect.proxy.error.proxyDisabled,Cloud connect proxy is disabled,Cloud connect proxy is disabled,雲端連接代理被禁用
cloudConnect,cloudConnect.client.name,Client,Client,客戶端
cloudConnect,cloudConnect.client.settings,Client settings,Client settings,客戶端設定
cloudConnect,cloudConnect.client.enabled,Start client with Mango,Start client with Mango,用 Mango 開始客戶端
cloudConnect,cloudConnect.client.username,Username,Username,使用者名稱
cloudConnect,cloudConnect.client.host,Host,Host,主機
cloudConnect,cloudConnect.client.port,Port,Port,埠號
cloudConnect,cloudConnect.client.forward.web.enabled,Forward Mango web port,Forward Mango web port,向前 Mango 網路埠號
cloudConnect,cloudConnect.client.forward.web.host,Web forward host,Web forward host,Web前向主機
cloudConnect,cloudConnect.client.forward.web.port,Web forward port,Web forward port,Web向前埠號
cloudConnect,cloudConnect.client.forward.ssh.enabled,Forward SSH port,Forward SSH port,向前SSH埠號
cloudConnect,cloudConnect.client.forward.ssh.host,SSH forward host,SSH forward host,SSH前鋒主機
cloudConnect,cloudConnect.client.forward.ssh.port,SSH forward port,SSH forward port,SSH向前埠號
cloudConnect,cloudConnect.client.advancedPortForwarding,Show advanced port forwarding settings,Show advanced port forwarding settings,顯示高級埠號轉發設定
cloudConnect,cloudConnect.client.localPortForwards,Local port forwards (bind to local port and forward connections to remote address),Local port forwards (bind to local port and forward connections to remote address),本地埠號向前（綁定到本地埠號，並將連接到遙控地址）
cloudConnect,cloudConnect.client.remotePortForwards,Remote port forwards (remote server binds to port and forwards connections to local address),Remote port forwards (remote server binds to port and forwards connections to local address),遠端埠號向前（遠端伺服器綁定到埠號並將連接轉發到本地地址）
cloudConnect,cloudConnect.client.dynamicPortForwards,Dynamic port forwarding,Dynamic port forwarding,動態埠號轉發
cloudConnect,cloudConnect.client.dynamicForward,SOCKS bind address (bind to local port and dynamically forward connections to remote address using SOCKS),SOCKS bind address (bind to local port and dynamically forward connections to remote address using SOCKS),襪子綁定地址（綁定到本地埠號，並使用襪子動態轉發連接到遠端地址）
cloudConnect,cloudConnect.client.portForwardingSettings,Port forwarding settings,Port forwarding settings,埠號轉發設定
cloudConnect,cloudConnect.client.nameLabel,Name / label,Name / label,名稱 /標籤
cloudConnect,cloudConnect.client.remoteAddress,Remote address,Remote address,遠端地址
cloudConnect,cloudConnect.client.localAddress,Local address,Local address,本地地址
cloudConnect,cloudConnect.client.localBindAddress,Local bind address,Local bind address,本地綁定地址
cloudConnect,cloudConnect.client.remoteBindAddress,Remote bind address,Remote bind address,遠端綁定地址
cloudConnect,cloudConnect.client.addRemoteForward,Add remote forward,Add remote forward,向前新增遠端
cloudConnect,cloudConnect.client.addLocalForward,Add local forward,Add local forward,新增本地向前
cloudConnect,cloudConnect.client.noLocalForwards,No local forwards,No local forwards,沒有本地前鋒
cloudConnect,cloudConnect.client.noRemoteForwards,No remote forwards,No remote forwards,沒有遠端前鋒
cloudConnect,cloudConnect.client.knownHostsPath,Known hosts file,Known hosts file,已知主機檔案
cloudConnect,cloudConnect.client.privateKeyPath,Private key file,Private key file,私鑰檔案
cloudConnect,cloudConnect.client.acceptUnkownHosts,Accept unknown hosts,Accept unknown hosts,接受未知的主機
cloudConnect,cloudConnect.client.newKeyPairConfirm,The private key file will be overwritten. You will need to add the client's new public key to the server's authorized keys.,The private key file will be overwritten. You will need to add the client's new public key to the server's authorized keys.,私鑰檔案將被覆蓋。您需要將客戶端端的新公共密鑰新增到伺服器的授權密鑰中。
cloudConnect,cloudConnect.client.publicKey,Client public key,Client public key,客戶端公鑰
cloudConnect,cloudConnect.client.knownHosts,Known hosts,Known hosts,已知的主人
cloudConnect,cloudConnect.client.addKnownHost,Add known host,Add known host,新增已知主機
cloudConnect,cloudConnect.client.connected,Connected,Connected,連接
cloudConnect,cloudConnect.client.connecting,Connecting...,Connecting...,連接...
cloudConnect,cloudConnect.client.connectionAttempt,Connection attempt number {0}.,Connection attempt number {0}.,連接嘗試號碼{0}。
cloudConnect,cloudConnect.client.lastConnectionError,Last connection error \u2014 {0},Last connection error \u2014 {0},最後一個連接錯誤\ U2014 {0}
cloudConnect,cloudConnect.client.connectAlarmLevel,Connect event level,Connect event level,連接事件級別
cloudConnect,cloudConnect.client.connectFailedAlarmLevel,Connect failed event level,Connect failed event level,連接失敗的事件級別
cloudConnect,cloudConnect.client.serverProperty,Property,Property,財產
cloudConnect,cloudConnect.client.serverValue,Server value,Server value,伺服器值
cloudConnect,cloudConnect.client.serverValueUnknown,Unknown,Unknown,未知
cloudConnect,cloudConnect.server.name,Server,Server,伺服器
cloudConnect,cloudConnect.server.settings,Server settings,Server settings,伺服器設定
cloudConnect,cloudConnect.server.openWebInterface,Open web interface,Open web interface,打開Web界面
cloudConnect,cloudConnect.server.closeSession,Close session,Close session,關閉會話
cloudConnect,cloudConnect.server.removeSession,Remove session,Remove session,刪除會話
cloudConnect,cloudConnect.server.enabled,Start server with Mango,Start server with Mango,使用 Mango 啟動伺服器
cloudConnect,cloudConnect.server.bind,Bind address,Bind address,綁定地址
cloudConnect,cloudConnect.server.port,Port,Port,埠號
cloudConnect,cloudConnect.server.authorizedKeysPath,Authorized keys file,Authorized keys file,授權密鑰檔案
cloudConnect,cloudConnect.server.privateKeyPath,Private key file,Private key file,私鑰檔案
cloudConnect,cloudConnect.server.portAllocationRange.from,Port allocation range (from),Port allocation range (from),埠號分配範圍（來自）
cloudConnect,cloudConnect.server.portAllocationRange.to,Port allocation range (to),Port allocation range (to),埠號分配範圍（TO）
cloudConnect,cloudConnect.server.newKeyPairConfirm,The private key file will be overwritten. You will need to update each client's known hosts with the server's new public key.,The private key file will be overwritten. You will need to update each client's known hosts with the server's new public key.,私鑰檔案將被覆蓋。您將需要使用伺服器的新公共密鑰更新每個客戶端端的已知主機。
cloudConnect,cloudConnect.server.publicKey,Server public key,Server public key,伺服器公鑰
cloudConnect,cloudConnect.server.authorizedKeys,Authorized keys,Authorized keys,授權鍵
cloudConnect,cloudConnect.server.addAuthorizedKey,Add authorized key,Add authorized key,新增授權密鑰
cloudConnect,cloudConnect.server.connectedClients,Client list,Connected clients,客戶端端列表
cloudConnect,cloudConnect.server.sessionOpenException,"Session is open, close the session first","Session is open, close the session first",會話開放，首先關閉會話
cloudConnect,cloudConnect.server.connectAlarmLevel,Client connected event level,Client connected event level,客戶端連接的事件級別
cloudConnect,cloudConnect.server.disconnectAlarmLevel,Client disconnected event level,Client disconnected event level,客戶端斷開事件級別
cloudConnect,cloudConnect.server.disconnectAlarmDelay,Client disconnected event delay,Client disconnected event delay,客戶端斷開事件延遲
cloudConnect,cloudConnect.server.disconnectAlarmDelayUnit,Client disconnected event delay unit,Client disconnected event delay unit,客戶端斷開事件延遲單元
cloudConnect,cloudConnect.server.forwardListenLoopbackOnly,Remote forwards from client can listen on loopback only,Remote forwards from client can listen on loopback only,遠端向前的客戶端端只能收聽回環
cloudConnect,cloudConnect.server.forwardListenAllocatedPortsOnly,Remote forwards from client can listen on allocated ports only,Remote forwards from client can listen on allocated ports only,遠端向前的客戶端端可以在分配的埠號上收聽
cloudConnect,cloudConnect.server.forwardConnectLoopbackOnly,Local forwards from client can connect to loopback only,Local forwards from client can connect to loopback only,客戶端的本地前鋒只能連接到環回
cloudConnect,cloudConnect.serviceException.notStarted,Service not started,Service not started,服務沒有開始
cloudConnect,cloudConnect.serviceException.failedToStart,Failed to start,Failed to start,未能開始
cloudConnect,cloudConnect.serviceException.failedToStop,Failed to stop,Failed to stop,無法停止
cloudConnect,cloudConnect.serviceException.terminated,Service has been terminated,Service has been terminated,服務已終止
cloudConnect,cloudConnect.serviceException.noClientInfo,No client info found for session: {0},No client info found for session: {0},未找到會話的客戶端資訊：{0}
cloudConnect,cloudConnect.serviceException.failedToReloadSettings,Failed to reload settings,Failed to reload settings,無法重新載入設定
cloudConnect,cloudConnect.serviceException.failedToLoadKeyPair,Failed to load key pair,Failed to load key pair,無法載入密鑰對
cloudConnect,cloudConnect.serviceException.alreadyStopped,Service already stopped,Service already stopped,服務已經停止
cloudConnect,cloudConnect.serviceException.alreadyStarted,Service already started,Service already started,服務已經開始
cloudConnect,cloudConnect.serviceException.clientLicenseFailure,Client license failure. Mango core must be licensed.,Client license failure. Mango core must be licensed.,客戶端許可失敗。 Mango 核必須獲得許可。
cloudConnect,cloudConnect.serviceException.serverLicenseFailure,"Server license failure. Free version only allows {0} starts of the server, each start is limited to {1} minutes.","Server license failure. Free version only allows {0} starts of the server, each start is limited to {1} minutes.",伺服器許可失敗。免費版本僅允許{0}啟動伺服器，每個啟動僅限於{1}分鐘。
cloudConnect,cloudConnect.serviceException.serverLicenseFailureSessions,Server license failure. Free version only allows {3} active sessions.,Server license failure. Free version only allows {3} active sessions.,伺服器許可失敗。免費版本僅允許{3}活動 session。
cloudConnect,cloudConnect.serviceException.noServerInfo,No server info found for session: {0},No server info found for session: {0},未找到會話的伺服器資訊：{0}
cloudConnect,cloudConnect.uiError.failedToStart,Failed to start \u2014 {0},Failed to start \u2014 {0},無法啟動\ U2014 {0}
cloudConnect,cloudConnect.uiError.failedToStop,Failed to stop \u2014 {0},Failed to stop \u2014 {0},無法停止\ U2014 {0}
cloudConnect,cloudConnect.uiError.failedToRestart,Failed to restart \u2014 {0},Failed to restart \u2014 {0},無法重新啟動\ U2014 {0}
cloudConnect,cloudConnect.uiError.failedToReload,Failed to reload \u2014 {0},Failed to reload \u2014 {0},無法重新載入\ U2014 {0}
cloudConnect,cloudConnect.startState.STOPPED,Stopped,Stopped,停止
cloudConnect,cloudConnect.startState.STARTING,Starting,Starting,正在開始
cloudConnect,cloudConnect.startState.STARTED,Started,Started,開始
cloudConnect,cloudConnect.startState.STOPPING,Stopping,Stopping,停下來
cloudConnect,cloudConnect.clientEvent.description,Cloud connect client events,Cloud connect client events,雲端連接客戶端端事件
cloudConnect,cloudConnect.clientEvent.disabled,Cloud connect client stopped,Cloud connect client stopped,雲端連接客戶端端停止
cloudConnect,cloudConnect.clientEvent.connected,Client connected,Client connected,客戶端連接
cloudConnect,cloudConnect.clientEvent.connectFailed,Connect failed,Connect failed,連接失敗
cloudConnect,cloudConnect.clientEvent.connectedEventMessage,Cloud connect client connected to server ''{0}:{1}'',Cloud connect client connected to server ''{0}:{1}'',雲端連接客戶端端連接到伺服器''{0}：{1}''
cloudConnect,cloudConnect.clientEvent.connectFailedEventMessage,Cloud connect client connect failed to server ''{0}:{1}'' \u2014 {2},Cloud connect client connect failed to server ''{0}:{1}'' \u2014 {2},雲端連接客戶端端連接失敗了伺服器''{0}：{1}'\ u2014 {2}
cloudConnect,cloudConnect.serverEvent.description,Cloud connect server events,Cloud connect server events,雲端連接伺服器事件
cloudConnect,cloudConnect.serverEvent.disabled,Cloud connect server stopped,Cloud connect server stopped,雲端連接伺服器停止
cloudConnect,cloudConnect.serverEvent.connected,Client connected,Client connected,客戶端連接
cloudConnect,cloudConnect.serverEvent.disconnected,Client disconnected,Client disconnected,客戶端斷開連接
cloudConnect,cloudConnect.serverEvent.connectedEventMessage,"Cloud connect client ''{0}'' connected from IP {2}, client GUID {1}","Cloud connect client ''{0}'' connected from IP {2}, client GUID {1}",雲端連接客戶端端''{0}''從ip {2}，client guid {1}連接
cloudConnect,cloudConnect.serverEvent.disconnectedEventMessage,"Cloud connect client ''{0}'' disconnected {1}, client GUID {2}","Cloud connect client ''{0}'' disconnected {1}, client GUID {2}",雲端連接客戶端端''{0}''斷開連接{1}，client guid {2}
cloudConnect,cloudConnect.serverEvent.disconnectedEventMessageNoTime,"Cloud connect client ''{0}'' disconnected, client GUID {1}","Cloud connect client ''{0}'' disconnected, client GUID {1}",雲端連接客戶端端''{0}''斷開連接，客戶端端guid {1}
cloudConnect,cloudConnect.timeUnit.SECONDS,{0} seconds ago,{0} seconds ago,{0}幾秒鐘前
cloudConnect,cloudConnect.timeUnit.MINUTES,{0} minutes ago,{0} minutes ago,{0}分鐘前
cloudConnect,cloudConnect.timeUnit.HOURS,{0} hours ago,{0} hours ago,{0}小時前
cloudConnect,cloudConnect.timeUnit.DAYS,{0} days ago,{0} days ago,{0}天前
controlcore,controlcore.description,TCP/IP to Serial Bridge to allow remote programming of a ISquared Control Core (http://www.isquared.ca) serial device.,TCP/IP to Serial Bridge to allow remote programming of a ISquared Control Core (http://www.isquared.ca) serial device.,TCP/IP到串行橋，允許遠端編程（http://www.isquared.ca）串行設備。
controlcore,dsEdit.controlcore.desc,Control Core Bridge,Control Core Bridge,控制核心橋
controlcore,dsEdit.controlcore,Control Core Bridge,Control Core Bridge,控制核心橋
controlcore,dsEdit.controlcorePoint,Control Core Bridge Data Point,Control Core Bridge Data Point,控制核心橋資料點
controlcore,dsEdit.controlcore.port,Port,Port,Port
controlcore,dsEdit.controlcore.baud,Baud rate,Baud rate,Baud rate
controlcore,dsEdit.controlcore.flowControlIn,Flow control in,Flow control in,Flow control in
controlcore,dsEdit.controlcore.flowControlOut,Flow control out,Flow control out,Flow control out
controlcore,dsEdit.controlcore.dataBits,Data bits,Data bits,Data bits
controlcore,dsEdit.controlcore.stopBits,Stop bits,Stop bits,Stop bits
controlcore,dsEdit.controlcore.parity,Parity,Parity,Parity
controlcore,dsEdit.controlcore.readTimeout,485 read timeout (ms),485 read timeout (ms),485讀取逾時（MS）
controlcore,dsEdit.controlcore.responseTimeout,485 response timeout (ms),485 response timeout (ms),485響應逾時（MS）
controlcore,dsEdit.controlcore.serialBaudRate,485 Baud Rate,485 Baud Rate,485波特率
controlcore,dsEdit.controlcore.socketTimeout,Socket Timeout,Socket Timeout,插座逾時
controlcore,dsEdit.controlcore.allowedClients,Allowed Clients,Allowed Clients,允許客戶端
controlcore,dsEdit.controlcore.portNumber,Recieving Port Number,Recieving Port Number,接收埠號號
controlcore,dsEdit.controlcore.connection,TCP/IP Port {0} ==> Comm{1},TCP/IP Port {0} ==> Comm{1},tcp/ip埠號{0} ==> comm {1}
controlcore,controlcore.error.serverSocketError,Unable to open server socket {0},Unable to open server socket {0},無法打開伺服器Socket {0}
controlcore,controlcore.error.clientError,Client error {0},Client error,客戶端端錯誤{0}
controlcore,controlcore.error.serverError,Server error {0},Server error,伺服器錯誤{0}
controlcore,controlcore.error.clientError,Client error {0},Client error,客戶端端錯誤{0}
controlcore,controlcore.error.serverError,Server error {0},Server error,伺服器錯誤{0}
controlcore,controlcore.error.commPortError,Comm Port Error. {0},Comm Port Error. {0},通信埠號錯誤。 {0}
controlcore,controlcore.error.clientSocketError,Client Socket Error. {0},Client Socket Error. {0},客戶端端Socket 錯誤。 {0}
controlcore,controlcore.error.clientSocketHeaderBad,Invalid TCP Header,Invalid TCP Header,無效的TCP標頭
controlcore,controlcore.error.clientSocketHeaderLengthBad,Header length wrong expected 12 but received {0} bytes,Header length wrong expected 12 but received {0} bytes,標題長度錯誤預期12但收到{0}字節
controlcore,controlcore.error.clientSocketHeaderSignatureBad,Header signature incorrect,Header signature incorrect,標題簽名不正確
controlcore,controlcore.error.clientSocketPayloadBad,Message payload bad. Expected {0} but only received {1} bytes,Message payload bad. Expected {0} but only received {1} bytes,消息有效載荷不好。預期{0}，但僅收到{1}字節
controlcore,controlcore.error.invalidMessageType,Message type {0} is unknown,Message type {0} is unknown,消息類型{0}是未知的
controlcore,controlcore.error.portInUse,Serial Port {0} already in use,Serial Port {0} already in use,串行埠號{0}已經在使用
controlcore,controlcore.error.noSuchPort,Serial Port {0} does not exist,Serial Port {0} does not exist,串行埠號{0}不存在
controlcore,controlcore.error.invalidChecksum,Received invalid checksum on Serial Port,Received invalid checksum on Serial Port,在串行埠號上收到了無效的校驗和
controlcore,controlcore.error.modbusTimeout,Timeout waiting for Modbus response,Timeout waiting for Modbus response,逾時等待modbus響應
controlcore,controlcore.error.serverErrorDesc,Server Error,Server Error,伺服器錯誤
controlcore,controlcore.error.clientErrorDesc,Client Error,Client Error,客戶端端錯誤
controlcore,dox.controlcoreDS,Control Core Data Source Help,Control Core Data Source Help,控制核心資料來源幫助
controlcore,dox.controlcorePP,Control Core Data Point Help,Control Core Data Point Help,控制核心資料點幫助
dashboardDesigner,dashboardDesigner.description,Dashboard design tool,Dashboard design tool,儀表板設計工具
dashboardDesigner,dashboardDesigner.pointFromWatchList,Point from watchlist,Point from watchlist,監視列表的點
dashboardDesigner,dashboardDesigner.flexbox,Flexbox,Flexbox,Flexbox
dashboardDesigner,dashboardDesigner.watchListComponents,Watch lists,Watch lists,觀看列表
dashboardDesigner,dashboardDesigner.uiSref,Link to state,Link to state,鏈接到狀態
dataFile,datafile.description,Module to handle importing data files to existing Mango points,Module to handle importing data files to existing Mango points,將導入資料檔案處理到現有 Mango 點的模塊
dataFile,datafile.point.configuration,Mapping imports from {0} to {1},Mapping imports from {0} to {1},映射從{0}導入到{1}
dataFile,dsEdit.datafile,Data File,Data File,資料檔案
dataFile,dsEdit.datafilePoint,Data File point,Data File point,資料檔案點
dataFile,dsEdit.datafile.desc,Data File,Data File,資料檔案
dataFile,dsEdit.datafile.path,Path to data file or folder,Path to data file or folder,資料檔案或檔案夾的路徑
dataFile,dsEdit.datafile.connection,File: {0},File: {0},檔案：{0}
dataFile,dsEdit.datafile.check,Check,Check,檢查
dataFile,dsEdit.datafile.deleteAfterImport,Delete files after import,Delete files after import,導入後刪除檔案
dataFile,dsEdit.datafile.createPoints,Create Missing Points,Create Missing Points,建立缺失點
dataFile,dsEdit.datafile.importedPrefix,Renamed File Prefix,Renamed File Prefix,重命名的檔案前綴
dataFile,dsEdit.datafile.mappingPoint,Maps to external point,Maps to external point,地圖到外點
dataFile,dsEdit.datafile.fileType,File type,File type,檔案類型
dataFile,dsEdit.datafile.template,Template,Template,範本
dataFile,dsEdit.datafile.toXid,Import to point with XID,Import to point with XID,導入指向XID
dataFile,dsEdit.datafile.fromIdentifier,Identifier in import document,Identifier in import document,導入文檔中的標識符
dataFile,dsEdit.datafile.toPoint,Point to import values to,Point to import values to,指嚮導入值
dataFile,dsEdit.datafile.useCron,Use Cron Pattern,Use Cron Pattern,使用Cron模式
dataFile,dsEdit.datafile.xmlType,XML,XML,XML
dataFile,dsEdit.datafile.csvType,CSV,CSV,CSV
dataFile,dsEdit.datafile.excelType,Excel,Excel,Excel
dataFile,dsEdit.datafile.excelWorkbookType,Excel workbook,Excel workbook,Excel工作簿
dataFile,dsEdit.datafile.binaryType,Binary,Binary,二進制
dataFile,dsEdit.datafile.sortValues,Sort values,Sort values,排序值
dataFile,dsEdit.datafile.pollClass,Poll class,Poll class,輪詢類別
dataFile,dsEdit.datafile.pollArguments,Poll arguments,Poll arguments,輪詢參數
dataFile,dsEdit.datafile.additionalClasspath,Additional classpath,Additional classpath,附加的class路徑
dataFile,dsEdit.datafile.fileBelowFilesStoreRoot,File is below filestore root,File is below filestore root,檔案在filestore根下面
dataFile,dsEdit.datafile.tools,Data file tools,Data file tools,資料檔案工具
dataFile,dsEdit.datafile.uploadTemplate,Upload Template/Poll class,Upload Template/Poll class,上傳範本/輪詢類
dataFile,dsEdit.datafile.importSuccess,Import successful,Import successful,匯入成功
dataFile,dsEdit.datafile.filenameMatchRegex,Filename match regex,Filename match regex,檔案名符合正規表示式
dataFile,dsEdit.datafile.invalidRegex,Invalid regex: {0},Invalid regex: {0},無效的正直：{0}
dataFile,dsEdit.datafile.fileExists,File Exists,File Exists,檔案存在
dataFile,dsEdit.datafile.fileDoesNotExist,File Does Not Exist,File Does Not Exist,檔案不存在
dataFile,dsEdit.datafile.canRead,File can be read,File can be read,檔案可以讀取
dataFile,dsEdit.datafile.pathIsNotCanonical,Path is not canonical,Path is not canonical,路徑不是規範的
dataFile,dsEdit.datafile.cannotRead,File cannot be read or does not exist,File cannot be read or does not exist,檔案不能讀取或不存在
dataFile,dsEdit.datafile.compile,Compile new Templates,Compile new Templates,編譯新範本
dataFile,dsEdit.dataFile.compilerNotFound,Compiler not found. Are you running on a JRE?,Compiler not found. Are you running on a JRE?,找不到編譯器。您在JRE上執行嗎？
dataFile,dsEdit.datafile.importFile,Import data from file,Import data from file,從檔案導入資料
dataFile,datafile.event.fileNotFound,File not found,File not found,找不到檔案
dataFile,datafile.event.renameFailed,Rename Failure: {0},Rename Failure,重命名失敗：{0}
dataFile,datafile.event.cantCreate,Point with xid: {0} exists elsewhere,Point with xid:{0} exists elsewhere,指向XID：{0}存在於其他地方
dataFile,datafile.event.csvImportProblem,Error reading CSV,Error reading CSV,錯誤讀取CSV
dataFile,datafile.event.ioException,IOException: {0},IOException: {0},ioException：{0}
dataFile,datafile.event.jaxbException,JAXBException: {0},JAXBException: {0},jaxbexception：{0}
dataFile,datafile.event.instantiationException,Instantiation Exception: {0},Instantiation Exception: {0},實體化例外：{0}
dataFile,datafile.event.failedToFind,"Failed to find all expected points, specifically: {0}","Failed to find all expected points, specifically: {0}",未能找到所有預期點，具體：{0}
dataFile,datafile.event.loadPollClassFailed,Failed to load polling class with exception: {0},Failed to load polling class with exception: {0},無法載入輪詢類別，有例外：{0}
dataFile,datafile.event.pollClassEvent,Event from poll class: {0},Event from poll class: {0},輪詢類別：{0}
dataFile,datafile.event.importClassEvent,Event from import class: {0},Event from import class: {0},來自導入類別的事件：{0}
dataFile,datafile.event.classpathFailure,Failed loading classpath: {0},Failed loading classpath: {0},失敗載入類路徑：{0}
dataFile,datafile.event.invokedClass,Exception in invoked class,Exception in invoked class,被調用課的例外
dataFile,datafile.event.pointsMissing,Not all points found in file,Not all points found in file,並非所有點都在檔案中找到
dataFile,datafile.templateFileStore.description,Data file data source template filestore,Data file data source template filestore,資料檔案資料來源範本檔案
dataFile,datafile.templateFileStore.readPermission,Data file data source template filestore read permission,Data file data source template filestore read permission,資料檔案資料來源範本檔案錄製讀取權限
dataFile,datafile.templateFileStore.writePermission,Data file data source templates filestore read permission,Data file data source templates filestore read permission,資料檔案資料來源範本檔案錄製許可
dataFile,datafile.compiledTemplateFileStore.description,Data file data source compiled template filestore,Data file data source compiled template filestore,資料檔案資料來源編譯範本檔案
dataFile,datafile.compiledTemplateFileStore.readPermission,Data file data source compiled templates filestore read permission,Data file data source compiled templates filestore read permission,資料檔案資料來源編譯範本檔案讀取權限
dataFile,datafile.compiledTemplateFileStore.writePermission,Data file data source imported files filestore read permission,Data file data source imported files filestore read permission,資料檔案資料來源導入檔案filestore讀取權限
dataFile,datafile.dox.dataFileDS,Data File Data Source Properties,Data File Data Source Properties,資料檔案資料來源屬性
dataFile,datafile.dox.dataFilePP,Data File Point Properties,Data File Point Properties,資料檔案點屬性
dataFile,datafile.dox.xmlImporters,Creating XML Import Classes,Creating XML Import Classes,建立XML導入類別
dataFile,datafile.dox.csvImporters,Creating CSV Import Classes,Creating CSV Import Classes,建立CSV導入類別
dataFile,datafile.dox.excelImporters,Creating Excel Import Classes,Creating Excel Import Classes,建立 Excel 導入類別
dataFile,datafile.dox.binaryImporters,Creating Binary Import Classes,Creating Binary Import Classes,建立二進制導入類別
dataFile,datafile.dox.pollClass,Creating Poll Classes,Creating Poll Classes,建立輪詢類
dataFile,datafile.dox.rest,REST Permissions for Uploading and Processing Files,REST Permissions for Uploading and Processing Files,上傳和處理檔案的休息權限
dataFile,datafile.rest.permission,Data File Data Source REST file upload,Data File Data Source REST file upload,資料檔案資料來源上傳檔案上傳
dataFile,datafile.rest.noFileSelected,No file selected,No file selected,未選擇檔案
dataFile,datafile.rest.sourceNotRunning,Data source not running,Data source not running,資料來源未執行
dataFile,datafile.rest.fileSubmittedSuccessfully,File submitted successfully,File submitted successfully,檔案成功提交
dataFile,datafile.rest.fileSubmissionError,File submission returned error code:,File submission returned error code:,檔案提交返回錯誤代碼：
dataFile,datafile.rest.statusRedirectToMonitor,Redirecting to monitor... refresh monitor page for updates,Redirecting to monitor... refresh monitor page for updates,重定向到監視...更新監視頁面以取得更新
dataFile,datafile.rest.error.atLeastOneFileNeeded,At least one file is needed,At least one file is needed,至少需要一個檔案
dataFile,datafile.rest.error.badStructureOrType,Compiling grounds folder for type not found: {0},Compiling grounds folder for type not found: {0},編譯地面檔案夾的類型找不到：{0}
dataFile,datafile.rest.error.badTemplateFileType,Only .java files can be uploaded to uncompiled templates: {0},Only .java files can be uploaded to uncompiled templates: {0},只能將.ja​​va檔案上傳到未編譯的範本：{0}
dataFile,datafile.rest.error.emptyTemplateFileType,File {0} had no contents and was not uploaded,File {0} had no contents and was not uploaded,檔案{0}沒有內容，也沒有上傳
dataFile,datafile.rest.error.compileFailed,Compile failed: {0},Compile failed: {0},編譯失敗：{0}
dataFile,datafile.rest.error.compileSuccess,Compile success,Compile success,編譯成功
dataFile,datafile.rest.error.unknownClassType,Unknown superclass: {0},Unknown superclass: {0},未知超類：{0}
dataFile,datafile.rest.error.invalidCompiledTemplate,Compiled template {0} is invalid because {1},Compiled template {0} is invalid because {1},編譯範本{0}是無效的，因為{1}
dataFile,datafile.rest.error.noFileStoreReadPermission,No read permission for filestore {0},No read permission for filestore {0},未讀取檔案{0}
dataFile,datafile.rest.error.noFileStoreWritePermission,No write permission for filestore {0},No write permission for filestore {0},沒有寫入入filestore {0}
dataImport,dataImport.import.noPoints,No points in import file. The first line must contain point XIDs after the date label,No points in import file. The first line must contain point XIDs after the date label,導入檔案中沒有點。第一行必須包含日期標籤後的點XID
dataImport,dataImport.import.invalidHeaders,Number of headers is invalid. Expected {0} but read {1},Number of headers is invalid. Expected {0} but read {1},標題數無效。預期{0}，但讀取{1}
dataImport,dataImport.import.badXid,Invalid XID: {0} on row {1},Invalid XID: {0} on row {1},無效的XID：{0}在行{1}上
dataImport,dataImport.import.xidNotFound,Point with XID ''{0}'' from row {1} not found,Point with XID ''{0}'' from row {1} not found,從行{1}找不到XID''{0}''
dataImport,dataImport.import.imported,Import succeeded. {0} row(s) processed.,Import succeeded. {0} row(s) processed.,匯入成功。 {0}處理。
dataImport,dataImport.import.invalidLength,Row {0} has an invalid number of columns,Row {0} has an invalid number of columns,行{0}有無效的列數
dataPointDetailsView,datapointdetailsview.description,View for Data Point Details,View for Data Point Details,檢視資料點詳細資訊
dataPointDetailsView,datapointdetailsview.rollup.accumulator,Accumulator,Accumulator,累加器
dataPointDetailsView,datapointdetailsview.rollup.delta,Delta,Delta,三角洲
dataPointDetailsView,datapointdetailsview.rollup.sum,Sum,Sum,和
dataPointDetailsView,datapointdetailsview.rollup.integral,Integral,Integral,不可缺少的
dataPointDetailsView,datapointdetailsview.graphType.step,Step,Step,步
dataPointDetailsView,datapointdetailsview.graphType.line,Line,Line,線
dataPointDetailsView,datapointdetailsview.graphType.smoothedLine,Smoothed line,Smoothed line,平滑線
dataPointDetailsView,datapointdetailsview.graphType.column,Bar,Bar,酒吧
dataPointDetailsView,datapointdetailsview.graphType.accumulator,Accumulator,Accumulator,累加器
dataPointDetailsView,datapointdetailsview.history.useInHistory,Use these settings in the history table,Use these settings in the history table,在歷史表中使用這些設定
dataPointDetailsView,datapointdetailsview.history.realtime,Real-time history,Real-time history,實時歷史
dataPointDetailsView,datapointdetailsview.history.history,History,History,歷史
dataPointDetailsView,datapointdetailsview.history.noDataFound,No data found,No data found,找不到資料
dataPointDetailsView,datapointdetailsview.validate.incorrectFormat,Incorrect format for this point,Incorrect format for this point,這一點的格式不正確
dataPointDetailsView,datapointdetailsview.searchPointsBy,Search by,Search by,搜尋
dataPointDetailsView,datapointdetailsview.error.tooManyPointValuesToChart,Cannot chart {0} point values. Limit is {1}. Use Rollup or Export data.,Cannot chart {0} point values. Limit is {1}. Use Rollup or Export data.,無法圖表{0}點值。限制為{1}。使用匯總或導出資料。
dataPointDetailsView,datapointdetailsview.error.errorSavingPoint,Error saving point value: '{0}' {1}.,Error saving point value: '{0}' {1}.,錯誤保存點值：'{0}'{1}。
dataPointDetailsView,datapointdetailsview.error.errorSavingNote,Error saving note: '{0}',Error saving note: '{0}',錯誤保存注意：'{0}'
dataPointDetailsView,datapointdetailsview.error.noData,No data for range,No data for range,沒有範圍的資料
dataPointDetailsView,datapointdetailsview.error.requestFailed,Request failed: {0},Request failed: {0},請求失敗：{0}
dataPointDetailsView,datapointdetailsview.error.errorLoadingData,There was an error loading the data: {0},There was an error loading the data: {0},載入資料有一個錯誤：{0}
dataPointDetailsView,datapointdetailsview.notes.noteTitle,{0} by {1},{0} by {1},{0}由{1}
dataPointDetailsView,datapointdetailsview.notes.enterANote,Enter a note,Enter a note,輸入註釋
dataPointDetailsView,datapointdetailsview.notes.noNotes,No notes found,No notes found,找不到筆記
dataPointDetailsView,datapointdetailsview.stats.startsAndRuntimes,Summary,Summary,概括
dataPointDetailsView,datapointdetailsview.stats.proportion,Proportion,Proportion,部分
dataPointDetailsView,datapointdetailsview.permissions,Data Point Details View Permissions,Data Point Details View Permissions,資料點詳細資訊檢視權限
deviceConfig,deviceConfig.description,Device config and templating,Device config and templating,設備配置和範本
deviceConfig,deviceConfig.voltagePrimary,Voltage primary,Voltage primary,電壓初級
deviceConfig,deviceConfig.voltageSecondary,Voltage secondary,Voltage secondary,電壓次級
deviceConfig,deviceConfig.currentPrimary,Current primary,Current primary,當前主要
deviceConfig,deviceConfig.currentSecondary,Current secondary,Current secondary,當前次要
deviceConfig,deviceConfig.enerPowDivider,Energy/power divider,Energy/power divider,能量/功率分隔器
deviceConfig,deviceConfig.connectionParameters,Connection parameters,Connection parameters,連接參數
deviceConfig,deviceConfig.useExistingDatasource,Use an existing datasource,Use an existing datasource,使用現有資料來源
deviceConfig,deviceConfig.deviceId,Device ID,Device ID,設備ID
deviceConfig,deviceConfig.slaveId,Slave #{0},Slave #{0},從＃{0}
deviceConfig,deviceConfig.hwRevision,Hardware revision,Hardware revision,硬體修訂
deviceConfig,deviceConfig.wye,WYE,WYE,懷
deviceConfig,deviceConfig.delta,Delta,Delta,三角洲
deviceConfig,deviceConfig.singlePhase,Single phase,Single phase,單相
deviceConfig,deviceConfig.lineFrequency,Line frequency,Line frequency,線頻率
deviceConfig,deviceConfig.dataScalar,Data scalar,Data scalar,資料標量
deviceConfig,deviceConfig.ctAmpsMultiplier,CT{0} Amps Multiplier,CT{0} Amps Multiplier,CT {0} AMPS乘數
dnp3,dnp3.description,DNP3 data source,DNP3 data source,DNP3資料來源
dnp3,dsEdit.dnp3Ip,DNP3 IP,DNP3 IP,DNP3 IP
dnp3,dsEdit.dnp3IpPoint,DNP3 IP Data Point,DNP3 IP Data Point,DNP3 IP資料點
dnp3,dsEdit.dnp3Serial,DNP3 Serial,DNP3 Serial,DNP3系列
dnp3,dsEdit.dnp3SerialPoint,DNP3 Serial Data Point,DNP3 Serial Data Point,DNP3序列資料點
dnp3,dsEdit.dnp3.descIp,DNP3 IP Properties,DNP3 IP Properties,DNP3 IP屬性
dnp3,dsEdit.dnp3.descSerial,DNP3 Serial Properties,DNP3 Serial Properties,DNP3串行屬性
dnp3,dsEdit.dnp3.synchPeriods,Relative static data poll ratio,Relative static data poll ratio,相對靜態資料輪詢比
dnp3,dsEdit.dnp3.scanEventsOnSync,Scan all classes on static data poll,Scan all classes on static data poll,掃描靜態資料輪詢的所有課程
dnp3,dsEdit.dnp3.timeout,Timeout (ms),Timeout (ms),逾時（MS）
dnp3,dsEdit.dnp3.retries,Retries,Retries,重試
dnp3,dsEdit.dnp3.sourceAddress,Source address,Source address,源地址
dnp3,dsEdit.dnp3.slaveAddress,Slave Address,Slave Address,從地址
dnp3,dsEdit.dnp3Ip.host,Host,Host,主機
dnp3,dsEdit.dnp3Ip.port,Port,Port,埠號
dnp3,dsEdit.dnp3Serial.baud,Baud rate,Baud rate,波特率
dnp3,dsEdit.dnp3Serial.commPortId,Port,Port,埠號
dnp3,dsEdit.dnp3.index,Index,Index,指數
dnp3,dsEdit.dnp3.dataType,Data Type,Data Type,資料類型
dnp3,dsEdit.dnp3.binaryInput,Binary Input,Binary Input,二進制輸入
dnp3,dsEdit.dnp3.binaryOutput,Binary Output,Binary Output,二進制輸出
dnp3,dsEdit.dnp3.analogInput,Analog Input,Analog Input,類比輸入
dnp3,dsEdit.dnp3.analogOutput,Analog Output,Analog Output,類比輸出
dnp3,dsEdit.dnp3.runningCounter,Counter,Counter,櫃檯
dnp3,dsEdit.dnp3.addMany,Add multiple data points,Add multiple data points,新增多個資料點
dnp3,dsEdit.dnp3.minIndex,Min index,Min index,最小索引
dnp3,dsEdit.dnp3.maxIndex,Max index ,Max index ,最大索引
dnp3,dsEdit.dnp3.operateMode,Operation Mode,Operation Mode,操作模式
dnp3,dsEdit.dnp3.controlCommand,Control command,Control command,控制命令
dnp3,dsEdit.dnp3.timeOn,ON time,ON time,準時
dnp3,dsEdit.dnp3.timeOff,OFF time,OFF time,OFF time
dnp3,dsEdit.dnp3.validate.indexUsed,This dnp3 group and index already in use,Index already in use,此DNP3組和索引已經在使用
dnp3,dsEdit.dnp3.validate.mustReadOneClass,Must read at least one class of data,Must read at least one class of data,必須至少讀取一類資料
dnp3,dsEdit.dnp3.sbo,Select Before Operate,SBO,SBO
dnp3,dsEdit.dnp3.direct,Direct Operate,Direct,Direct
dnp3,dsEdit.dnp3.directNoAck,Direct Operate No Ack,Direct No Ack,Direct No Ack
dnp3,dsEdit.dnp3.closeTrip,Close/Trip,Close Trip,Close Trip
dnp3,dsEdit.dnp3.pulse,Pulse ON/OFF,Pulse,Pulse
dnp3,dsEdit.dnp3.latch,Latch ON/OFF,Latch,Latch
dnp3,dsEdit.dnp3.dataClass,Data class,Data class,Data class
dnp3,dsEdit.dnp3.dataClass0,Class 0,Class 0,Class 0
dnp3,dsEdit.dnp3.dataClass1,Class 1,Class 1,Class 1
dnp3,dsEdit.dnp3.dataClass2,Class 2,Class 2,Class 2
dnp3,dsEdit.dnp3.dataClass3,Class 3,Class 3,Class 3
dnp3,dsEdit.dnp3.analogOutputSetVariation,Set value format,Set value format,設定值格式
dnp3,dsEdit.dnp3.analogOutput32,32 bit integer,32 bit integer,32位整數
dnp3,dsEdit.dnp3.analogOutput16,16 bit integer,16 bit integer,16位整數
dnp3,dsEdit.dnp3.analogOutput32Float,32 bit floating point,32 bit floating point,32位浮點
dnp3,dsEdit.dnp3.analogOutput64Float,64 bit floating point,64 bit floating point,64位浮點
dnp3,dsEdit.dnp3.8bitIndex,8 bit index,8 bit index,8位索引
dnp3,dsEdit.dnp3.16bitIndex,16 bit index,16 bit index,16位索引
dnp3,dsEdit.dnp3.indexSize,Index address size,Index address size,索引地址大小
dnp3,dsEdit.dnp3.multiplier,Multiplier,Multiplier,乘數
dnp3,dsEdit.dnp3.additive,Additive,Additive,新增劑
dnp3,dsEdit.dnp3.multiplierOffsetCalculator,Multiplier and offset calculator,Multiplier and offset calculator,乘數和偏移計算器
dnp3,dsEdit.dnp3.sensorMin,Sensor minimum,Sensor minimum,傳感器最小值
dnp3,dsEdit.dnp3.sensorMax,Sensor maximum,Sensor maximum,傳感器最大
dnp3,dsEdit.dnp3.engineeringMin,Engineering minimum,Engineering minimum,工程最低
dnp3,dsEdit.dnp3.engineeringMax,Engineering maximum,Engineering maximum,工程最大
dnp3,dox.dnp3SerialDS,Data source DNP3 Serial,Data source DNP3 Serial,資料來源DNP3系列
dnp3,dox.dnp3IpDS,Data source DNP3 IP,Data source DNP3 IP,資料來源DNP3 IP
dnp3,dox.dnp3PP,DNP3 PP,DNP3 PP,dnp3 pp
dnp3,dsEdit.dnp3.bulkDataPointCreate,Bulk Data Point Create,Bulk Data Point Create,批量資料點建立
dnp3,dsEdit.dnp3.createDataPoints,Create data points,Create data points,建立資料點
dnp3,dsEdit.dnp3.minIndexMaxIndexError,'minIndex' must be less than 'maxIndex','minIndex' must be less than 'maxIndex',“ MinIndex”必須小於“ maxindex”
dnp3,dsEdit.dnp3Serial.dataBits,Data Bits,Data Bits,Data Bits
dnp3,dsEdit.dnp3Serial.stopBits,Stop Bits,Stop Bits,Stop Bits
dnp3,dsEdit.dnp3Serial.parity,Parity,Parity,Parity
dnp3,dsEdit.dnp3.invalidCommand,"Invalid DNP3 Write Command. Valid Commands: 1/0, true/false, pon/poff, lon/loff,close/trip","Invalid DNP3 Write Command. Valid Commands: 1/0, true/false, pon/poff, lon/loff,close/trip",無效的DNP3寫入命令。有效命令：1/0，True/fals，Pon/Poff，Lon/Loff，Close/Trip
dnp3,dsEdit.dnp3.internalIndication,Internal indication received,Internal indication received,內部指示收到
dnp3,dsEdit.dnp3.internalIndication.deviceTrouble,Device trouble received,Device trouble received,設備故障收到
dnp3,dsEdit.dnp3.internalIndication.codeNotSupported,Code not supported received,Code not supported received,不支持收到的代碼
dnp3,dsEdit.dnp3.internalIndication.objectUnknown,Object unknown received,Object unknown received,未知的對象收到
dnp3,dsEdit.dnp3.internalIndication.parameterError,Parameter error received,Parameter error received,收到的參數錯誤
dnp3,dsEdit.dnp3.internalIndication.eventBufferOverflow,Event buffer overflow received,Event buffer overflow received,事件緩衝區收到
dnp3,dsEdit.dnp3.internalIndication.configurationCorrupt,Configuration corrupt received,Configuration corrupt received,配置損壞收到
dnp3,dsEdit.dnp3.controlStatus.timeout,Timeout,Timeout,暫停
dnp3,dsEdit.dnp3.controlStatus.noSelect,Must select first,Must select first,必須首先選擇
dnp3,dsEdit.dnp3.controlStatus.formatError,Format error,Format error,格式錯誤
dnp3,dsEdit.dnp3.controlStatus.notSupported,Not supported,Not supported,不支持
dnp3,dsEdit.dnp3.controlStatus.alreadyActive,Already active,Already active,已經活躍了
dnp3,dsEdit.dnp3.controlStatus.hardwareError,Hardware control error,Hardware control error,硬體控制錯誤
dnp3,dsEdit.dnp3.controlStatus.local,Device in local mode,Device in local mode,設備處於本地模式
dnp3,dsEdit.dnp3.controlStatus.tooManyObjs,Too many objects in request,Too many objects in request,請求中的對象太多
dnp3,dsEdit.dnp3.controlStatus.notAuthorized,Not authorized,Not authorized,未經授權
dnp3,dsEdit.dnp3.controlStatus.automationInhibit,Automation inhibited,Automation inhibited,自動化被抑制
dnp3,dsEdit.dnp3.controlStatus.processingLimited,Station processing limited,Station processing limited,電台處理有限公司
dnp3,dsEdit.dnp3.controlStatus.outOfRange,Out of range,Out of range,超出範圍
dnp3,dsEdit.dnp3.controlStatus.notParticipating,Will not perform,Will not perform,不會執行
egauge,egauge.desc,eGauge Data Source,eGauge Data Source,EGAUGE資料來源
egauge,dsEdit.egauge,eGauge,eGauge,EGAUGE
egauge,dsEdit.egaugePoint,eGauge Data Point,eGauge Data Point,EGAUGE資料點
egauge,egauge.connDesc,URI: {0},URI: {0},URI：{0}
egauge,dsEdit.egauge.uri,URI,URI,Uri
egauge,dsEdit.egauge.historyPeriods,History Period,History Period,歷史時期
egauge,dsEdit.egauge.retries,Retries,Retries,重試
egauge,dsEdit.egauge.timeoutSeconds,Timeout Seconds,Timeout Seconds,逾時秒
egauge,dsEdit.egauge.tot,Totaling Registers,Totaling Registers,總寄存器
egauge,dsEdit.egauge.noTeam,No Team Registers,No Team Registers,沒有團隊記錄
egauge,dsEdit.egauge.teamstat,Team Status,Team Status,團隊身份
egauge,dsEdit.egauge.inst,Instantaneous Readings,Instantaneous Readings,瞬時讀數
egauge,dsEdit.egauge.createPoints,Create Missing Points,Create Missing Points,建立缺失點
egauge,dsEdit.egauge.configurationCount,Configuration Counter,Configuration Counter,配置計數器
egauge,dsEdit.egauge.plConfigDesc,Name: {0},Name: {0},名稱：{0}
egauge,dsEdit.egauge.queryHistory,Query History,Query History,查詢歷史記錄
egauge,dsEdit.egauge.convertToKwh,Convert to kWh,Convert to kWh,轉換為kwh
egauge,dsEdit.egauge.interpolateInstantaneous,Interpolate Instantaneous,Interpolate Instantaneous,插入瞬時
egauge,dsEdit.egauge.readBufferSizeMB,History Buffer Size (MB),History Buffer Size (MB),歷史緩衝尺寸（MB）
egauge,dsEdit.egauge.immediateReadBufferSizeMB,Buffer (MB),Buffer (MB),緩衝區（MB）
egauge,dsEdit.egauge.registerName,Register Name,Register Name,登記名稱
egauge,dsEdit.egauge.totallingRegister,Totaling Register,Totaling Register,總寄存器
egauge,dsEdit.egauge.registerType,Register Type,Register Type,註冊類型
egauge,dsEdit.egauge.cumulative,Cumulative,Cumulative,累積
egauge,dsEdit.egauge.instantaneous,Instantaneous,Instantaneous,瞬間
egauge,dsEdit.egauge.query,Query,Query,詢問
egauge,dsEdit.egauge.sequentialQuery,Sequential Query,Sequential Query,順序查詢
egauge,dsEdit.egauge.querying,Querying...,Querying...,查詢...
egauge,dsEdit.egauge.mustEnable,Data Source must be enabled for history querying,Data Source must be enabled for history querying,必須啟用資料來源以進行歷史記錄查詢
egauge,dsEdit.egauge.historyParsed,Parsed {0} rows of historical data,Parsed {0} rows of historical data,解析{0}歷史資料行
egauge,dsEdit.egauge.multiplier,Multiplier,Multiplier,乘數
egauge,dsEdit.egauge.offset,Offset,Offset,抵消
egauge,dsEdit.egauge.historyPeriod,History Begin,History Begin,歷史開始
egauge,dsEdit.egauge.historyPeriodEnd,Relative End,Relative End,相對端
egauge,egauge.event.error,Error - {0},Error - {0},錯誤 -  {0}
egauge,egauge.event.retrievalFailure,Failure to retrieve data,Failure to retrieve data,無法檢索資料
egauge,egauge.event.historyGap,Gap in point history detected,Gap in point history detected,檢測到點歷史的差距
egauge,egauge.event.teamCommunicationFailure,Team Communication Disruption,Team Communication Disruption,團隊溝通中斷
egauge,egauge.event.configuration,Configuration Change,Configuration Change,配置更改
egauge,egauge.event.badResponse,"Bad response: status code {1}, from uri {0}","Bad response: status code {1}, from uri {0}",不良響應：狀態代碼{1}，來自uri {0}
egauge,egauge.event.parseError,Error parsing number: {0},Error parsing number: {0},錯誤解析號：{0}
egauge,egauge.event.parseMetaError,Error parsing message information in history query.,Error parsing message information in history query.,錯誤解析消息資訊在歷史記錄查詢中。
egauge,egauge.event.parseErrorBuffer,"History Query Parsing error, is the buffer large enough?","History Query Parsing error, is the buffer large enough?",歷史查詢解析錯誤，緩衝區足夠大嗎？
egauge,egauge.event.parseErrorEvent,Parsing Error,Parsing Error,解析錯誤
egauge,egauge.event.licenseRestriction,License Restriction Enforced,License Restriction Enforced,執行許可限制
egauge,egauge.event.jaxbError,Error unmarshalling data stream. Does your egauge allow v1 formatting?,Error unmarshalling data stream. Does your egauge allow v1 formatting?,錯誤刪除資料流。您的EGAUGE是否允許V1格式化？
egauge,egauge.validate.multiplierCannotBeZero,Cannot use a zero multiplier.,Cannot use a zero multiplier.,不能使用零乘數。
egauge,egauge.dox.egaugeDS,eGauge Data Source,eGauge Data Source,EGAUGE資料來源
egauge,egauge.dox.egaugePP,eGauge Point Properties,eGauge Point Properties,EGAUGE點屬性
envcands,envcands.description,Data source that reads data from Environment Canada web pages,Data source that reads data from Environment Canada web pages,來自加拿大環境環境網頁的資料來源的資料來源
envcands,envcands.desc,Environment Canada,Environment Canada,加拿大環境部
envcands,envcands.dsconn,Station id {0},Station id {0},站台ID {0}
envcands,envcands.stationId,Station id,Station id,站台ID
envcands,dsEdit.envcands,Environment Canada,Environment Canada,Environment Canada
envcands,dsEdit.envcandsPoint,Environment Canada Data Point,Environment Canada Data Point,Environment Canada Data Point
envcands,envcands.attr,Attribute,Attribute,屬性
envcands,envcands.attr.temp,Temperature,Temperature,溫度
envcands,envcands.attr.dewPointTemp,Dew Point Temperature,Dew Point Temperature,露點溫度
envcands,envcands.attr.relHum,Relative Humidity,Relative Humidity,相對濕度
envcands,envcands.attr.windDir,Wind Direction,Wind Direction,風向
envcands,envcands.attr.windSpeed,Wind Speed,Wind Speed,風速
envcands,envcands.attr.visibility,Visibility,Visibility,能見度
envcands,envcands.attr.stnPress,Station Pressure,Station Pressure,站台壓力
envcands,envcands.attr.humidex,Humidex,Humidex,humidex
envcands,envcands.attr.windChill,Wind Chill,Wind Chill,風冷
envcands,envcands.attr.weather,Weather,Weather,天氣
envcands,envcands.retrievalError,Error retrieving weather data: {1},Error retrieving weather data: {1},錯誤檢索天氣資料：{1}
envcands,envcands.dataStartTime,Data start time,Data start time,資料開始時間
envcands,envcands.event.noTemperatureData,No temperature data for station at data start time.,No temperature data for station at data start time.,資料開始時間沒有站台的溫度資料。
envcands,dox.envCanDS,Environment Canada Data Source,Environment Canada Data Source,Environment Canada Data Source
envcands,dox.envCanPP,Environment Canada Point Properties,Environment Canada Point Properties,Environment Canada Point Properties
excelReports,excelreports.description,Page for creating and editing point Excel reports.,Page for creating and editing point Excel reports.,用於建立和編輯點Excel報告的頁面。
excelReports,excelreports.email,Email,Email,電子郵件
excelReports,excelreports.emailModelScript,Email model script,Email model script,電子郵件模型腳本
excelReports,excelreports.emailRecipients,Email recipients,Email recipients,電子郵件收件人
excelReports,excelreports.emport.point.missingAttr,Report point missing attribute ''{0}'',Report point missing attribute ''{0}'',報告點缺少屬性''{0}'''
excelReports,excelreports.emport.pointDNE,Excel Report point with xid ''{0}'' does not exist,Excel Report point with xid ''{0}'' does not exist,不存在帶有XID'{0}'的Excel報告點
excelReports,excelreports.event.licenseBreach,"Excel Reports module has too many templates created, Mango will shutdown at {0}, please remove templates and restart.","Excel Reports module has too many templates created, Mango will shutdown at {0}, please remove templates and restart.",Excel報告模塊建立了太多範本， Mango 將在{0}關閉，請刪除範本並重新啟動。
excelReports,excelreports.event.licenseViolated,Excel Reports module is licensed for fewer templates than exist. Remove templates to have module function again.,Excel Reports module is licensed for fewer templates than exist. Remove templates to have module function again.,Excel Reports Module的範本比存在更少的範本許可。刪除範本以再次具有模塊功能。
excelReports,excelreports.failureReason,Failure: {0},Failure: {0},失敗：{0}
excelReports,excelreports.finishedReports,Finished / in-progress reports,Finished / in-progress reports,完成 /過程中報告
excelReports,excelreports.license.limitReached,"License limit of {0} reached, you already have {1} template(s)","License limit of {0} reached, you already have {1} template(s)",達到{0}的許可限制，您已經有{1}範本（S）
excelReports,excelreports.noInstances,No report instances to list,No report instances to list,沒有報告實體列出
excelReports,excelreports.noPoints,No points have been added,No points have been added,沒有新增點
excelReports,excelreports.noRecipientsToList,No recipients to list,No recipients to list,沒有收件人列出
excelReports,excelreports.noTemplates,No templates to list,No templates to list,沒有列出的範本
excelReports,excelreports.noTimePeriods,No time periods to list,No time periods to list,沒有列出的時間段
excelReports,excelreports.notSpecified,Not specified,Not specified,未指定
excelReports,excelreports.postProcessingScript,Post processing script,Post processing script,後處理腳本
excelReports,excelreports.reportRecords,Records,Records,記錄
excelReports,excelreports.reportState,State,State,狀態
excelReports,excelreports.reportState.timePeriodNotSpecified,One or more time periods are not specified.,One or more time periods are not specified.,未指定一個或多個時間段。
excelReports,excelreports.reportState.queued,Queued,Queued,排隊
excelReports,excelreports.runDuration,Run duration (ms),Run duration,執行持續時間（MS）
excelReports,excelreports.runTimeStart,Run time start,Run time start,執行時間開始
excelReports,excelreports.scheduleThisTemplate,Schedule this template to be run periodically,Schedule this template to be run periodically,安排此範本要定期執行
excelReports,excelreports.specific,Specific,Specific,具體的
excelReports,excelreports.template,Template,Template,範本
excelReports,excelreports.templateEditPermission,Edit permission,Edit permission,編輯權限
excelReports,excelreports.templateFile,Template file,Template file,範本檔案
excelReports,excelreports.templates,Report templates,Report templates,報告範本
excelReports,excelreports.timePeriod,Time period,Time period,時間段
excelReports,excelreports.timePeriodName,Time period {0},Time period {0},時間段{0}
excelReports,excelreports.timePeriods,Time periods,Time periods,時間段
excelReports,excelreports.timeValuesLocation,Location for time values,Location for time values,時間值的位置
excelReports,excelreports.uploading,Uploading {0},Uploading {0},上傳{0}
excelReports,excelreports.current,Current,Current,當前的
excelReports,excelreports.ago,Ago,Ago,前
excelReports,excelreports.timeSeries,Time series,Time series,時間序列
excelReports,excelreports.scheduledReport,Scheduled report - {0},Scheduled report - {0},計劃報告 -  {0}
excelReports,excelreports.setPointAnnotation,Excel Report XID {0},Excel Report XID {0},Excel報告XID {0}
excelReports,excelreports.runReport,"Run and download report ""{0}""","Run and download report ""{0}""",執行並下載報告“ {0}”
excelReports,excelreports.errorRunningReport,Error running report: {0},Error running report: {0},錯誤執行報告：{0}
excelReports,excelreports.runExcelReport,Run Excel report,Run Excel report,執行Excel報告
excelReports,excelreports.filesCount,Number of completed Excel report instance files,Number of completed excel report instance files in excelReports/web/report-data/,已完成的Excel報告實體檔案的數量
excelReports,excelreports.filesSize,Disk size of Excel reports directory (bytes),Disk size of excelReports/web/report-data/,Excel報告目錄的磁盤大小（字節）
excelReports,excelreports.templateFilesCount,Number of Excel report templates,Number of excel report templates in excelReports/web/templates,Excel報告範本的數量
excelReports,excelreports.templateFilesSize,Disk size of Excel report templates (bytes),Disk size of excelReports/web/templates,Excel報告範本的磁盤尺寸（字節）
excelReports,excelreports.pointsSelected,Select data points ({0} points currently selected),Select data points ({0} points currently selected),選擇資料點（{0}當前​​選擇的點）
excelReports,excelreports.validate.dateRangeMustBeSpecified,Date range required for scheduled reports ,Date range required for scheduled reports,預定報告所需的日期範圍
excelReports,excelreports.validate.invalidMailingList,Invalid mailing list,Invalid mailing list,無效的郵件列表
excelReports,excelreports.validate.invalidRelativeDateType,Invalid relative date type,Invalid relative date type,無效的相對日期類型
excelReports,excelreports.validate.invalidRollup,Invalid rollup setting,Invalid rollup setting,無效的匯總設定
excelReports,excelreports.validate.invalidTimePeriod,Invalid time period,Invalid time period,無效時間
excelReports,excelreports.validate.nameCannotBeEmpty,Name cannot be empty,Name cannot be empty,名稱不能為空
excelReports,excelreports.validate.needPoint,At least one point must be added,At least one point must be added,至少必須新增一個點
excelReports,excelreports.validate.needRecip,At least one recipient must be added,At least one recipient must be added,必須至少新增一個收件人
excelReports,excelreports.validate.needFile,A valid Excel file must be added,A valid Excel file must be added,必須新增有效的Excel檔案
excelReports,excelreports.validate.needEmailTemplate,A valid email template file must be added,A valid email template file must be added,必須新增有效的電子郵件範本檔案
excelReports,excelreports.validate.needTimeSerie,At least one time period must be added,At least one time period must be added,必須至少新增一個時間段
excelReports,excelreports.validate.needNamedRange,Location for Time Values must be filled,Location for Time Values must be filled,時間值必須填充
excelReports,excelreports.validate.periodCountLessThan1,Period count cannot be less than 1,Period count cannot be less than 1,週期數不能小於1
excelReports,excelreports.validate.rangeAlreadyAssigned,Range with name {0} already assigned,Range with name {0} already assigned,範圍與已分配的名稱{0}
excelReports,excelreports.validate.rangeDoesNotExist,Named range does not exist in template,Named range does not exist in template,範本中不存在命名範圍
excelReports,excelreports.validate.reportFileDNE,Report file not found,Report file not found,未找到報告檔案
excelReports,excelreports.validate.scriptError,Syntax error in script: {0},Syntax error in script: {0},腳本中的語法錯誤：{0}
excelReports,excelreports.validate.templateDNE,Report template file not found,Report template file not found,未找到報告範本檔案
excelReports,excelreports.validate.templateFileError,Template file error {0},Template file error {0},範本檔案錯誤{0}
excelReports,excelreports.validate.templateInvalidFileType,Template file is not an excel file,Template file is not an excel file,範本檔案不是Excel檔案
excelReports,excelreports.validate.userDNE,User does not exist,User does not exist,用戶不存在
excelReports,excelreports.validate.unmatchedNamedRange,No compatible named range found for ''{0}'',No compatible named range found for ''{0}'',沒有兼容的名稱範圍為“ {0}''
excelReports,excelreports.validate.invalidNamedRangePeriod,"Named range ''{0}'' invalid, no ''.'' are allowed in range names","Named range ''{0}'' invalid, no ''.'' are allowed in range names",命名範圍'{0}'''無效，否'。 ''
excelReports,excelreports.validate.invalidNamedRangeEmpty,Cannot have empty named range,Cannot have empty named range,不能有空名稱範圍
excelReports,excelreports.validate.incompatibleRollupForDataType,Incompatible rollup for the data type of point {0},Incompatible rollup for the data type of point {0},點{0}的資料類型的不兼容匯總
excelReports,excelreports.emport.templateVoDNE,Report Template with XID {0} not found,Report Template with XID {0} not found,未找到的XID {0}的報告範本
excelReports,excelreports.emport.specificRangeIncomplete,"You must specify a start and finish Year, Month, Day, Hour, Minute, and Second \","You must specify a start and finish Year, Month, Day, Hour, Minute, and Second \",您必須指定年開始和結束的年，每月，每日，小時，分鐘和第二個
excelReports,excelreports.ui.activeReportTemplate,activeReportTemplate,activeReportTemplate,ActiveRePortTeptlate
excelReports,excelreports.ui.inactiveReportTemplate,inactiveReportTemplate,inactiveReportTemplate,InactiverePortTepplate
excelReports,excelreports.ui.editTemplate,Edit template '{0}',Edit template '{0}',編輯範本'{0}'
excelReports,excelreports.ui.periodType,Period type,Period type,週期類型
excelReports,excelreports.ui.periodCount,Period count,Period count,時期計數
excelReports,excelreports.ui.rollup,Rollup,Rollup,滾動
excelReports,excelreports.ui.rollupType,Rollup type,Rollup type,滾動類型
excelReports,excelreports.ui.rollupPeriod,Rollup period,Rollup period,匯總期
excelReports,excelreports.ui.locationForTimeValues,Location for time values,Location for time values,時間值的位置
excelReports,excelreports.ui.exportId,Export ID (XID),Export ID (XID),導出ID（XID）
excelReports,excelreports.ui.reportTemplateNotSaved,Report Template not saved - {0},Report Template not saved - {0},報告範本未保存 -  {0}
excelReports,excelreports.ui.reportTemplateDeleted,Report template deleted,Report template deleted,報告範本已刪除
excelReports,excelreports.ui.reportTemplateNotDeleted,Report Template not deleted,Report Template not deleted,報告範本未刪除
excelReports,excelreports.ui.confirmDeleteTemplate,Delete template?,Delete template?,刪除範本？
excelReports,excelreports.ui.watch,Watch,Watch,手錶
excelReports,excelreports.ui.selectTemplateFile,Select template file,Select template file,選擇範本檔案
excelReports,excelreports.ui.editNameAndPermissions,"Edit name, XID and permissions","Edit name, XID and permissions",編輯名稱，XID和權限
excelReports,excelreports.ui.showScript,Show script,Show script,顯示腳本
excelReports,excelreports.ui.reportNotDeleted,Report not deleted,Report not deleted,報告未刪除
excelReports,systemSettings.excelreports.purgeUsingSettings,Purge reports using purge settings now?,Purge reports using purge settings now?,現在使用清除設定清除報告？
excelReports,systemSettings.excelreports.workItemPriority,Work item priority,Work item priority,工作項目優先級
excelReports,systemSettings.excelreports.purgeSuccess,"{deleted, plural, =0{none to delete} =1{deleted 1 report} other{deleted # reports}}","{deleted, plural, =0{none to delete} =1{deleted 1 report} other{deleted # reports}}",{刪除，複數，= 0 {none delete} = 1 {刪除1報告}其他{刪除＃Reports}}}}
excelReports,permission.exception.excelreports.readReport,User ''{0}'' does not have permission to read the report,User ''{0}'' does not have permission to read the report,用戶''{0}''無權讀取報告
excelReports,permission.exception.excelreports.editReportTemplate,User ''{0}'' does not have permission to edit the report template,User ''{0}'' does not have permission to edit the report template,用戶''{0}''沒有權限編輯報告範本
excelReports,permission.exception.excelreports.notReportTemplateOwner,User ''{0}'' is not the report template owner,User ''{0}'' is not the report template owner,用戶''{0}'不是報告範本所有者
excelReports,permission.exception.excelreports.notReportOwner,User ''{0}'' is not the report owner,User ''{0}'' is not the report owner,用戶'{0}'不是報告所有者
excelReports,excelReports.postProcessingUtility.sheetNotFound,Sheet {0} not found,Sheet {0} not found,{0}找不到
excelReports,excelReports.postProcessingUtility.setSheetValue,Setting {0} into sheet: {1} column: {2} row: {3},Setting {0} into sheet: {1} column: {2} row: {3},將{0}設定為表格：{1}列：{2}行：{3}
excelReports,excelReports.postProcessingUtility.setNamedRangeValue,Setting {0} into range: {1},Setting {0} into range: {1},將{0}設定為範圍：{1}
excelReports,excelReports.postProcessingUtility.namedRangeNotOpen,Must call openNamedRange before writing to it,Must call openNamedRange before writing to it,在寫入信之前必須致電opennamedrange
excelReports,excelReports.templateFileStore.description,Excel report templates,Excel report templates,Excel報告範本
excelReports,excelReports.fileStore.description,Excel reports,Excel reports,Excel報告
excelReports,excelReports.fileStoreWritePermission,Excel report file store write permission,Excel report file store write permission,excel報告檔案存儲寫入入許可
excelReports,excelReports.fileStoreReadPermission,Excel report file store read permission,Excel report file store read permission,Excel報告檔案商店讀取許可
excelReports,excelReports.handler,Excel report,Excel report,Excel報告
excelReports,reports.handler.selectReportTemplates,Select report templates,Select report templates,選擇報告範本
galil,galil-ds.description,Data source for polling and controlling Galil equipment,Data source for polling and controlling Galil equipment,輪詢和控制Galil設備的資料來源
galil,dox.galilPP,Galil point properties,Galil point properties,Galil點特性
galil,dox.galilDS,Galil data source,Galil data source,Galil資料來源
galil,dsEdit.galil,Galil DMC-21x2,Galil DMC-21x2,Galil DMC-21X2
galil,dsEdit.galil.type,Type,Type,類型
galil,dsEdit.galil.desc,Galil data source properties,Galil data source properties,Galil資料來源屬性
galil,dsEdit.galil.host,Host,Host,主機
galil,dsEdit.galil.port,Port,Port,埠號
galil,dsEdit.galil.timeout,Timeout (ms),Timeout (ms),逾時（MS）
galil,dsEdit.galil.retries,Retries,Retries,重試
galil,dsEdit.galil.commandTesting,Galil command testing,Galil command testing,Galil命令測試
galil,dsEdit.galil.command,Command,Command,命令
galil,dsEdit.galil.execute,Execute command,Execute command,執行命令
galil,dsEdit.galil.pointType,Point type,Point type,點類型
galil,dsEdit.galil.pointType.command,Command,Command,命令
galil,dsEdit.galil.pointType.input,Input,Input,輸入
galil,dsEdit.galil.pointType.output,Output,Output,輸出
galil,dsEdit.galil.pointType.tellPosition,Tell position,Tell position,告訴位置
galil,dsEdit.galil.pointType.variable,Variable,Variable,多變的
galil,dsEdit.galil.inputNumber,Input number,Input number,輸入號
galil,dsEdit.galil.scaleLow,Scale raw low value,Scale raw low value,縮放原始低數值
galil,dsEdit.galil.scaleHigh,Scale raw high value,Scale raw high value,縮放原始高數值
galil,dsEdit.galil.engLow,Scale engineering unit low value,Scale engineering unit low value,比例工程單位低數值
galil,dsEdit.galil.engHigh,Scale engineering unit high value,Scale engineering unit high value,比例工程單位高數值
galil,dsEdit.galil.outputNumber,Output number,Output number,輸出編號
galil,dsEdit.galil.axis,Axis,Axis,軸
galil,dsEdit.galil.round,Round to integer,Round to integer,圓向整數
galil,dsEdit.galil.varName,Variable name,Variable name,可變名稱
galil,dsEdit.galil.tester.timeout,(timeout during request),(timeout during request),（在要求期間逾時）
galil,dsEdit.galil.tester.noResponse,(error response),(error response),（錯誤響應）
galil,event.galil.errorResponse,Error response from point {0},Error response from point {0},{0}點的錯誤響應
galil,event.galil.parsingError,"Error parsing response for point {0}, response={1}","Error parsing response for point {0}, response={1}",錯誤的解析響應{0}，響應= {1}
galil,event.galil.setRequest,"Unable to create set request for point {0}, value={1}","Unable to create set request for point {0}, value={1}",無法建立點{0}的設定請求，value = {1}
galil,event.galil.setResponse,Error response from set point {0},Error response from set point {0},set Point {0}的錯誤響應
galil,event.galil.sendError,Error setting point {0}: {1},Error setting point {0}: {1},錯誤設定點{0}：{1}
galil,event.galil.connectionError,Exception in Galil connection: {0},Exception in Galil connection: {0},Galil連接中的例外：{0}
galil,event.galil.unexpected,"Unexpected result, result={0}","Unexpected result, result={0}",意外結果，結果= {0}
galil,event.galil.numericParse,Error parsing to numeric: {0},Error parsing to numeric: {0},錯誤解析到數字：{0}
galil,event.galil.setPointFailed,Failed to set point {0}: {1},Failed to set point {0}: {1},無法設定點{0}：{1}
galil,validate.axis.invalid,"Must be one of A, B, C, D, E, F, G, or H","Must be one of A, B, C, D, E, F, G, or H",必須是A，B，C，D，E，F，G或H之一
graphicalViews,graphicalViews.description,Adds the ability to create graphical views of points using with a drag and drop interface.,Adds the ability to create graphical views of points using with a drag and drop interface.,新增了使用拖放接口建立點的圖形視圖的能力。
graphicalViews,header.views,Graphical views,Graphical views,圖形視圖
graphicalViews,dox.editingGraphicalViews,Editing graphical views,Editing graphical views,編輯圖形視圖
graphicalViews,dox.pointViewSettingsEditor,Point view settings editor,Point view settings editor,點視圖設定編輯器
graphicalViews,dox.graphicalViews,Graphical views,Graphical views,圖形視圖
graphicalViews,dox.viewSharing,View sharing,View sharing,檢視共享
graphicalViews,dox.serversidescriptexamples,Server Side Script Examples,Server Side Script Examples,伺服器端腳本示例
graphicalViews,views.title,Graphic views,Graphic views,圖形視圖
graphicalViews,views.newView,New view,New view,新視圖
graphicalViews,views.noViews,"You have not created any graphical views. Create one <a href=""view_edit.shtm"">now</a>.","You have not created any graphical views. Create one <a href=""view_edit.shtm"">now</a>.",您尚未建立任何圖形視圖。建立一個<a href =“ view_edit.shtm”>現在</a>。
graphicalViews,viewEdit.editView,Edit view,Edit view,編輯視圖
graphicalViews,viewEdit.deleteView,Remove yourself from the view's share list,Remove yourself from the view's share list,將自己從視圖的共享列表中刪除
graphicalViews,viewEdit.viewProperties,View properties,View properties,檢視屬性
graphicalViews,viewEdit.name,Name,Name,名稱
graphicalViews,viewEdit.background,Background image,Background image,背景圖像
graphicalViews,viewEdit.upload,Upload image,Upload image,上傳圖像
graphicalViews,viewEdit.clearImage,Clear image,Clear image,清晰的圖像
graphicalViews,viewEdit.anonymous,Anonymous access,Anonymous access,匿名存取
graphicalViews,viewEdit.viewComponents,Components,Components,成分
graphicalViews,viewEdit.addViewComponent,Add component to view,Add component to view,新增組件以檢視
graphicalViews,viewEdit.editPointView,Edit point component settings,Edit point component settings,編輯點組件設定
graphicalViews,viewEdit.editGraphicalRenderer,Edit graphical renderer,Edit graphical renderer,編輯圖形渲染器
graphicalViews,viewEdit.deletePointView,Delete point component,Delete point component,刪除點組件
graphicalViews,viewEdit.editStaticView,Edit static content,Edit static content,編輯靜態內容
graphicalViews,viewEdit.deleteStaticView,Delete static content,Delete static content,刪除靜態內容
graphicalViews,viewEdit.iconify,Iconify components,Iconify components,Iconify組件
graphicalViews,viewEdit.chooseImage,Please choose an image to upload,Please choose an image to upload,請選擇要上傳的圖像
graphicalViews,viewEdit.confirmDelete,Are you sure you want to delete this graphical view?,Are you sure you want to delete this graphical view?,您確定要刪除此圖形視圖嗎？
graphicalViews,viewEdit.confirmSaved,Graphical view has been saved,Graphical view has been saved,圖形視圖已保存
graphicalViews,viewEdit.settings.editor,Settings editor,Settings editor,設定編輯器
graphicalViews,viewEdit.settings.point,Point,Point,點
graphicalViews,viewEdit.settings.nameOverride,Point name override,Point name override,點名稱覆蓋
graphicalViews,viewEdit.settings.settableOverride,Settable override,Settable override,可設定的覆蓋
graphicalViews,viewEdit.settings.background,Background color,Background color,背景顏色
graphicalViews,viewEdit.settings.displayControls,Display controls,Display controls,顯示控件
graphicalViews,viewEdit.settings.updatePeriod,Update period,Update period,更新期
graphicalViews,viewEdit.graphic.editor,Graphical renderer editor,Graphical renderer editor,圖形渲染器編輯器
graphicalViews,viewEdit.graphic.displayText,Display text,Display text,顯示文字
graphicalViews,viewEdit.graphic.imageSet,Image set,Image set,圖像集
graphicalViews,viewEdit.graphic.dynamicImage,Dynamic image,Dynamic image,動態圖像
graphicalViews,viewEdit.graphic.imageSample,Image sample,Image sample,圖像樣本
graphicalViews,viewEdit.graphic.images,images,images,圖像
graphicalViews,viewEdit.graphic.zero,Zero image,Zero image,零圖像
graphicalViews,viewEdit.graphic.one,One image,One image,一張圖像
graphicalViews,viewEdit.graphic.state,Image/state assignments,Image/state assignments,圖像/狀態分配
graphicalViews,viewEdit.graphic.image,Image,Image,圖像
graphicalViews,viewEdit.graphic.stateList,State list,State list,狀態列表
graphicalViews,viewEdit.graphic.default,Default,Default,預設
graphicalViews,viewEdit.graphic.min,Min,Min,最小
graphicalViews,viewEdit.graphic.max,Max,Max,最大限度
graphicalViews,viewEdit.graphic.scale,Scale percentage,Scale percentage,比例百分比
graphicalViews,viewEdit.graphic.script,Script,Script,腳本
graphicalViews,viewEdit.graphic.displayPointName,Display point name,Display point name,顯示點名稱
graphicalViews,viewEdit.graphic.styleAttribute,Style attribute,Style attribute,樣式屬性
graphicalViews,viewEdit.graphic.missingImageSet,You must select an image set,You must select an image set,您必須選擇一個圖像集
graphicalViews,viewEdit.graphic.missingDynamicImage,You must select a dynamic image,You must select a dynamic image,您必須選擇動態圖像
graphicalViews,viewEdit.graphic.missingZeroImage,A Zero image must be selected,A Zero image must be selected,必須選擇零圖像
graphicalViews,viewEdit.graphic.missingOneImage,A One image must be selected,A One image must be selected,必須選擇一個圖像
graphicalViews,viewEdit.graphic.missingDefault,A default image must be selected,A default image must be selected,必須選擇預設圖像
graphicalViews,viewEdit.graphic.invalidState,Unparseable state value in,Unparseable state value in,無可避免的狀態數值
graphicalViews,viewEdit.graphic.missingMin,Min must be entered,Min must be entered,必須輸入最小
graphicalViews,viewEdit.graphic.missingMax,Max must be entered,Max must be entered,最大必須輸入
graphicalViews,viewEdit.graphic.invalidMinMax,Min must be less than Max,Min must be less than Max,最小必須小於最大
graphicalViews,viewEdit.graphic.missingScale,Scale Percentage must be entered,Scale Percentage must be entered,必須輸入比例百分比
graphicalViews,viewEdit.graphic.invalidScale,Scale Percentage cannot be less than 1,Scale Percentage cannot be less than 1,比例百分比不能小於1
graphicalViews,viewEdit.graphic.missingScript,Script must be entered,Script must be entered,必須輸入腳本
graphicalViews,viewEdit.graphic.noConfig,No configuration for this renderer,No configuration for this renderer,此渲染器沒有配置
graphicalViews,viewEdit.static.editor,Static content editor,Static content editor,靜態內容編輯器
graphicalViews,viewEdit.compound.editor,Compound component editor,Compound component editor,複合組件編輯器
graphicalViews,viewEdit.compound.name,Name,Name,名稱
graphicalViews,viewEdit.compound.backgroundColour,Background colour,Background colour,背景顏色
graphicalViews,viewEdit.compound.width,Width,Width,寬度
graphicalViews,viewEdit.compound.height,Height,Height,高度
graphicalViews,viewEdit.compound.duration,Duration,Duration,期間
graphicalViews,viewEdit.permissions,Permissions,Permissions,權限
graphicalViews,viewEdit.permissions.edit,Edit,Edit,編輯
graphicalViews,viewEdit.permissions.read,Read,Read,讀
graphicalViews,viewEdit.permissions.set,Set,Set,放
graphicalViews,viewEdit.validate.ungrantedPermissionRemoved,Cannot remove permission that you do not already have: {0},Cannot remove permission that you do not already have: {0},無法刪除您尚未擁有的權限：{0}
graphicalViews,emport.view.prefix,View ''{0}'': {1},View ''{0}'': {1},檢視''{0}''：{1}
graphicalViews,emport.view.missingType,View with XID ''{0}'' does not already exist and does not have a ''type'' value. Valid types are {1},View with XID ''{0}'' does not already exist and does not have a ''type'' value. Valid types are {1},使用Xid''{0}''檢視尚不存在，並且沒有“類型”值。有效類型是{1}
graphicalViews,emport.error.viewShare.missing,Missing ''{0}'' in view share,Missing ''{0}'' in view share,缺少''{0}''在視圖共享中
graphicalViews,share.noViewUsers,This view is currently not shared,This view is currently not shared,此點當前未共享
graphicalViews,publicView.notFound,"Specified view was not found or is not anonymously viewable. Do you have the correct viewId, viewName, or viewXid parameter?","Specified view was not found or is not anonymously viewable. Do you have the correct viewId, viewName, or viewXid parameter?",未找到指定的視圖或無法匿名檢視。您是否具有正確的ViewID，ViewName或ViewXid參數？
graphicalViews,graphic.analogGraphic,Analog graphic,Analog graphic,類比圖形
graphicalViews,graphic.binaryGraphic,Binary graphic,Binary graphic,二進製圖形
graphicalViews,graphic.multistateGraphic,Multistate graphic,Multistate graphic,多標圖
graphicalViews,graphic.thumbnailImage,Thumbnail image,Thumbnail image,縮略圖圖像
graphicalViews,graphic.dynamicGraphic,Dynamic graphic,Dynamic graphic,動態圖形
graphicalViews,graphic.script,Server-side script,Server-side script,伺服器端腳本
graphicalViews,graphic.simple,Simple point,Simple point,簡單的點
graphicalViews,graphic.simpleImage,Image,Image,圖像
graphicalViews,graphic.html,HTML,HTML,HTML
graphicalViews,graphic.wirelessTempHumSensor,Wireless temperature/humidity sensor,Wireless temperature/humidity sensor,無線溫度/濕度傳感器
graphicalViews,graphic.wirelessTempHumSensor.staticText,Static text,Static text,靜態文字
graphicalViews,graphic.wirelessTempHumSensor.battery,Battery,Battery,電池
graphicalViews,graphic.wirelessTempHumSensor.signal,Signal,Signal,訊號
graphicalViews,graphic.wirelessTempHumSensor.temperature,Temperature,Temperature,溫度
graphicalViews,graphic.wirelessTempHumSensor.humidity,Humidity,Humidity,濕度
graphicalViews,graphic.simpleCompound,Simple compound,Simple compound,簡單化合物
graphicalViews,graphic.simpleCompound.leadPoint,Lead point,Lead point,牽頭
graphicalViews,graphic.simpleCompound.subPoint1,Sub point 1,Sub point 1,子點1
graphicalViews,graphic.simpleCompound.subPoint2,Sub point 2,Sub point 2,子點2
graphicalViews,graphic.simpleCompound.subPoint3,Sub point 3,Sub point 3,子點3
graphicalViews,graphic.simpleCompound.subPoint4,Sub point 4,Sub point 4,子點4
graphicalViews,graphic.simpleCompound.subPoint5,Sub point 5,Sub point 5,子點5
graphicalViews,graphic.simpleCompound.subPoint6,Sub point 6,Sub point 6,子點6
graphicalViews,graphic.simpleCompound.subPoint7,Sub point 7,Sub point 7,子點7
graphicalViews,graphic.simpleCompound.subPoint8,Sub point 8,Sub point 8,子點8
graphicalViews,graphic.simpleCompound.subPoint9,Sub point 9,Sub point 9,子點9
graphicalViews,graphic.simpleCompound.subPoint10,Sub point 10,Sub point 10,子點10
graphicalViews,graphic.imageChart,Image chart,Image chart,圖像圖
graphicalViews,graphic.imageChart.point1,Point 1,Point 1,點1
graphicalViews,graphic.imageChart.point2,Point 2,Point 2,點2
graphicalViews,graphic.imageChart.point3,Point 3,Point 3,點3
graphicalViews,graphic.imageChart.point4,Point 4,Point 4,點4
graphicalViews,graphic.imageChart.point5,Point 5,Point 5,點5
graphicalViews,graphic.imageChart.point6,Point 6,Point 6,點6
graphicalViews,graphic.imageChart.point7,Point 7,Point 7,點7
graphicalViews,graphic.imageChart.point8,Point 8,Point 8,點8
graphicalViews,graphic.imageChart.point9,Point 9,Point 9,點9
graphicalViews,graphic.imageChart.point10,Point 10,Point 10,點10
graphicalViews,graphic.permission.view,Graphical View Permissions,Graphical View Permissions,圖形視圖權限
graphicalViews,graphic.permission.upload,Graphical View Upload Permissions,Graphical View Upload Permissions,圖形視圖上傳權限
graphicalViews,graphic.permission.addView,Graphical View Add View Permissions,Graphical View Add View Permissions,圖形視圖新增視圖權限
graphicalViews,graphic.permission.noUploadAccess,No upload permission,No upload permission,沒有上傳許可
graphicalViews,emport.error.component.incompatibleDataType,Data point with ''XID'' ''{0}'' has a data type that is not compatible with view component type ''{1}'',Data point with ''XID'' ''{0}'' has a data type that is not compatible with view component type ''{1}'',帶有“ XID”'''''{0}'的資料點具有與視圖組件類型不兼容的資料類型'{1}'''{1}'''
graphicalViews,emport.error.compound.invalidChildId,Invalid child id ''{0}'' for compound view component of type ''{1}''. Valid ids are {2},Invalid child id ''{0}'' for compound view component of type ''{1}''. Valid ids are {2},對於類型'{1}''的複合視圖組件，無效的子ID'{0}'''。有效ID是{2}
graphicalViews,emport.error.component.unknownDynamicImage,Dynamic image id ''{0}'' not found. Known dynamic image ids are {1},Dynamic image id ''{0}'' not found. Known dynamic image ids are {1},找不到動態圖像ID'{0}''。已知的動態圖像ID為{1}
graphicalViews,emport.error.component.unknownImageSet,Image set id ''{0}'' not found. Known image set ids are {1},Image set id ''{0}'' not found. Known image set ids are {1},圖像設定ID''{0}'找不到。已知的圖像集ID為{1}
graphicalViews,emport.error.component.imageIndex,Image index {0} is too high for image set ''{1}''. Valid values are 0 to {2},Image index {0} is too high for image set ''{1}''. Valid values are 0 to {2},圖像索引{0}對於圖像集'{1}''太高。有效值為0至{2}
graphicalViews,emport.error.component.missing,View component must have a ''{0}''. Valid values are {1},View component must have a ''{0}''. Valid values are {1},檢視組件必須具有'{0}''。有效值為{1}
graphicalViews,emport.error.component.invalid,View component has an invalid ''{0}'' value of ''{1}''. Valid values are {2},View component has an invalid ''{0}'' value of ''{1}''. Valid values are {2},視圖組件具有無效的'{0}'''{1}''的值。有效值為{2}
graphicalViews,emport.error.component.imageChart.missing,Image chart component must have a ''{0}''. Valid values are {1},Image chart component must have a ''{0}''. Valid values are {1},圖像圖組件必須具有'{0}''。有效值為{1}
graphicalViews,emport.error.component.imageChart.invalid,Image chart component has an invalid ''{0}'' value of ''{1}''. Valid values are {2},Image chart component has an invalid ''{0}'' value of ''{1}''. Valid values are {2},圖像圖組件具有無效的'{0}'''{1}''的值。有效值為{2}
graphicalViews,viewEdit.copyView,Copy view,Copy view,複製視圖
Haystack,haystack.description,Data source and publisher for the Haystack protocol,Data source and publisher for the Haystack protocol,Haystack協議的資料來源和發布者
Haystack,dox.haystackDS,Haystack data source,Haystack data source,Haystack 資料來源
Haystack,dox.haystackPP,Haystack point properties,Haystack point properties,Haystack 點屬性
Haystack,dox.haystackPublisher,Haystack publisher,Haystack publisher,Haystack Publisher
Haystack,header.haystackHistoryImport,Haystack history import,Haystack history import,Haystack 歷史導入
Haystack,header.haystackPointImport,Haystack point import,Haystack point import,Haystack 點導入
Haystack,dsEdit.haystack,Haystack,Haystack,Haystack 
Haystack,dsEdit.haystackPoint,Haystack data point,Haystack data point,Haystack 資料點
Haystack,dsEdit.haystack.uri,Uri,Uri,Uri
Haystack,dsEdit.haystack.username,Username,Username,使用者名稱
Haystack,dsEdit.haystack.password,Password,Password,密碼
Haystack,dsEdit.haystack.connectTimeout,Connect timeout,Connect timeout,連接逾時
Haystack,dsEdit.haystack.readTimeout,Read timeout,Read timeout,讀取逾時
Haystack,dsEdit.haystack.id,Id,Id,ID
Haystack,event.ds.haystack.setPointFailLabel,Set point failure,Set point failure,設定點故障
Haystack,event.ds.haystack.pointReadErrorLabel,Point read error,Point read error,點讀取錯誤
Haystack,event.ds.haystack.watchError,Watch error: {0},Watch error: {0},觀看錯誤：{0}
Haystack,event.ds.haystack.valueCoercionError,Failed to coerce value for point {0} because {1},Failed to coerce value for point {0} because {1},由於{1}
Haystack,event.ds.haystack.valueNotCoercible,Value not coercible between types,Value not coercible between types,類型之間不可固化的數值
Haystack,event.ds.haystack.setPointFail,Set point failure on point {0} because {1},Set point failure on point {0} because {1},在{0}點上設定點故障，因為{1}
Haystack,event.ds.haystack.setPointFailEventType,Set point failure,Set point failure,設定點故障
Haystack,event.ds.haystack.unknownNamePoint,Unknown column {0} on point {1},Unknown column {0} on point {1},點{1}上的未知列{0}
Haystack,event.ds.haystack.unknownNameRow,Unknown column {0} on row {1},Unknown column {0} on row {1},{1}上的未知列{0}
Haystack,haystack.history.noHistory,Point does not have history,Point does not have history,點沒有歷史
Haystack,publisherEdit.haystack,Haystack,Haystack,Haystack 
Haystack,publisherEdit.haystack.uri,Uri,Uri,Uri
Haystack,publisherEdit.haystack.username,Username,Username,使用者名稱
Haystack,publisherEdit.haystack.password,Password,Password,密碼
Haystack,haystack.ui.filter,Filter,Filter,篩選
Haystack,haystack.ui.limit,Limit,Limit,限制
Haystack,haystack.ui.chooseDs,Choose Haystack datasource,Choose Haystack datasource,選擇Haystack DataSource
Haystack,haystack.ui.timezone,Timezone for date pickers,Timezone for date pickers,資料選擇器的時區
Haystack,haystack.ui.fromDatePreset,Import dates preset,Import dates preset,匯入日期預設
Haystack,haystack.ui.fromDate,Import from date,Import from date,從日期匯入
Haystack,haystack.ui.toDate,Import to date,Import to date,匯入到日期
Haystack,haystack.ui.import,Import,Import,匯入
Haystack,haystack.ui.pointXidResults,Data point {0},Data point {0},資料點{0}
Haystack,haystack.ui.importedXValues,Imported {0} point values,Imported {0} point values,導入{0}點值
Haystack,haystack.ui.regex,Regex pattern,Regex pattern,正規表示式模式
Haystack,haystack.ui.downloadAs,Download as {0},Download as {0},下載為{0}
Haystack,haystack.ui.rowsImported,"Point values for {0, plural, =1 {1 point} other {{0} points}} imported","Point values for {0, plural, =1 {1 point} other {{0} points}} imported",{0，複數，= 1 {1點}其他{{0} point}}的點值導入
Haystack,haystack.ui.selectHaystackPoints,Select Haystack points,Select Haystack points,選擇Haystack 點
Haystack,haystack.ui.mapColumns,Map columns,Map columns,地圖列
Haystack,haystack.ui.createPoints,Create Mango points,Create Mango points,建立 Mango 點
Haystack,haystack.ui.importHistory,Import history,Import history,匯入歷史
Haystack,haystack.ui.skipped,Skipped,Skipped,跳過
Haystack,haystack.ui.newXid,New XID,New XID,新XID
Haystack,haystack.ui.existingIdStrategy,Existing Haystack ID strategy,Existing Haystack ID strategy,現有的干草堆ID策略
Haystack,haystack.ui.skip,Skip,Skip,跳過
Haystack,haystack.ui.updateKeepXid,Update (preserve XID),Update (preserve XID),更新（保留XID）
Haystack,haystack.ui.update,Update (change XID),Update (change XID),更新（更改XID）
Haystack,haystack.ui.importStatus,Import status,Import status,導入狀態
Haystack,haystack.ui.startOver,Start over,Start over,重新開始
Haystack,haystack.ui.updated,Updated,Updated,更新
Haystack,haystack.ui.created,Created,Created,建立
Haystack,haystack.ui.replace,Replace text,Replace text,更換文本
Haystack,haystack.ui.unit,Unit,Unit,單元
Haystack,haystack.ui.haystackId,Haystack ID,Haystack ID,Haystack ID
Haystack,haystack.ui.previewOfFirstPoint,Preview,Preview,預覽
Haystack,haystack.ui.xPointsSelected,"{0, plural, =1 {1 point} other {{0} points}} selected","{0, plural, =1 {1 point} other {{0} points}} selected",{0，複數，= 1 {1點}其他{{0}點}}}}}
Haystack,haystack.ui.hideExistingPoints,Hide Haystack points that already exist on this data source,Hide Haystack points that already exist on this data source,隱藏此資料來源上已經存在的干草堆點
Haystack,haystack.ui.existingXid,Existing Mango XID,Existing Mango XID,現有的 Mango XID
Haystack,haystack.ui.errorReadingExistingHaystackIds,Error reading existing Haystack IDs,Error reading existing Haystack IDs,錯誤讀取現有的干草堆ID
Haystack,haystack.ui.errorQueryingHaystack,Error querying Haystack: {0},Error querying Haystack: {0},錯誤查詢乾草：{0}
Haystack,haystack.ui.noRowsToDisplay,No rows to display,No rows to display,沒有行顯示
Haystack,haystack.ui.generated,Generated,Generated,生成
Haystack,haystack.ui.columnFor.haystackId,Column for Haystack ID,Column for Haystack ID,Haystack ID的列
Haystack,haystack.ui.columnFor.name,Column for point name,Column for point name,點名稱的列
Haystack,haystack.ui.columnFor.deviceName,Column for device name,Column for device name,設備名稱的列
Haystack,haystack.ui.columnFor.xid,Column for point XID,Column for point XID,點XID列
Haystack,haystack.ui.columnFor.unit,Column for unit,Column for unit,單元的列
Haystack,haystack.ui.columnFor.settable,Column for settable,Column for settable,列可設定
Haystack,rest.error.haystack.invalidHello,"Invalid HELLO message, missing username","Invalid HELLO message, missing username",無效的Hello消息，缺少用戶名
Haystack,rest.error.haystack.badFirstMsgNoData,"Bad client-first-message, no data","Bad client-first-message, no data",不良客戶端率第一消息，沒有資料
Haystack,rest.error.haystack.badFirstMsgNoHandshakeToken,"Bad client-first-message, no handshakeToken","Bad client-first-message, no handshakeToken",不好的客戶端率第一消息，沒有handshaketoken
Haystack,rest.error.haystack.badFirstMsgNoHelloSentFirst,"Bad client-first-message, no hello sent first","Bad client-first-message, no hello sent first",不好的客戶端率第一消息，沒有你打招呼
Haystack,rest.error.haystack.badAuthorizationMessage,Bad authorization message,Bad authorization message,不良授權消息
Haystack,haystack.permission.server,Access to Mango Haystack Server,Access to Mango Haystack Server,存取Mango Haystack伺服器
http,http.description,Data sources and publishers for the HTTP protocol,Data sources and publishers for the HTTP protocol,HTTP協議的資料來源和發布者
http,dox.httpSenderPublishing,HTTP sender publishing,HTTP sender publishing,HTTP發送者出版
http,dox.httpRetrieverDS,HTTP retriever data source,HTTP retriever data source,HTTP檢索資料來源
http,dox.httpRetrieverPP,HTTP retriever point properties,HTTP retriever point properties,http檢索點屬性
http,dox.httpReceiverDS,HTTP receiver data source,HTTP receiver data source,HTTP接收器資料來源
http,dox.httpReceiverPP,HTTP receiver point properties,HTTP receiver point properties,HTTP接收方屬性
http,dox.httpJsonReceiverDS,HTTP JSON receiver data source,HTTP JSON receiver data source,HTTP JSON接收器資料來源
http,dox.httpJsonReceiverPP,HTTP JSON receiver point properties,HTTP JSON receiver point properties,HTTP JSON接收器點屬性
http,dox.httpJsonRetrieverDS,HTTP JSON retriever data source,HTTP JSON retriever data source,HTTP JSON RETRIEVER資料來源
http,dox.httpJsonRetrieverPP,HTTP JSON retriever point properties,HTTP JSON receiver point properties,http json回收者點屬性
http,dox.httpImageDS,HTTP image data source,HTTP image data source,HTTP圖像資料來源
http,dox.httpImagePP,HTTP image point properties,HTTP image point properties,HTTP圖像點屬性
http,dsEdit.httpImage,HTTP Image,HTTP Image,HTTP圖像
http,dsEdit.httpImagePoint,HTTP image data point,HTTP image data point,HTTP圖像資料點
http,dsEdit.httpImage.dsconn,image stream every {0},image stream every {0},圖像流每個{0}
http,dsEdit.httpImage.desc,HTTP Image properties,HTTP Image properties,HTTP圖像屬性
http,dsEdit.httpImage.url,URL,URL,URL
http,dsEdit.httpImage.openUrl,Open URL,Open URL,打開URL
http,dsEdit.httpImage.timeout,Timeout (seconds),Timeout (seconds),逾時（秒）
http,dsEdit.httpImage.retries,Retries,Retries,重試
http,dsEdit.httpImage.scalingType,Scaling type,Scaling type,縮放類型
http,dsEdit.httpImage.scalingType.none,none,none,沒有任何
http,dsEdit.httpImage.scalingType.percent,percent,percent,百分比
http,dsEdit.httpImage.scalingType.box,box,box,盒子
http,dsEdit.httpImage.scalePercent,Scale percent,Scale percent,比例百分比
http,dsEdit.httpImage.scaleWidth,Scale width,Scale width,比例寬度
http,dsEdit.httpImage.scaleHeight,Scale height,Scale height,比例高度
http,dsEdit.httpImage.readLimit,Read limit (KB),Read limit (KB),讀取限制（KB）
http,dsEdit.httpImage.liveFeed,Webcam live feed code,Webcam live feed code,網路攝像頭實時供稿代碼
http,dsEdit.httpImage.overlayPoints,Overlay points,Overlay points,覆蓋點
http,dsEdit.httpImage.vaildate.overlayPointDNE,Overlay data point does not exist,Overlay data point does not exist,覆蓋資料點不存在
http,dsEdit.httpImage.vaildate.pointPermissions,User {0} does not have permissions for overlay point with xid: {1} ,User {0} does not have permissions for overlay point with xid: {1} ,用戶{0}沒有XID覆蓋點的權限：{1}
http,dsEdit.httpImage.noOverlayPoints,No overlay points selected,No overlay points selected,未選擇覆蓋點
http,dsEdit.httpReceiver,HTTP Receiver,HTTP Receiver,HTTP接收器
http,dsEdit.httpReceiverPoint,HTTP Receiver data point,HTTP Receiver data point,HTTP接收器資料點
http,dsEdit.httpReceiver.dsconn,{0},{0},{0}
http,dsEdit.httpReceiver.dsconn.blocked,(blocked),(blocked),（被阻止）
http,dsEdit.httpReceiver.dsconn.combo,(Remote IP and Device ID filtering),(Remote IP and Device ID filtering),（遠端IP和設備ID過濾）
http,dsEdit.httpReceiver.dpconn,Parameter: {0},Parameter: {0},參數：{0}
http,dsEdit.httpReceiver,HTTP Receiver,HTTP Receiver,HTTP接收器
http,dsEdit.httpReceiver.containsIpMask,List already contains the ip mask,List already contains the ip mask,列表已經包含IP掩碼
http,dsEdit.httpReceiver.containsDeviceMask,List already contains the device id mask,List already contains the device id mask,列表已經包含設備ID蒙版
http,dsEdit.httpReceiver.listening,Listening...,Listening...,聽...
http,dsEdit.httpReceiver.source,Source,Source,來源
http,dsEdit.httpReceiver.deviceId,Device ID,Device ID,設備ID
http,dsEdit.httpReceiver.time,Time,Time,時間
http,dsEdit.httpReceiver.parameter,Parameter,Parameter,範圍
http,dsEdit.httpReceiver.json,JSON,JSON,JSON
http,dsEdit.httpReceiver.desc,HTTP Receiver properties,HTTP Receiver properties,HTTP接收器屬性
http,dsEdit.httpReceiver.ipWhiteList,Remote IP white list,Remote IP white list,遠端IP白名單
http,dsEdit.httpReceiver.noIpAddresses,No ip addresses defined,No ip addresses defined,沒有定義的IP地址
http,dsEdit.httpReceiver.deviceWhiteList,Device ID white list,Device ID white list,設備ID白名單
http,dsEdit.httpReceiver.noDevices,No device IDs defined,No device IDs defined,沒有定義的設備ID
http,dsEdit.httpReceiver.receiverListener,HTTP receiver listener,HTTP receiver listener,HTTP接收器監聽器
http,dsEdit.httpReceiver.startListener,Listen for HTTP data,Listen for HTTP data,收聽HTTP資料
http,dsEdit.httpReceiver.httpParamName,HTTP parameter name,HTTP parameter name,HTTP參數名稱
http,dsEdit.httpReceiver.binaryZeroValue,Binary 0 value,Binary 0 value,二進制0值
http,dsEdit.httpReceiver.tester.listening,Listening...,Listening...,聽...
http,dsEdit.httpReceiver.tester.auto,Auto-shutoff,Auto-shutoff,自動駛去
http,dsEdit.httpReceiver.tester.whiteList,Error checking white list: {0},Error checking white list: {0},錯誤檢查白名單：{0}
http,dsEdit.httpReceiver.tester.data,Data received,Data received,收到的資料
http,dsEdit.httpReceiver.setFormat,Set format,Set format,設定格式
http,dsEdit.httpReceiver.legacySetFormat,Legacy set format,Legacy set format,舊式設定格式
http,dsEdit.httpReceiver.publisherSetFormat,Publisher set format,Publisher set format,發布者集格式
http,dsEdit.httpReceiver.timeout,Timeout (milliseconds),Timeout (milliseconds),逾時（毫秒）
http,dsEdit.httpReceiver.expiry,Expiry (milliseconds),Expiry (milliseconds),到期（毫秒）
http,dsEdit.httpReceiver.listenerCancelled,Listener cancelled,Listener cancelled,監聽器已取消
http,dsEdit.httpJsonReceiver,HTTP JSON Receiver,HTTP JSON Receiver,HTTP JSON接收器
http,dsEdit.httpJsonReceiverPoint,HTTP JSON Receiver Data Point,HTTP JSON Receiver Data Point,HTTP JSON接收器資料點
http,dsEdit.httpJsonReceiver.desc,HTTP JSON Receiver properties,HTTP JSON Receiver properties,HTTP JSON接收器屬性
http,dsEdit.httpJsonReceiver.deviceIdentifierKey,Device identifier key,Device identifier key,設備標識符鍵
http,dsEdit.httpJsonReceiver.deviceIdentifier,Device identifier,Device identifier,設備標識符
http,dsEdit.httpJsonReceiver.timestampIdentifier,Timestamp identifier,Timestamp identifier,時間戳標識符
http,dsEdit.httpJsonReceiver.receiverListener,HTTP JSON receiver listener,HTTP JSON receiver listener,HTTP JSON接收器監聽器
http,dsEdit.httpJsonReceiver.receiveType,HTTP JSON receiver type,HTTP JSON receiver type,HTTP JSON接收器類型
http,dsEdit.httpJsonReceiver.jsonPointerInvalid,Invalid JSON pointer: {0},Invalid JSON pointer: {0},無效的JSON指針：{0}
http,dsEdit.httpJsonReceiver.timeout,Timeout (milliseconds),Timeout (milliseconds),逾時（毫秒）
http,dsEdit.httpJsonReceiver.expiry,Expiry (milliseconds),Expiry (milliseconds),到期（毫秒）
http,dsEdit.httpRetriever,HTTP Retriever,HTTP Retriever,HTTP檢索員
http,dsEdit.httpRetrieverPoint,HTTP Retriever Point,HTTP Retriever Point,HTTP檢索器點
http,dsEdit.httpRetriever.dpconn,Regex: {0},Regex: {0},正規表示式：{0}
http,dsEdit.httpRetriever.regex,RegEx,RegEx,正規表示式
http,dsEdit.httpRetriever.binaryZeroValue,Binary 0 value,Binary 0 value,二進制0值
http,dsEdit.httpRetriever.numberFormat,Number format,Number format,數字格式
http,dsEdit.httpRetriever.desc,HTTP Retriever properties,HTTP Retriever properties,HTTP檢索屬性
http,dsEdit.httpRetriever.url,URL,URL,URL
http,dsEdit.httpRetriever.openUrl,Open URL,Open URL,打開URL
http,dsEdit.httpRetriever.timeout,Timeout (seconds),Timeout (seconds),逾時（秒）
http,dsEdit.httpRetriever.retries,Retries,Retries,重試
http,dsEdit.httpRetriever.valueRegex,Value RegEx,Value RegEx,數值正規表示式
http,dsEdit.httpRetriever.testValue,Test value parameters,Test value parameters,測試值參數
http,dsEdit.httpRetriever.ignoreIfMissing,Ignore if missing,Ignore if missing,如果缺少，請忽略
http,dsEdit.httpRetriever.timeRegex,Time RegEx,Time RegEx,時間正規表示式
http,dsEdit.httpRetriever.testTime,Test time parameters,Test time parameters,測試時間參數
http,dsEdit.httpRetriever.timeFormat,Time format,Time format,時間格式
http,dsEdit.httpRetriever.valueGroup,Value Capture Group,Value Capture Group,數值擷取組
http,dsEdit.httpRetriever.timeGroup,Time Capture Group,Time Capture Group,時間擷取組
http,dsEdit.httpRetriever.validateValue,Validate value,Validate value,驗證值
http,dsEdit.httpRetriever.validateTime,Validate time,Validate time,驗證時間
http,dsEdit.httpRetriever.validationError,Validation error - {0},Validation error - {0},驗證錯誤 -  {0}
http,dsEdit.httpJsonRetriever,HTTP JSON Retriever,HTTP JSON Retriever,HTTP JSON獵犬
http,dsEdit.httpJsonRetrieverPoint,HTTP JSON Retriever Point,HTTP JSON Retriever Point,HTTP JSON獵犬點
http,dsEdit.httpJsonRetriever.desc,HTTP JSON Retriever properties,HTTP JSON Retriever properties,HTTP JSON RETRIEVER屬性
http,dsEdit.httpJsonRetriever.dpconn,JSON: {0},JSON: {0},JSON：{0}
http,dsEdit.httpJsonRetriever.valueJsonPointer,Value JSON pointer,Value JSON pointer,數值JSON指針
http,dsEdit.httpJsonRetriever.validateValueJsonPointer,Validate value JSON pointer,Validate value JSON pointer,驗證數值JSON指針
http,dsEdit.httpJsonRetriever.timeJsonPointer,Time JSON pointer,Time JSON pointer,時間JSON指針
http,dsEdit.httpJsonRetriever.validateTimeJsonPointer,Validate time JSON pointer,Validate time JSON pointer,驗證時間JSON指針
http,http.dsEdit.setPointUrl,Set point URL,Set point URL,設定點URL
http,http.dsEdit.setPointName,Set point name,Set point name,設定點名稱
http,http.dsEdit.receiveType,Receive type,Receive type,接收類型
http,publisherEdit.httpSender,HTTP Sender,HTTP Sender,HTTP發件人
http,publisherEdit.httpSender.keyRequired,Key is required,Key is required,需要鑰匙
http,publisherEdit.httpSender.keyExists,Key already exists,Key already exists,密鑰已經存在
http,publisherEdit.httpSender.removeParam,Remove parameter from list,Remove parameter from list,從列表中刪除參數
http,publisherEdit.httpSender.sending,Sending...,Sending...,發送...
http,publisherEdit.httpSender.noResponseData,(no response data),(no response data),（無響應資料）
http,publisherEdit.httpSender.props,HTTP Sender properties,HTTP Sender properties,HTTP發送者屬性
http,publisherEdit.httpSender.method,Method,Method,方法
http,publisherEdit.httpSender.contentType,Content Type,Content Type,內容類型
http,publisherEdit.httpSender.url,URL,URL,URL
http,publisherEdit.httpSender.staticHeaders,Static headers,Static headers,靜態標頭
http,publisherEdit.httpSender.headerKey,Header name,Key,標題名稱
http,publisherEdit.httpSender.headerValue,Header value,Value,標題值
http,publisherEdit.httpSender.addStaticHeader,Add header,Add static header,新增標題
http,publisherEdit.httpSender.noStaticHeaders,No headers defined,No static headers defined,沒有標題定義
http,publisherEdit.httpSender.staticParams,Static URL query parameters,Static parameters,靜態URL查詢參數
http,publisherEdit.httpSender.paramKey,URL query parameter,Key,URL查詢參數
http,publisherEdit.httpSender.paramValue,URL query parameter value,Value,URL查詢參數值
http,publisherEdit.httpSender.addStaticParam,Add URL query parameter,Add static parameter,新增URL查詢參數
http,publisherEdit.httpSender.noStaticParams,No URL query parameters defined,No static parameters defined,未定義的網址查詢參數
http,publisherEdit.httpSender.raiseResultWarning,Raise result warning,Raise result warning,提高結果警告
http,publisherEdit.httpSender.sendTest,HTTP send test,HTTP send test,HTTP發送測試
http,publisherEdit.httpSender.sendStaticParams,Send static data,Send static data,發送靜態資料
http,publisherEdit.httpSender.cancel,Cancel,Cancel,取消
http,publisherEdit.httpSender.point.param,URL query parameter,Parameter name,URL查詢參數
http,publisherEdit.httpSender.point.timestamp,Include timestamp,Include timestamp,包括時間戳
http,publisherEdit.httpSender.dateFormat,Date format,Date format,日期格式
http,publisherEdit.httpSender.dateFormat.basic,Basic,Basic,基本的
http,publisherEdit.httpSender.dateFormat.tz,Time zone,Time zone,時區
http,publisherEdit.httpSender.dateFormat.utc,UTC,UTC,世界標準時間
http,publisherEdit.httpSender.noContentType,None (No request body),None (No request body),沒有（沒有請求主體）
http,event.httpImage.retrievalError,"Error retrieving image ""{0}"": {1}","Error retrieving image ""{0}"": {1}",錯誤檢索圖像“ {0}”：{1}
http,event.httpImage.scalingError,Error scaling image: {0},Error scaling image: {0},錯誤縮放圖像：{0}
http,event.httpImage.saveError,Error saving image data: {0},Error saving image data: {0},錯誤保存圖像資料：{0}
http,event.httpImage.overlayError,Error overlaying points: {0},Error overlaying points: {0},錯誤疊加點：{0}
http,event.httpImage.overlayPointError,"Error overlaying point with XID: {0}, because {1}","Error overlaying point with XID: {0}, because {1}",帶有XID的錯誤疊加點：{0}，因為{1}
http,event.httpRetriever.retrievalError,"Error retrieving page ""{0}"": {1}","Error retrieving page ""{0}"": {1}",錯誤檢索頁面“ {0}”：{1}
http,event.http.response,"Invalid response from ""{0}"": {1}","Invalid response from ""{0}"": {1}",來自“ {0}”的無效響應：{1}
http,event.httpJsonRetriever.parseException,Error parsing JSON: ''{0}'',Error parsing JSON: ''{0}'',錯誤解析JSON：''{0}''
http,event.httpJsonRetriever.parseForPoint,{0} for point {1},{0} for point {1},{0} for Point {1}
http,event.httpJsonRetriever.missingNode,[missing node],[missing node],[缺少節點]
http,event.httpJsonRetriever.parseTimestampFailed,"Timestamp was not parsable, value={0}","Timestamp was not parsable, value={0}",時間戳是不可放置的，值= {0}
http,event.httpJsonRetriever.parseAlphanumericFailed,"Value was not parsable to alphanumeric, value={0}","Value was not parsable to alphanumeric, value={0}",值不適合字母數字，值= {0}
http,event.httpJsonRetriever.parseBinaryFailed,"Value was not parsable to binary, value={0}","Value was not parsable to binary, value={0}",值不可證明二進制，值= {0}
http,event.httpJsonRetriever.parseMultistateFailed,"Value was not parsable to multistate, value={0}","Value was not parsable to multistate, value={0}",值不適合多態，值= {0}
http,event.httpJsonRetriever.parseNumericFailed,"Value was not parsable to numeric, value={0}","Value was not parsable to numeric, value={0}",值不可證明為數字，值= {0}
http,http.validate.noSetPointUrl,No set point URL in data source,No set point URL in data source,資料來源中沒有設定點URL
http,event.pb.httpSend,HTTP send exception,HTTP send exception,HTTP發送異常
http,http.event.setPointFailure,Exception setting point ''{0}'' with URL ''{1}'': {2},Exception setting point ''{0}'' with URL ''{1}'': {2},異常設定點''{0}''with url''{1}''：{2}
http,http.event.setPointBadResponse,Invalid response code {0} setting point ''{1}'' with URL ''{2}'',Invalid response code {0} setting point ''{1}'' with URL ''{2}'',無效響應代碼{0}設定點''{1}'with url''{2}'''
http,http.event.errorReadingObject,Error parsing Json object: {0},Error parsing Json object: {0},錯誤解析JSON對象：{0}
http,http.event.notJsonObject,Received value is not a Json Object,Received value is not a Json Object,收到的數值不是JSON對象
http,http.event.dataTypeError,"Error reading parameter ''{0}'' on data point {1}, data type mismatch","Error reading parameter ''{0}'' on data point {1}, data type mismatch",錯誤讀取參數''{0}''上的資料點{1}，資料類型不符合
http,httpSender.invalidUrl,Invalid syntax,Invalid syntax,無效的語法
http,httpSender.jsonMustPost,Can only send JSON body in POST,Can only send JSON body in POST,只能在帖子中發送JSON主體
http,event.ds.setPointFail,Set point failures,Set point failures,設定點失敗
http,event.ds.jsonReadFail,JSON read failures,JSON read failures,JSON讀取失敗
internal,internal.description,Status pages and data source that reads internal system data,Status pages and data source that reads internal system data,讀取內部系統資料的狀態頁面和資料來源
internal,dsEdit.internal.tools,Ds Internal Tools,Ds Internal Tools,DS內部工具
internal,dsEdit.internalPoint,Internal point,Internal point,內點
internal,dsEdit.internal.createPointsPattern,Create points pattern,Create points pattern,建立點模式
internal,internal.missingMonitor,Missing monitor with id {0},Missing monitor with id {0},缺少ID {0}的顯示器
internal,internal.id,ID,ID,ID
internal,internal.thread.cpuTime,CPU time (s),CPU time (s),CPU時間
internal,internal.thread.tenSecCpuTime,10 sec CPU time (s),10 sec CPU time (s),10秒CPU時間
internal,internal.thread.state,State,State,狀態
internal,internal.thread.location,Location,Location,地點
internal,internal.thread.count,Count:,Count:,數數：
internal,internal.workItems,Work items,Work items,工作項目
internal,internal.queue.stats,Queue statistics,Queue statistics,隊列統計
internal,internal.queue.task.currentQueueSize,Queue size,Queue size,隊列大小
internal,internal.queue.task.maxQueueSize,Max queue size,Max queue size,最大隊列大小
internal,internal.queue.task.queueSizeLimit,Queue size limit,Queue size limit,隊列尺寸限制
internal,internal.queue.task.avgExecTime,Average exec time,Average exec time,平均執行時間
internal,internal.queue.task.mostRecentExecTime,Most recent exec time,Most recent exec time,最近的執行時間
internal,internal.tasks.poolFullRejections,Pool full rejections,Pool full rejections,池完全拒絕
internal,internal.tasks.queueFullRejections,Queue full rejections,Queue full rejections,隊列完全拒絕
internal,dsEdit.internal.autoCreate.pollingDataSource,All polling metrics,All polling metrics,所有輪詢指標
internal,dsEdit.internal.autoCreate.pollingDataSource.sequential,Sequential successful polls metrics,Sequential successful polls metrics,順序成功的輪詢指標
internal,dsEdit.internal.autoCreate.pollingDataSource.duration,Poll duration metrics,Poll duration metrics,輪詢持續時間指標
internal,dsEdit.internal.autoCreate.pollingDataSource.percentage,Poll success percentages,Poll success percentages,輪詢成功百分比
internal,dsEdit.internal.autoCreate.persistent,All Persistent TCP metrics,All Persistent TCP metrics,所有持續的TCP指標
internal,dsEdit.internal.autoCreate.persistent.writeSpeed,Persistent receiver write speeds,Persistent receiver write speeds,持續的接收器寫入速度
internal,dsEdit.internal.autoCreate.persistent.connectionTime,Persistent receiver connected times,Persistent receiver connected times,持續接收器連接時間
internal,dsEdit.internal.autoCreate.names.pollingSuccess,Consecutive run polls,Consecutive run polls,連續輪詢
internal,dsEdit.internal.autoCreate.names.pollingPercentage,Poll success percentage,Poll success percentage,輪詢成功百分比
internal,dsEdit.internal.autoCreate.names.pollingDuration,Poll duration,Poll duration,輪詢持續時間
internal,dsEdit.internal.autoCreate.names.persistentConnectionTime,Connection time,Connection time,連接時間
internal,dsEdit.internal.autoCreate.names.persistentConnectedPoints,Connected points,Connected points,連接點
internal,dsEdit.internal.autoCreate.names.persistentTotalConnections,Total connections,Total connections,總連接
internal,dsEdit.internal.autoCreate.names.persistentTimeouts,Timeouts,Timeouts,逾時
internal,dsEdit.internal.autoCreate.names.persistentReceiveRate,Recieving rate,Recieving rate,收回率
jmxds,jmx.description,Data source that reads and writes via JMX,Data source that reads and writes via JMX,通過JMX讀取和寫入入的資料來源
jmxds,dox.jmxDS,JMX data source,JMX data source,JMX資料來源
jmxds,dox.jmxPP,JMX point properties,JMX point properties,JMX點屬性
jmxds,dsEdit.jmx,JMX,JMX,JMX
jmxds,dsEdit.jmx.dsconn.local,Local server,Local server,本地伺服器
jmxds,dsEdit.jmx.dsconn.remote,{0},{0},{0}
jmxds,dsEdit.jmx.desc,JMX data source properties,JMX data source properties,JMX資料來源屬性
jmxds,dsEdit.jmx.useLocalServer,Use local JMX server,Use local JMX server,使用本地JMX伺服器
jmxds,dsEdit.jmx.remoteServerAddr,Remote JMX server address,Remote JMX server address,遠端JMX伺服器地址
jmxds,dsEdit.jmx.objectName,Object name,Object name,對象名稱
jmxds,dsEdit.jmx.attributeName,Attribute name,Attribute name,屬性名稱
jmxds,dsEdit.jmx.compositeItemName,Composite item name,Composite item name,複合項目名稱
jmxds,dsEdit.jmx.objectNameError,Bad object name ''{0}'' in ''{1}'': {2},Bad object name ''{0}'' in ''{1}'': {2},壞對象名稱''{0}'in''{1}''：{2}
jmxds,dsEdit.jmx.objectNameNotFound,Object name ''{0}'' in ''{1}'' not found,Object name ''{0}'' in ''{1}'' not found,對象名稱''{0}''in​​​​''{1}'找不到
jmxds,dsEdit.jmx.attributeNameNotFound,Cannot find attribute ''{0}'' in ''{1}'',Cannot find attribute ''{0}'' in ''{1}'',找不到屬性''{0}''in​​​​''{1}''
jmxds,dsEdit.jmx.attributeNotComposite,Attribute ''{0}'' in ''{1}'' is not composite,Attribute ''{0}'' in ''{1}'' is not composite,屬性''{0}''in​​​​''{1}'不是複合
jmxds,dsEdit.jmx.compositeNameNotFound,Cannot find composite item ''{0}'' in ''{1}'',Cannot find composite item ''{0}'' in ''{1}'',找不到復合項目''{0}''in​​​​''{1}'''
jmxds,dsEdit.jmx.attributeTypeNotSupported,The type ''{0}'' in ''{1}'' is not supported,The type ''{0}'' in ''{1}'' is not supported,不支持類型''{0}''in​​​​''{1}'
jmxds,dsEdit.jmx.compositeTypeNotSupported,The type ''{0}'' in ''{1}'' is not supported,The type ''{0}'' in ''{1}'' is not supported,不支持類型''{0}''in​​​​''{1}'
jmxds,dsEdit.jmx.writeFailed,Write failed for ''{0}'',Write failed for ''{0}'',寫入失敗的“ {0}''
jmxds,dsEdit.jmx.writeFailed.composite,Write failed for ''{0}'': cannot write to a composite object item,Write failed for ''{0}'': cannot write to a composite object item,寫入失敗的“ {0}''：無法寫入入複合對象項目
jmxds,dsEdit.jmx.writeFailed.msg,Write failed for ''{0}'': {1},Write failed for ''{0}'': {1},寫入失敗的“ {0}''：{1}
jmxds,dsEdit.jmx.inspect,JMX server inspection,JMX server inspection,JMX伺服器檢查
jmxds,dsEdit.jmx.getObjectNames,Get object names,Get object names,取得對象名稱
jmxds,dsEdit.jmx.gettingObjectNames,Getting object names...,Getting object names...,取得對象名稱...
jmxds,dsEdit.jmx.badUrl,Malformed remote server address: {0},Malformed remote server address: {0},畸形的遠端伺服器地址：{0}
jmxds,dsEdit.jmx.connectionError,Connection error: {0},Connection error: {0},連接錯誤：{0}
jmxds,dsEdit.jmx.readError,Read error: {0},Read error: {0},讀取錯誤：{0}
jmxds,dsEdit.jmx.addPoint,Add point,Add point,新增點
jsonFileImport,jsonfile.desc,Ability to import JSON files into Mango as data,Ability to import JSON files into Mango as data,能夠將JSON檔案導入 Mango 作為資料
jsonFileImport,jsonfile.path,{0},{0},{0}
lang_zh,literal,{0},{0},{0}
lang_zh,common.default,{0},{0},{0}
lang_zh,common.counting.st,{0}st,{0} st,{0} st
lang_zh,common.counting.nd,{0}nd,{0} nd,{0} nd
lang_zh,common.counting.rd,{0}rd,{0} rd,{0} rd
lang_zh,common.counting.th,{0}th,{0} th,{0} th
lang_zh,common.tp.description,{0} {1},{0} {1},{0} {1}
lang_zh,common.durationStd,{0},{0},{0}
lang_zh,ftl.subject.alias,{0} ({1}),{0}（{1}）,{0}（{1}）
lang_zh,ftl.subject.alias.id,{0} ({1}) - id:{2},{0}（{1}） -  ID：{2},{0}（{1}） -  ID：{2}
lang_zh,modules.guid,GUID,GUID,GUID
lang_zh,dsEdit.ebi25,EBI25,EBI25,EBI25
lang_zh,dsEdit.ebi25.unit.ph,pH,ph,ph
lang_zh,dsEdit.serial.flow.rtsCts,RTS/CTS,RTS/CTS,RTS/CTS
lang_zh,dsEdit.serial.flow.xonXoff,Xon/Xoff,XON/XOFF,XON/XOFF
lang_zh,dsEdit.viconics.panId,PAN ID,PAN ID,PAN ID
lang_zh,dsEdit.viconics.ieee,IEEE,IEEE,IEEE
lang_zh,dsEdit.viconics.trss,TRSS,TRS,TRS
lang_zh,dsEdit.viconics.crss,CRSS,CRS,CRS
lang_zh,emport.systemSettings.prefix,''{0}'' : {1},''{0}''：{1},''{0}''：{1}
lang_zh,emport.publisher.prefix,Publisher ''{0}'': {1},Publisher''{0}''：{1},Publisher''{0}''：{1}
lang_zh,events.id,Id,ID,ID
lang_zh,events.search.id,Id,ID,ID
lang_zh,events.ackedByUser,0,0,0
lang_zh,events.export.ackedByUser,{0},{0},{0}
lang_zh,<a href,"""https://www.mozilla.org/firefox/"" target=""_blank"">Mozilla Firefox</a>.",“ https://www.mozilla.org/firefox/” target =“ _ blank”> mozilla firefox </a>。,“ https://www.mozilla.org/firefox/” target =“ _ blank”> mozilla firefox </a>。
lang_zh,systemSettings.upgradeState.beta,Beta,beta,beta
lang_zh,event.audit.changedProperty,"<br/>&nbsp;&nbsp;&nbsp;&nbsp;{0}: ""{1}"" to ""{2}""",<br/>＆nbsp;＆nbsp;＆nbsp;＆nbsp; {0}：“ {1}” to“ {2}”,<br/>＆nbsp;＆nbsp;＆nbsp;＆nbsp; {0}：“ {1}” to“ {2}”
lang_zh,event.audit.property,"<br/>&nbsp;&nbsp;&nbsp;&nbsp;{0}=""{1}""",<br/>＆nbsp;＆nbsp;＆nbsp;＆nbsp; {0} =“ {1}”,<br/>＆nbsp;＆nbsp;＆nbsp;＆nbsp; {0} =“ {1}”
lang_zh,event.audit.propertyList.1,{0},{0},{0}
lang_zh,event.audit.propertyList.2,{0}{1},{0} {1},{0} {1}
lang_zh,event.audit.propertyList.3,{0}{1}{2},{0} {1} {2},{0} {1} {2}
lang_zh,event.audit.propertyList.4,{0}{1}{2}{3},{0} {1} {2} {3},{0} {1} {2} {3}
lang_zh,event.audit.propertyList.5,{0}{1}{2}{3}{4},{0} {1} {2} {3} {4},{0} {1} {2} {3} {4}
lang_zh,event.audit.propertyList.6,{0}{1}{2}{3}{4}{5},{0} {1} {2} {3} {4} {5},{0} {1} {2} {3} {4} {5}
lang_zh,event.audit.propertyList.7,{0}{1}{2}{3}{4}{5}{6},{0} {1} {2} {3} {4} {5} {6},{0} {1} {2} {3} {4} {5} {6}
lang_zh,event.audit.propertyList.8,{0}{1}{2}{3}{4}{5}{6}{7},{0} {1} {2} {3} {4} {5} {6} {6} {7},{0} {1} {2} {3} {4} {5} {6} {6} {7}
lang_zh,event.audit.propertyList.9,{0}{1}{2}{3}{4}{5}{6}{7}{8},{0} {1} {2} {3} {4} {5} {6} {6} {7} {8} {8} {8},{0} {1} {2} {3} {4} {5} {6} {6} {7} {8} {8} {8}
lang_zh,event.audit.propertyList.10,{0}{1}{2}{3}{4}{5}{6}{7}{8}{9},{0} {1} {2} {3} {4} {5} {6} {6} {7} {8} {8} {9},{0} {1} {2} {3} {4} {5} {6} {6} {7} {8} {8} {9}
lang_zh,event.audit.propertyList.11,{0}{1}{2}{3}{4}{5}{6}{7}{8}{9}{10},{0} {1} {2} {3} {4} {5} {6} {6} {7} {8} {8} {9} {10} {10},{0} {1} {2} {3} {4} {5} {6} {6} {7} {8} {8} {9} {10} {10}
lang_zh,event.audit.propertyList.12,{0}{1}{2}{3}{4}{5}{6}{7}{8}{9}{10}{11},{0} {1} {2} {3} {4} {5} {6} {6} {7} {8} {8} {9} {10} {10} {11} {11},{0} {1} {2} {3} {4} {5} {6} {6} {7} {8} {8} {9} {10} {10} {11} {11}
lang_zh,event.audit.propertyList.13,{0}{1}{2}{3}{4}{5}{6}{7}{8}{9}{10}{11}{12},{0} {1} {2} {3} {4} {5} {6} {6} {7} {8} {8} {9} {10} {10} {11} {12} {12} {12},{0} {1} {2} {3} {4} {5} {6} {6} {7} {8} {8} {9} {10} {10} {11} {12} {12} {12}
lang_zh,event.audit.propertyList.14,{0}{1}{2}{3}{4}{5}{6}{7}{8}{9}{10}{11}{12}{13},{0} {1} {2} {3} {4} {5} {6} {6} {7} {8} {8} {9} {9} {10} {11} {11} {12} {13} {13} {13} {13},{0} {1} {2} {3} {4} {5} {6} {6} {7} {8} {8} {9} {9} {10} {11} {11} {12} {13} {13} {13} {13}
lang_zh,event.audit.propertyList.15,{0}{1}{2}{3}{4}{5}{6}{7}{8}{9}{10}{11}{12}{13}{14},{0} {1} {2} {3} {4} {5} {6} {6} {7} {7} {8} {9} {9} {10} {11} {11} {12} {13} {13} {14} {14} {14},{0} {1} {2} {3} {4} {5} {6} {6} {7} {7} {8} {9} {9} {10} {11} {11} {12} {13} {13} {14} {14} {14}
lang_zh,event.audit.propertyList.16,{0}{1}{2}{3}{4}{5}{6}{7}{8}{9}{10}{11}{12}{13}{14}{15},{0} {1} {2} {3} {4} {5} {6} {6} {7} {8} {8} {9} {10} {10} {11} {11} {12} {13} {13} {13} {14} {14} {15} {15} {15} {15} {15},{0} {1} {2} {3} {4} {5} {6} {6} {7} {8} {8} {9} {10} {10} {11} {11} {12} {13} {13} {13} {14} {14} {15} {15} {15} {15} {15}
lang_zh,event.audit.propertyList.17,{0}{1}{2}{3}{4}{5}{6}{7}{8}{9}{10}{11}{12}{13}{14}{15}{16},{0} {1} {2} {3} {4} {5} {6} {6} {7} {8} {8} {9} {9} {10} {11} {11} {12} {13} {13} {13} {14} {14} {15} {15} {16} {16} {16} {16} {16},{0} {1} {2} {3} {4} {5} {6} {6} {7} {8} {8} {9} {9} {10} {11} {11} {12} {13} {13} {13} {14} {14} {15} {15} {16} {16} {16} {16} {16}
lang_zh,event.audit.propertyList.18,{0}{1}{2}{3}{4}{5}{6}{7}{8}{9}{10}{11}{12}{13}{14}{15}{16}{17},{0} {1} {2} {3} {4} {5} {6} {6} {7} {7} {8} {9} {9} {10} {11} {11} {12} {13} {13} {13} {14} {14} {15} {15} {17} {17} {17} {17} {17} {17} {17} {17} {17} {17},{0} {1} {2} {3} {4} {5} {6} {6} {7} {7} {8} {9} {9} {10} {11} {11} {12} {13} {13} {13} {14} {14} {15} {15} {17} {17} {17} {17} {17} {17} {17} {17} {17} {17}
lang_zh,event.audit.propertyList.19,{0}{1}{2}{3}{4}{5}{6}{7}{8}{9}{10}{11}{12}{13}{14}{15}{16}{17}{18},{0} {1} {2} {3} {4} {5} {6} {6} {7} {8} {8} {9} {9} {10} {10} {11} {11} {12} {13} {13} {14} {14} {15} {15} {17} {17} {17} {17},{0} {1} {2} {3} {4} {5} {6} {6} {7} {8} {8} {9} {9} {10} {10} {11} {11} {12} {13} {13} {14} {14} {15} {15} {17} {17} {17} {17}
lang_zh,event.audit.propertyList.20,{0}{1}{2}{3}{4}{5}{6}{7}{8}{9}{10}{11}{12}{13}{14}{15}{16}{17}{18}{19},{0} {1} {2} {3} {4} {5} {6} {6} {7} {7} {8} {9} {9} {10} {10} {11} {11} {12} {13} {13} {14} {14} {15} {15} {16} {17} {17} {17} {17} {18},{0} {1} {2} {3} {4} {5} {6} {6} {7} {7} {8} {9} {9} {10} {10} {11} {11} {12} {13} {13} {14} {14} {15} {15} {16} {17} {17} {17} {17} {18}
lang_zh,event.audit.propertyList.21,{0}{1}{2}{3}{4}{5}{6}{7}{8}{9}{10}{11}{12}{13}{14}{15}{16}{17}{18}{19}{20},{0} {1} {2} {3} {4} {5} {6} {6} {7} {8} {8} {9} {9} {10} {10} {11} {11} {12} {13} {13} {13} {14} {14} {15} {15} {16} {17} {17} {17} {17} {18} {18}},{0} {1} {2} {3} {4} {5} {6} {6} {7} {8} {8} {9} {9} {10} {10} {11} {11} {12} {13} {13} {13} {14} {14} {15} {15} {16} {17} {17} {17} {17} {18} {18}}
lang_zh,event.audit.propertyList.22,{0}{1}{2}{3}{4}{5}{6}{7}{8}{9}{10}{11}{12}{13}{14}{15}{16}{17}{18}{19}{20}{21},{0} {1} {2} {3} {4} {5} {6} {6} {7} {8} {8} {9} {10} {10} {11} {11} {12} {12} {13} {13} {14} {14} {15} {15} {16} {17} {17} {17} {18} {18}},{0} {1} {2} {3} {4} {5} {6} {6} {7} {8} {8} {9} {10} {10} {11} {11} {12} {12} {13} {13} {14} {14} {15} {15} {16} {17} {17} {17} {18} {18}}
lang_zh,event.audit.propertyList.23,{0}{1}{2}{3}{4}{5}{6}{7}{8}{9}{10}{11}{12}{13}{14}{15}{16}{17}{18}{19}{20}{21}{22},{0} {1} {2} {3} {4} {5} {6} {6} {7} {7} {8} {9} {9} {10} {10} {11} {11} {12} {13} {13} {14} {14} {15} {15} {16} {17} {17} {17} {18}},{0} {1} {2} {3} {4} {5} {6} {6} {7} {7} {8} {9} {9} {10} {10} {11} {11} {12} {13} {13} {14} {14} {15} {15} {16} {17} {17} {17} {18}}
lang_zh,event.audit.propertyList.24,{0}{1}{2}{3}{4}{5}{6}{7}{8}{9}{10}{11}{12}{13}{14}{15}{16}{17}{18}{19}{20}{21}{22}{23},{0} {1} {2} {3} {4} {5} {6} {6} {7} {8} {8} {9} {9} {10} {11} {11} {12} {12} { 13} {14} {15} {16} {17} {18} {19} {20} {20} {21} {22} {22} {23},{0} {1} {2} {3} {4} {5} {6} {6} {7} {8} {8} {9} {9} {10} {11} {11} {12} {12} { 13} {14} {15} {16} {17} {18} {19} {20} {20} {21} {22} {22} {23}
lang_zh,event.audit.propertyList.25,{0}{1}{2}{3}{4}{5}{6}{7}{8}{9}{10}{11}{12}{13}{14}{15}{16}{17}{18}{19}{20}{21}{22}{23}{24},{0} {1} {2} {3} {4} {5} {6} {7} {7} {8} {9} {9} {10} {11} {11} {12} {12} {13 } {14} {15} {16} {17} {18} {19} {20} {20} {21} {22} {22} {23} {24},{0} {1} {2} {3} {4} {5} {6} {7} {7} {8} {9} {9} {10} {11} {11} {12} {12} {13 } {14} {15} {16} {17} {18} {19} {20} {20} {21} {22} {22} {23} {24}
lang_zh,event.audit.propertyList.26,{0}{1}{2}{3}{4}{5}{6}{7}{8}{9}{10}{11}{12}{13}{14}{15}{16}{17}{18}{19}{20}{21}{22}{23}{24}{25},{0} {1} {2} {3} {4} {5} {6} {6} {7} {8} {8} {9} {9} {10} {11} {11} {12} {13} {13} {13} { 14} {15} {16} {17} {18} {19} {20} {20} {21} {22} {22} {23} {24} {25} {25},{0} {1} {2} {3} {4} {5} {6} {6} {7} {8} {8} {9} {9} {10} {11} {11} {12} {13} {13} {13} { 14} {15} {16} {17} {18} {19} {20} {20} {21} {22} {22} {23} {24} {25} {25}
lang_zh,event.audit.propertyList.27,{0}{1}{2}{3}{4}{5}{6}{7}{8}{9}{10}{11}{12}{13}{14}{15}{16}{17}{18}{19}{20}{21}{22}{23}{24}{25}{26},{0} {1} {2} {3} {4} {5} {6} {6} {7} {8} {8} {9} {10} {10} {11} {11} {12} {13} {13} {13} {14 } {15} {16} {17} {18} {19} {20} {20} {21} {22} {22} {23} {24} {24} {25} {26} {26},{0} {1} {2} {3} {4} {5} {6} {6} {7} {8} {8} {9} {10} {10} {11} {11} {12} {13} {13} {13} {14 } {15} {16} {17} {18} {19} {20} {20} {21} {22} {22} {23} {24} {24} {25} {26} {26}
lang_zh,event.audit.propertyList.28,{0}{1}{2}{3}{4}{5}{6}{7}{8}{9}{10}{11}{12}{13}{14}{15}{16}{17}{18}{19}{20}{21}{22}{23}{24}{25}{26}{27},{0} {1} {2} {3} {4} {5} {6} {6} {7} {8} {8} {9} {9} {10} {11} {11} {12} {12} {13} {13} {14} {14} {14} { 15} {16} {17} {18} {19} {20} {21} {22} {22} {23} {24} {24} {25} {26} {26} {27} {27},{0} {1} {2} {3} {4} {5} {6} {6} {7} {8} {8} {9} {9} {10} {11} {11} {12} {12} {13} {13} {14} {14} {14} { 15} {16} {17} {18} {19} {20} {21} {22} {22} {23} {24} {24} {25} {26} {26} {27} {27}
lang_zh,event.audit.propertyList.29,{0}{1}{2}{3}{4}{5}{6}{7}{8}{9}{10}{11}{12}{13}{14}{15}{16}{17}{18}{19}{20}{21}{22}{23}{24}{25}{26}{27}{28},{0} {1} {2} {3} {4} {5} {6} {6} {7} {8} {8} {9} {10} {10} {11} {11} {12} {13} {13} {13} {14} {14} {14} {15 } {16} {17} {18} {19} {20} {21} {22} {22} {23} {24} {25} {25} {26} {27} {27} {28} {28},{0} {1} {2} {3} {4} {5} {6} {6} {7} {8} {8} {9} {10} {10} {11} {11} {12} {13} {13} {13} {14} {14} {14} {15 } {16} {17} {18} {19} {20} {21} {22} {22} {23} {24} {25} {25} {26} {27} {27} {28} {28}
lang_zh,event.audit.propertyList.30,{0}{1}{2}{3}{4}{5}{6}{7}{8}{9}{10}{11}{12}{13}{14}{15}{16}{17}{18}{19}{20}{21}{22}{23}{24}{25}{26}{27}{28}{29},{0} {1} {2} {3} {4} {5} {6} {6} {7} {8} {8} {9} {9} {10} {11} {11} {12} {13} {13} {13} {14} {14} {15} {15} {15} {15} {15} {15} { 16} {17} {18} {19} {20} {21} {22} {22} {23} {24} {25} {25} {26} {27} {27} {28} {29} {29} {29},{0} {1} {2} {3} {4} {5} {6} {6} {7} {8} {8} {9} {9} {10} {11} {11} {12} {13} {13} {13} {14} {14} {15} {15} {15} {15} {15} {15} { 16} {17} {18} {19} {20} {21} {22} {22} {23} {24} {25} {25} {26} {27} {27} {28} {29} {29} {29}
lang_zh,event.audit.recip.list.1,{0},{0},{0}
lang_zh,event.audit.recip.list.2,"{0}, {1}",{0}，{1},{0}，{1}
lang_zh,event.audit.recip.list.3,"{0}, {1}, {2}",{0}，{1}，{2},{0}，{1}，{2}
lang_zh,event.audit.recip.list.4,"{0}, {1}, {2}, {3}",{0}，{1}，{2}，{3},{0}，{1}，{2}，{3}
lang_zh,event.audit.recip.list.5,"{0}, {1}, {2}, {3}, {4}",{0}，{1}，{2}，{3}，{4},{0}，{1}，{2}，{3}，{4}
lang_zh,event.audit.recip.list.6,"{0}, {1}, {2}, {3}, {4}, {5}",{0}，{1}，{2}，{3}，{4}，{5},{0}，{1}，{2}，{3}，{4}，{5}
lang_zh,event.audit.recip.list.7,"{0}, {1}, {2}, {3}, {4}, {5}, {6}",{0}，{1}，{2}，{3}，{4}，{5}，{6},{0}，{1}，{2}，{3}，{4}，{5}，{6}
lang_zh,event.audit.recip.list.8,"{0}, {1}, {2}, {3}, {4}, {5}, {6}, {7}",{0}，{1}，{2}，{3}，{4}，{5}，{6}，{7},{0}，{1}，{2}，{3}，{4}，{5}，{6}，{7}
lang_zh,event.audit.recip.list.9,"{0}, {1}, {2}, {3}, {4}, {5}, {6}, {7}, {8}",{0}，{1}，{2}，{3}，{4}，{5}，{6}，{7}，{8},{0}，{1}，{2}，{3}，{4}，{5}，{6}，{7}，{8}
lang_zh,event.audit.recip.list.10,"{0}, {1}, {2}, {3}, {4}, {5}, {6}, {7}, {8}, {9}",{0}，{1}，{2}，{3}，{4}，{5}，{6}，{7}，{8}，{9},{0}，{1}，{2}，{3}，{4}，{5}，{6}，{7}，{8}，{9}
lang_zh,event.audit.recip.list.11,"{0}, {1}, {2}, {3}, {4}, {5}, {6}, {7}, {8}, {9}, {10}",{0}，{1}，{2}，{3}，{4}，{5}，{6}，{7}，{8}，{8}，{9}，{10},{0}，{1}，{2}，{3}，{4}，{5}，{6}，{7}，{8}，{8}，{9}，{10}
lang_zh,event.audit.recip.list.12,"{0}, {1}, {2}, {3}, {4}, {5}, {6}, {7}, {8}, {9}, {10}, {11}",{0}，{1}，{2}，{3}，{4}，{5}，{6}，{7}，{8}，{9}，{9}，{10}，{11}，{11},{0}，{1}，{2}，{3}，{4}，{5}，{6}，{7}，{8}，{9}，{9}，{10}，{11}，{11}
lang_zh,event.audit.recip.list.13,"{0}, {1}, {2}, {3}, {4}, {5}, {6}, {7}, {8}, {9}, {10}, {11}, {12}",{0}，{1}，{2}，{3}，{4}，{5}，{6}，{7}，{8}，{8}，{9}，{10}，{11}，{11}，{12}，{12}，{12},{0}，{1}，{2}，{3}，{4}，{5}，{6}，{7}，{8}，{8}，{9}，{10}，{11}，{11}，{12}，{12}，{12}
lang_zh,event.audit.recip.list.14,"{0}, {1}, {2}, {3}, {4}, {5}, {6}, {7}, {8}, {9}, {10}, {11}, {12}, {13}",{0}，{1}，{2}，{3}，{4}，{5}，{6}，{7}，{7}，{8}，{9}，{10}，{10}，{11}，{11}，{12}，{13}，{13}，{13},{0}，{1}，{2}，{3}，{4}，{5}，{6}，{7}，{7}，{8}，{9}，{10}，{10}，{11}，{11}，{12}，{13}，{13}，{13}
lang_zh,event.audit.recip.list.15,"{0}, {1}, {2}, {3}, {4}, {5}, {6}, {7}, {8}, {9}, {10}, {11}, {12}, {13}, {14}",{0}，{1}，{2}，{3}，{4}，{5}，{6}，{7}，{7}，{8}，{9}，{9}，{10}，{11}，{11}，{12}，{12}，{13}，{13}，{14}，{14}，{14}，{14}，{14}，{14}，{14}，{14},{0}，{1}，{2}，{3}，{4}，{5}，{6}，{7}，{7}，{8}，{9}，{9}，{10}，{11}，{11}，{12}，{12}，{13}，{13}，{14}，{14}，{14}，{14}，{14}，{14}，{14}，{14}
lang_zh,event.audit.recip.list.16,"{0}, {1}, {2}, {3}, {4}, {5}, {6}, {7}, {8}, {9}, {10}, {11}, {12}, {13}, {14}, {15}",{0}，{1}，{2}，{3}，{4}，{5}，{6}，{7}，{7}，{8}，{9}，{9}，{10}，{11}，{11}，{12}，{12}，{13}，{13}，{14}，{14}，{15}，{15}，{15}，{15}，{15}，{15}，{15}，{15}，{15}，{15}，{15}，{15},{0}，{1}，{2}，{3}，{4}，{5}，{6}，{7}，{7}，{8}，{9}，{9}，{10}，{11}，{11}，{12}，{12}，{13}，{13}，{14}，{14}，{15}，{15}，{15}，{15}，{15}，{15}，{15}，{15}，{15}，{15}，{15}，{15}
lang_zh,event.audit.recip.list.17,"{0}, {1}, {2}, {3}, {4}, {5}, {6}, {7}, {8}, {9}, {10}, {11}, {12}, {13}, {14}, {15}, {16}",{0}，{1}，{2}，{3}，{4}，{5}，{6}，{7}，{7}，{8}，{9}，{9}，{10}，{11}，{11}，{12}，{12}，{13}，{13}，{13}，{14}，{14}，{15}，{15}，{15}，{15}，{16}，{16 16},{0}，{1}，{2}，{3}，{4}，{5}，{6}，{7}，{7}，{8}，{9}，{9}，{10}，{11}，{11}，{12}，{12}，{13}，{13}，{13}，{14}，{14}，{15}，{15}，{15}，{15}，{16}，{16 16}
lang_zh,event.audit.recip.list.18,"{0}, {1}, {2}, {3}, {4}, {5}, {6}, {7}, {8}, {9}, {10}, {11}, {12}, {13}, {14}, {15}, {16}, {17}",{0}，{1}，{2}，{3}，{4}，{5}，{6}，{7}，{8}，{8}，{9}，{10}，{10}，{11}，{11}，{12}，{12}，{13}，{13}，{13}，{14}，{14}，{14}，{15}，{15}，{16}，{16}，{16},{0}，{1}，{2}，{3}，{4}，{5}，{6}，{7}，{8}，{8}，{9}，{10}，{10}，{11}，{11}，{12}，{12}，{13}，{13}，{13}，{14}，{14}，{14}，{15}，{15}，{16}，{16}，{16}
lang_zh,event.audit.recip.list.19,"{0}, {1}, {2}, {3}, {4}, {5}, {6}, {7}, {8}, {9}, {10}, {11}, {12}, {13}, {14}, {15}, {16}, {17}, {18}","{0}, {1}, {2}, {3}, {4}, {5}, {6}, {7}, {8}, {9}, {10}, {11}, {12}, {13}, {14}, {15}, {16}, {17}, {18}","{0}, {1}, {2}, {3}, {4}, {5}, {6}, {7}, {8}, {9}, {10}, {11}, {12}, {13}, {14}, {15}, {16}, {17}, {18}"
lang_zh,event.audit.recip.list.20,"{0}, {1}, {2}, {3}, {4}, {5}, {6}, {7}, {8}, {9}, {10}, {11}, {12}, {13}, {14}, {15}, {16}, {17}, {18}, {19}","{0}, {1}, {2}, {3}, {4}, {5}, {6}, {7}, {8}, {9}, {10}, {11}, {12}, {13}, {14}, {15}, {16}, {17}, {18}, {19}","{0}, {1}, {2}, {3}, {4}, {5}, {6}, {7}, {8}, {9}, {10}, {11}, {12}, {13}, {14}, {15}, {16}, {17}, {18}, {19}"
lang_zh,event.audit.recip.list.21,"{0}, {1}, {2}, {3}, {4}, {5}, {6}, {7}, {8}, {9}, {10}, {11}, {12}, {13}, {14}, {15}, {16}, {17}, {18}, {19}, {20}","{0}, {1}, {2}, {3}, {4}, {5}, {6}, {7}, {8}, {9}, {10}, {11}, {12}, {13}, {14}, {15}, {16}, {17}, {18}, {19}，{20}","{0}, {1}, {2}, {3}, {4}, {5}, {6}, {7}, {8}, {9}, {10}, {11}, {12}, {13}, {14}, {15}, {16}, {17}, {18}, {19}，{20}"
lang_zh,event.audit.recip.list.22,"{0}, {1}, {2}, {3}, {4}, {5}, {6}, {7}, {8}, {9}, {10}, {11}, {12}, {13}, {14}, {15}, {16}, {17}, {18}, {19}, {20}, {21}","{0}, {1}, {2}, {3}, {4}, {5}, {6}, {7}, {8}, {9}, {10}, {11}, {12}, {13}, {14}, {15}, {16}, {17}, {18}, {19}，{20}，{21}","{0}, {1}, {2}, {3}, {4}, {5}, {6}, {7}, {8}, {9}, {10}, {11}, {12}, {13}, {14}, {15}, {16}, {17}, {18}, {19}，{20}，{21}"
lang_zh,event.audit.recip.list.23,"{0}, {1}, {2}, {3}, {4}, {5}, {6}, {7}, {8}, {9}, {10}, {11}, {12}, {13}, {14}, {15}, {16}, {17}, {18}, {19}, {20}, {21}, {22}","{0}, {1}, {2}, {3}, {4}, {5}, {6}, {7}, {8}, {9}, {10}, {11}, {12}, {13}, {14}, {15}, {16}, {17}, {18}, {19}，{20}，{21}，{22}","{0}, {1}, {2}, {3}, {4}, {5}, {6}, {7}, {8}, {9}, {10}, {11}, {12}, {13}, {14}, {15}, {16}, {17}, {18}, {19}，{20}，{21}，{22}"
lang_zh,event.audit.recip.list.24,"{0}, {1}, {2}, {3}, {4}, {5}, {6}, {7}, {8}, {9}, {10}, {11}, {12}, {13}, {14}, {15}, {16}, {17}, {18}, {19}, {20}, {21}, {22}, {23}","{0}, {1}, {2}, {3}, {4}, {5}, {6}, {7}, {8}, {9}, {10}, {11}, {12}, {13}, {14}, {15}, {16}, {17}, {18}, {19}，{20}，{21}，{22}，{23}","{0}, {1}, {2}, {3}, {4}, {5}, {6}, {7}, {8}, {9}, {10}, {11}, {12}, {13}, {14}, {15}, {16}, {17}, {18}, {19}，{20}，{21}，{22}，{23}"
lang_zh,event.audit.recip.list.25,"{0}, {1}, {2}, {3}, {4}, {5}, {6}, {7}, {8}, {9}, {10}, {11}, {12}, {13}, {14}, {15}, {16}, {17}, {18}, {19}, {20}, {21}, {22}, {23}, {24}","{0}, {1}, {2}, {3}, {4}, {5}, {6}, {7}, {8}, {9}, {10}, {11}, {12}, {13}, {14}, {15}, {16}, {17}, {18}, {19}，{20}，{21}，{22}，{23}，{24}","{0}, {1}, {2}, {3}, {4}, {5}, {6}, {7}, {8}, {9}, {10}, {11}, {12}, {13}, {14}, {15}, {16}, {17}, {18}, {19}，{20}，{21}，{22}，{23}，{24}"
lang_zh,event.audit.recip.list.26,"{0}, {1}, {2}, {3}, {4}, {5}, {6}, {7}, {8}, {9}, {10}, {11}, {12}, {13}, {14}, {15}, {16}, {17}, {18}, {19}, {20}, {21}, {22}, {23}, {24}, {25}","{0}, {1}, {2}, {3}, {4}, {5}, {6}, {7}, {8}, {9}, {10}, {11}, {12}, {13}, {14}, {15}, {16}, {17}, {18}, {19}，{20}，{21}，{22}，{23}，{24}，{25}","{0}, {1}, {2}, {3}, {4}, {5}, {6}, {7}, {8}, {9}, {10}, {11}, {12}, {13}, {14}, {15}, {16}, {17}, {18}, {19}，{20}，{21}，{22}，{23}，{24}，{25}"
lang_zh,event.audit.recip.list.27,"{0}, {1}, {2}, {3}, {4}, {5}, {6}, {7}, {8}, {9}, {10}, {11}, {12}, {13}, {14}, {15}, {16}, {17}, {18}, {19}, {20}, {21}, {22}, {23}, {24}, {25}, {26}","{0}, {1}, {2}, {3}, {4}, {5}, {6}, {7}, {8}, {9}, {10}, {11}, {12}, {13}, {14}, {15}, {16}, {17}, {18}, {19}，{20}，{21}，{22}，{23}，{24}，{25}，{26}","{0}, {1}, {2}, {3}, {4}, {5}, {6}, {7}, {8}, {9}, {10}, {11}, {12}, {13}, {14}, {15}, {16}, {17}, {18}, {19}，{20}，{21}，{22}，{23}，{24}，{25}，{26}"
lang_zh,event.audit.recip.list.28,"{0}, {1}, {2}, {3}, {4}, {5}, {6}, {7}, {8}, {9}, {10}, {11}, {12}, {13}, {14}, {15}, {16}, {17}, {18}, {19}, {20}, {21}, {22}, {23}, {24}, {25}, {26}, {27}","{0}, {1}, {2}, {3}, {4}, {5}, {6}, {7}, {8}, {9}, {10}, {11}, {12}, {13}, {14}, {15}, {16}, {17}, {18}, {19}，{20}，{21}，{22}，{23}，{24}，{25}，{26}，{27}","{0}, {1}, {2}, {3}, {4}, {5}, {6}, {7}, {8}, {9}, {10}, {11}, {12}, {13}, {14}, {15}, {16}, {17}, {18}, {19}，{20}，{21}，{22}，{23}，{24}，{25}，{26}，{27}"
lang_zh,event.audit.recip.list.29,"{0}, {1}, {2}, {3}, {4}, {5}, {6}, {7}, {8}, {9}, {10}, {11}, {12}, {13}, {14}, {15}, {16}, {17}, {18}, {19}, {20}, {21}, {22}, {23}, {24}, {25}, {26}, {27}, {28}","{0}, {1}, {2}, {3}, {4}, {5}, {6}, {7}, {8}, {9}, {10}, {11}, {12}, {13}, {14}, {15}, {16}, {17}, {18}, {19}，{20}，{21}，{22}，{23}，{24}，{25}，{26}，{27}，{28}","{0}, {1}, {2}, {3}, {4}, {5}, {6}, {7}, {8}, {9}, {10}, {11}, {12}, {13}, {14}, {15}, {16}, {17}, {18}, {19}，{20}，{21}，{22}，{23}，{24}，{25}，{26}，{27}，{28}"
lang_zh,event.audit.recip.list.30,"{0}, {1}, {2}, {3}, {4}, {5}, {6}, {7}, {8}, {9}, {10}, {11}, {12}, {13}, {14}, {15}, {16}, {17}, {18}, {19}, {20}, {21}, {22}, {23}, {24}, {25}, {26}, {27}, {28}, {29}","{0}, {1}, {2}, {3}, {4}, {5}, {6}, {7}, {8}, {9}, {10}, {11}, {12}, {13}, {14}, {15}, {16}, {17}, {18}, {19}，{20}，{21}，{22}，{23}，{24}，{25}，{26}，{27}，{28}，{29}，{29}","{0}, {1}, {2}, {3}, {4}, {5}, {6}, {7}, {8}, {9}, {10}, {11}, {12}, {13}, {14}, {15}, {16}, {17}, {18}, {19}，{20}，{21}，{22}，{23}，{24}，{25}，{26}，{27}，{28}，{29}，{29}"
lang_zh,event.exception2,{0}: {1},{0}：{1},{0}：{1}
lang_zh,event.ds,''{0}'': {1},''{0}''：{1},''{0}''：{1}
log4jDS,log4j.description,Data source to store logging information,Data source to store logging information,存儲記錄資訊的資料來源
log4jDS,dsEdit.log4j,Log4j,Log4j,log4j
log4jDS,dsEdit.log4jPoint,Log4j Data Point,Log4j Data Point,log4j資料點
log4jDS,dsEdit.log4j.desc,Log4j Data Source,Log4j Data Source,log4j資料來源
log4jDS,dsEdit.log4j.dsconn,Log4j Logger,Log4j Logger,log4j logger
log4jDS,dsEdit.log4j.logLevel,Log level,Log level,日誌級別
log4jDS,dsEdit.log4j.matchingRegex,Matching regex,Matching regex,符合正規表示式
log4jDS,dsEdit.log4j.useMatching,Use regex matching,Use regex matching,使用正規表示式符合
log4jDS,dsEdit.log4j.toMatch,Test Log Message to match,Test Log Message to match,測試日誌消息符合
log4jDS,dsEdit.log4j.validate,Validate,Validate,證實
log4jDS,dsEdit.log4j.test.regexMatched,Regex matched,Regex matched,正規表示式符合
log4jDS,dsEdit.log4j.test.regexNotMatched,Regex not matched,Regex not matched,正規表示式不符合
log4jDS,dsEdit.log4j.test.regexError,Regex failed: {0},Regex failed: {0},正規表示式反正失敗：{0}
log4jDS,dsEdit.log4j.sameMessageThrottleMilliseconds,Message repeat interval (ms),Message repeat interval (ms),消息重複間隔（MS）
log4jDS,dox.log4jDS,Log4j data source,Log4j data source,log4j資料來源
log4jDS,dox.log4jPP,Log4j point properties,Log4j point properties,log4j點屬性
log4JReset,log4JReset.description,Allows the reloading of the log4J configuration file via the system settings page.,Allows the reloading of the log4J configuration file via the system settings page.,允許通過系統設定頁面重新載入Log4J配置檔案。
log4JReset,log4JReset.settings.header,Log4J Reset,Log4J Reset,log4j重置
log4JReset,log4JReset.settings.reload,Reload Log4J configuration,Reload Log4J configuration,重新載入log4j配置
log4JReset,log4JReset.settings.test.debug,Test debug message,Test debug message,測試調試消息
log4JReset,log4JReset.settings.test.info,Test info message,Test info message,測試資訊消息
log4JReset,log4JReset.settings.test.warn,Test warn message,Test warn message,測試警告消息
log4JReset,log4JReset.settings.test.error,Test error message,Test error message,測試錯誤消息
log4JReset,log4JReset.settings.test.fatal,Test fatal message,Test fatal message,測試致命資訊
log4JReset,log4JReset.settings.test.select,Select test,Select test,選擇測試
log4JReset,log4JReset.settings.checkLogs,Check Logs,Check Logs,檢查日誌
log4JReset,log4JReset.settings.testError,Test error - {0},Test error - {0},測試錯誤 -  {0}
log4JReset,log4JReset.settings.testFinished,Test finished,Test finished,測試完成
loggingConsole,logging.desc,Page for viewing recent Mango logs,Page for viewing recent Mango logs,檢視最新 Mango 日誌的頁面
loggingConsole,logging.maxInMemoryHistory,Maximum in-memory log history,Maximum in-memory log history,最大內存日誌歷史記錄
loggingConsole,logging.changedUntilNextRestart,Changed until next restart.,Changed until next restart.,更改直到下一個重新啟動。
loggingConsole,logging.header.historicalLogs,Historical logs,Historical logs,歷史日誌
loggingConsole,logging.queryLogs,Query Logs,Query Logs,查詢日誌
loggingConsole,logging.email.sendLogEmail,Send logs to Infinite Automation,Send logs to Infinite Automation,將日誌發送到無限自動化
loggingConsole,logging.email.subject,Mango Logfile: {0} - {1} - {2},Mango Logfile: {0} - {1} - {2}, Mango logfile：{0}  -  {1}  -  {2}
loggingConsole,logging.email.sent,Log file sent to Infinite Automation,Log file sent to Infinite Automation,日誌檔案發送到無限自動化
loggingConsole,dox.loggingQuery,Logging RQL Help,Logging RQL Help,記錄RQL幫助
maintenanceEvents,maintenanceEvents.description,Page for creating and editing maintenance schedules that raise events at appropriate times.,Page for creating and editing maintenance schedules that raise events at appropriate times.,用於建立和編輯維護時間表的頁面，以在適當的時間提出排程。
maintenanceEvents,maintenanceEvents.select,Select maintenance event,Select maintenance event,選擇維護事件
maintenanceEvents,maintenanceEvents.new,New maintenance event,New maintenance event,新的維護事件
maintenanceEvents,maintenanceEvents.edit,Edit maintenance event ''{0}'',Edit maintenance event ''{0}'',編輯維護事件'{0}'''
maintenanceEvents,maintenanceEvents.dataSource,Data source,Data source,資料來源
maintenanceEvents,maintenanceEvents.type.cron,cron,cron,克朗
maintenanceEvents,maintenanceEvents.validate.activeTrigger,Error creating active trigger: {0},Error creating active trigger: {0},錯誤建立活動觸發器：{0}
maintenanceEvents,maintenanceEvents.validate.inactiveTrigger,Error creating inactive trigger: {0},Error creating inactive trigger: {0},錯誤建立非活動觸發器：{0}
maintenanceEvents,maintenanceEvents.validate.aliasTooLong,Alias cannot be longer than 50 characters,Alias cannot be longer than 50 characters,別名不能超過50個字符
maintenanceEvents,maintenanceEvents.validate.invalidRtn,Inactive time must be after active time,Inactive time must be after active time,不活躍的時間必須在活動時間之後
maintenanceEvents,maintenanceEvents.validate.missingDataSource,Data source with xid {0} not found,Data source with xid {0} not found,帶有XID {0}的資料來源找不到
maintenanceEvents,maintenanceEvents.validate.missingDataPoint,Data point with xid {0} not found,Data point with xid {0} not found,帶有XID {0}的資料點找不到
maintenanceEvents,maintenanceEvents.schedule.manual,{0} - Manual,{0} - Manual,{0}  - 手動
maintenanceEvents,maintenanceEvents.schedule.onceUntil,{0} - From {1} until {2},{0} - From {1} until {2},{0}  - 來自{1}直到{2}
maintenanceEvents,maintenanceEvents.schedule.hoursUntil,{0} - Every hour at {1} until {2},{0} - Every hour at {1} until {2},{0}  - 每小時{1}直到{2}
maintenanceEvents,maintenanceEvents.schedule.dailyUntil,{0} - Every day at {1} until {2},{0} - Every day at {1} until {2},{0}  - 每天在{1}直到{2}
maintenanceEvents,maintenanceEvents.schedule.weeklyUntil,{0} - Every week on {1} at {2} until {3} at {4},{0} - Every week on {1} at {2} until {3} at {4},{0}  - 每週在{1} at {2}上，直到{3} at {4}
maintenanceEvents,maintenanceEvents.schedule.monthlyUntil,{0} - Every month on the {1} at {2} until the {3} at {4},{0} - Every month on the {1} at {2} until the {3} at {4},{0}  - 每月在{1} at {2}上，直到{3} at {4}
maintenanceEvents,maintenanceEvents.schedule.yearlyUntil,{0} - Every year on the {1} of {2} at {3} until the {4} of {5} at {6},{0} - Every year on the {1} of {2} at {3} until the {4} of {5} at {6},{0}  - 每年在{3}的{1}的{1}上，直到{6} {5}的{4}
maintenanceEvents,maintenanceEvents.schedule.cronUntil,{0} - At cron {1} until {2},{0} - At cron {1} until {2},{0}  - 在cron {1}直到{2}
maintenanceEvents,emport.error.maintenanceEvent.invalid,Maintenance event has an invalid ''{0}'' value of ''{1}''. Valid values are {2},Maintenance event has an invalid ''{0}'' value of ''{1}''. Valid values are {2},維護事件具有無效的'{0}'''{1}''的值。有效值為{2}
mangoApi,mangoapi.description,Mango REST API,Mango REST API, Mango 休息API
mangoApi,rest.error.pointChangeDataSource,Moving data point to another data source is not permitted,Moving data point to another data source is not permitted,不允許將資料點移至另一個資料來源
mangoApi,rest.error.eventDetectorNotAssignedToThisPoint,Event Detector Not Actually Assigned to this point?,Event Detector Not Actually Assigned to this point?,事件檢測器實際上並未分配到這一點？
mangoApi,rest.error.noFileProvided,No file provided,No file provided,沒有提供檔案
mangoApi,rest.error.oneFileOnly,Only support for uploading 1 file at a time,Only support for uploading 1 file at a time,僅支持一次上傳1個檔案
mangoApi,rest.error.noSession,No session,No session,沒有會話
mangoApi,rest.error.invalidArrayField,Field name {0} is invalid index for array,Field name {0} is invalid index for array,字段名稱{0}是數組的無效索引
mangoApi,rest.error.cantGetFieldOfNodeType,Can't get field of node type {0},Can't get field of node type {0},無法獲得節點類型{0}的字段
mangoApi,rest.error.cantDeleteFieldOfNodeType,Can't delete field of node type {0},Can't delete field of node type {0},無法刪除節點類型{0}的字段
mangoApi,rest.error.cantSetFieldOfNodeType,Can't set field of node type {0},Can't set field of node type {0},無法設定節點類型{0}的字段
mangoApi,rest.error.cantMergeNodeTypeIntoObject,Can't merge node type {0} into object,Can't merge node type {0} into object,無法將節點類型{0}合併到對像中
mangoApi,rest.error.cantMergeIntoX,Can't merge into node type {0},Can't merge into node type {0},無法合併為節點類型{0}
mangoApi,rest.error.invalidTemplateXid,Invalid template XID,Invalid template XID,無效的範本XID
mangoApi,rest.error.invalidDataSourceXid,Invalid data source XID,Invalid data source XID,無效的資料來源XID
mangoApi,rest.error.usernamePasswordOnly,Must be authenticated via username and password,Must be authenticated via username and password,必須通過用戶名和密碼進行身份驗證
mangoApi,rest.error.emailRequired,Email address required,Email address required,需要電子郵件地址
mangoApi,rest.error.incorrectEmail,Incorrect email supplied,Incorrect email supplied,提供的電子郵件不正確
mangoApi,rest.error.invalidAuthenticationToken,Invalid authentication token,Invalid authentication token,無效的身份驗證令牌
mangoApi,rest.error.invalidPasswordResetToken,Invalid password reset token,Invalid password reset token,無效密碼重置令牌
mangoApi,rest.error.cantResetOwnUser,Can't create password reset token for own user,Can't create password reset token for own user,無法為自己的用戶建立密碼重置令牌
mangoApi,rest.error.userIsDisabled,User is disabled,User is disabled,用戶被禁用
mangoApi,rest.error.onlyAdminsCanCreateTokens,Only admins can create tokens for another user,Only admins can create tokens for another user,只有管​​​​理員才能為另一個用戶建立令牌
mangoApi,rest.error.unknownUser,Unknown user {0},Unknown user {0},未知用戶{0}
mangoApi,rest.error.mustNotBeNull,Property ''{0}'' must not be null,Property ''{0}'' must not be null,屬性'{0}'''不得為null
mangoApi,rest.error.cantBeEmpty,"Property ''{0}'' cannot be empty, size must be greater than zero","Property ''{0}'' cannot be empty, size must be greater than zero",屬性''{0}''不能為空，大小必須大於零
mangoApi,rest.error.cantDeleteIncompleteResource,Can't delete an incomplete temporary resource,Can't delete an incomplete temporary resource,無法刪除不完整的臨時資源
mangoApi,rest.error.cancelFailed,Failed to cancel resource,Failed to cancel resource,無法取消資源
mangoApi,rest.error.onlyCancel,Can only change status to cancelled,Can only change status to cancelled,只能將狀態更改為取消
mangoApi,rest.error.rejectedTaskPoolFull,"Task rejected, pool full","Task rejected, pool full",拒絕任務，池滿
mangoApi,rest.error.rejectedTaskQueueFull,"Task rejected, task queue full","Task rejected, task queue full",拒絕任務，任務隊列完整
mangoApi,rest.error.rejectedTaskAlreadyRunning,"Task rejected, already running","Task rejected, already running",拒絕任務，已經在執行
mangoApi,rest.error.dataSourceNotEnabled,Data source for point with xid {0} is not enabled,Data source for point with xid {0} is not enabled,未啟用使用XID {0}點的資料來源
mangoApi,rest.error.invalidUpgradeFile,"Invalid upgrade file, this is not a signed module, zip of signed modules or signed core zip","Invalid upgrade file, this is not a signed module, zip of signed modules or signed core zip",無效的升級檔案，這不是簽名的模塊，簽名模塊的郵政編碼或已簽名的Core Zip
mangoApi,rest.error.upgradeUploadInProgress,Upgrade upload already in progress,Upgrade upload already in progress,升級上傳已經在進行
mangoApi,rest.error.invalidEmailVerificationToken,Invalid email verification token,Invalid email verification token,無效的電子郵件驗證令牌
mangoApi,rest.error.cannotValidateAnotherUsersEmail,Only admins can request to validate other users email addresses,Only admins can request to validate other users email addresses,只有管​​​​理員可以要求驗證其他用戶的電子郵件地址
mangoApi,rest.modules.error.dependencyFailure,Dependencies prevented marking for deletion,Dependencies prevented marking for deletion,依賴項阻止了刪除的標記
mangoApi,rest.settings.corsHeaders,CORS Headers,CORS Headers,CORS標題
mangoApi,rest.settings.header,Header,Header,標題
mangoApi,rest.settings.swagger,Swagger,Swagger,昂首闊步
mangoApi,filestore.belowRoot,"Path ""{0}"" is below file store root","Path ""{0}"" is below file store root",路徑“ {0}”在檔案存儲root下方
mangoApi,filestore.belowUploadDirectory,"Path ""{0}"" is below the upload directory","Path ""{0}"" is below the upload directory",路徑“ {0}”在上傳目錄下方
mangoApi,filestore.errorDeletingFile,Error deleting file or directory,Error deleting file or directory,錯誤刪除檔案或目錄
mangoApi,filestore.cantCopyDirectory,Copying a directory is not supported,Copying a directory is not supported,不支持複製目錄
mangoApi,filestore.fileExists,"File ""{0}"" already exists","File ""{0}"" already exists",檔案“ {0}”已經存在
mangoApi,filestore.fileStoreExists,"File store ""{0}"" already exists","File store ""{0}"" already exists",檔案存儲“ {0}”已經存在
mangoApi,filestore.failedToPurgeFiles,"Failed to purge files in file store ""{0}"" with error: {1}","Failed to purge files in file store ""{0}"" with error: {1}",沒有錯誤：{1}在檔案存儲中清除檔案“ {0}”中的檔案
mangoApi,rest.validation.noEvenTypePermission,No permission for event type {0},No permission for event type {0},事件類型{0}無許可
mangoApi,rest.validate.rollup.incompatible,Rollup ''{0}'' is incompatible with data type on point with xid ''{1}'',Rollup ''{0}'' is incompatible with data type on point with xid ''{1}'',滾動'{0}''與XID''{1}''''{1}''
mangoApi,rest.validate.timeRange.invalid,''from'' date must be before ''to'' date,''from'' date must be before ''to'' date,'''從“日期”必須在'到“日期之前”
mangoApi,rest.validation.noSimplifySupport,Simplify not supported for data type of point with xid {0},Simplify not supported for data type of point with xid {0},用XID {0}簡化支持點的資料類型
mangoApi,rest.validation.xidDoesNotExist,{0} with XID {1} does not exist,{0} with XID {1} does not exist,{0} with xid {1}不存在
mangoApi,rest.validate.imageNotSupported,Image data type not supported,Image data type not supported,圖像資料類型不支持
mangoApi,rest.fileStore.notAFile,Not a file,Not a file,不是檔案
mangoESConfiguration,mangoesconfiguration.description,System Configuration Module,System Configuration Module,系統配置模塊
mangoESConfiguration,systemSettings.networkSettings.dhcp,DHCP,DHCP,DHCP
mangoESConfiguration,systemSettings.networkSettings.apMode,AP Mode,AP Mode,AP模式
mangoESConfiguration,systemSettings.networkSettings.apModeMatch,IPv6 and IPv4 Must be in AP mode to enable,IPv6 and IPv4 Must be in AP mode to enable,IPv6和IPv4必須處於AP模式才能啟用
mangoESConfiguration,systemSettings.networkSettings.ipv4,IPv4,IPv4,IPv4
mangoESConfiguration,systemSettings.networkSettings.ipv6,IPv6,IPv6,IPv6
mangoESConfiguration,systemSettings.networkSettings.ipAddress,Address,Address,地址
mangoESConfiguration,systemSettings.networkSettings.prefixLength,Subnet Prefix Length,Subnet Prefix Length,子網前綴長度
mangoESConfiguration,systemSettings.networkSettings.dnsSearch,DNS Search Domains,DNS Search Domains,DNS搜索域
mangoESConfiguration,systemSettings.networkSettings.ssid,SSID,SSID,SSID
mangoESConfiguration,systemSettings.networkSettings.psk,Pre-shared Key,Pre-shared Key,預共享密鑰
mangoESConfiguration,systemSettings.networkSettings.pskLength,Pre-shared Key length must be between 8 and 63 characters,Pre-shared Key length must be between 8 and 63 characters,預共享的關鍵長度必須在8到63個字符之間
mangoESConfiguration,systemSettings.rest.fileSubmissionError,Error in file submission: ,Error in file submission: ,檔案提交中的錯誤：
MangoIOTools,mangoIOTools.forth.description,Mango IO Tools,Mango IO Tools, Mango 工具
MangoIOTools,mangoIOTools.forth.permissionDeniedAdmin,"Permission denied, only admin can use FORTH bridge","Permission denied, only admin can use FORTH bridge",拒絕許可，只有管理員才能使用Forth Bridge
MangoIOTools,mangoIOTools.forth.cannotGetModbusMaster,Serial port in use by non-modbus user,Serial port in use by non-modbus user,非Modbus用戶使用的串行埠號
MangoIOTools,mangoIOTools.forth.writeExceptionResponse,Exception return for FORTH write: {0},Exception return for FORTH write: {0},異常返回寫入：{0}
MangoIOTools,mangoIOTools.forth.transportException,Modbus transport exception: {0},Modbus transport exception: {0},Modbus Transperion異常：{0}
MangoIOTools,mangoIOTools.forth.modbusInitException,Exception initializing Modbus master: {0},Exception initializing Modbus master: {0},異常初始化modbus master：{0}
MangoIOTools,mangoIOTools.forth.responseException,Received exception response,Received exception response,收到例外響應
MangoIOTools,mangoIOTools.forth.firmwareReadyError,Error reading FirmwareStatus register: {0},Error reading FirmwareStatus register: {0},錯誤讀取FirmWarestatus寄存器：{0}
MangoIOTools,mangoIOTools.forth.firmwareNoStatus,No response reading FirmwareStatus register.,No response reading FirmwareStatus register.,沒有響應讀取FirmWarestatus登記冊。
MangoIOTools,mangoIOTools.forth.ioException,IOException reading file data: {0},IOException reading file data: {0},ioException讀取檔案資料：{0}
MangoIOTools,mangoIOTools.forth.parseRequestException,Error reading commPortId and slaveId fields in request,Error reading commPortId and slaveId fields in request,錯誤地讀取請求中的合併和從屬字段
MangoIOTools,mangoIOTools.forth.formParsingFailure,"Failure parsing commPortId and slaveId in form submission, commPortId: {0} and slaveId: {1}","Failure parsing commPortId and slaveId in form submission, commPortId: {0} and slaveId: {1}",失敗解析在形式提交中的求解和從屬，commportid：{0}和從屬：{1}
MangoIOTools,mangoIOTools.forth.noFileInUpload,No file found in firmware file upload,No file found in firmware file upload,在固件檔案上傳中找不到檔案
MangoIOTools,mangoIOTools.forth.noFirmwareTaskOnPort,No firmware update task found for port {0},No firmware update task found for port {0},沒有針對埠號{0}找到固件更新任務
MangoIOTools,mangoIOTools.header,Mango IO Tools,Mango IO Tools, Mango 工具
MangoIOTools,mangoIOTools.menuText,Mango IO Tools,Mango IO Tools, Mango 工具
mangoNoSqlDatabase,mangoNoSql.header.icontext,Mango NoSQL,Mango NoSQL, Mango nosql
mangoNoSqlDatabase,mangoNoSql.description,Mango NoSQL Extension,Mango NoSQL Extension, Mango NOSQL擴展
mangoNoSqlDatabase,mangoNoSql.settings.header,Mango NoSQL,Mango NoSQL, Mango nosql
mangoNoSqlDatabase,mangoNoSql.driverClassName,Driver class name,Driver class name,驅動程序類名稱
mangoNoSqlDatabase,mangoNoSql.connectionString,Connection string,Connection string,連接字符串
mangoNoSqlDatabase,mangoNoSql.username,Username,Username,使用者名稱
mangoNoSqlDatabase,mangoNoSql.password,Password,Password,密碼
mangoNoSqlDatabase,mangoNoSql.advancedOptions,Advanced Options,Advanced Options,高級選項
mangoNoSqlDatabase,mangoNoSql.numWorkItems,Number of threads,Number of threads,線程數
mangoNoSqlDatabase,mangoNoSql.priority,Thread priority,Thread priority,線程優先級
mangoNoSqlDatabase,mangoNoSql.maxPointValueQueueSize,Maximum point value queue size,Maximum point value queue size,最大點值隊列大小
mangoNoSqlDatabase,mangoNoSql.migration,Migrate SQL Data into Mango,Migrate SQL Data into Mango,將SQL資料遷移到 Mango 
mangoNoSqlDatabase,mangoNoSql.migrateNow,Migrate Now,Migrate Now,現在遷移
mangoNoSqlDatabase,mangoNoSql.migrationStatus,Status,Status,地位
mangoNoSqlDatabase,mangoNoSql.migrationCount,Total values processed,Total values processed,處理的總數值
mangoNoSqlDatabase,mangoNoSql.migrationTime,Run Time,Run Time,執行時間
mangoNoSqlDatabase,mangoNoSql.migrateRunning,SQL Migrate already running,SQL Migrate already running,SQL遷移已經在執行
mangoNoSqlDatabase,mangoNoSql.noPointsToMigrate,No points to merge,No points to merge,沒有點合併
mangoNoSqlDatabase,mangoNoSql.startDate,Start date,Start date,開始日期
mangoNoSqlDatabase,mangoNoSql.endDate,End date,End date,結束日期
mangoNoSqlDatabase,mangoNoSql.timeout,Timeout (minutes),Timeout (minutes),逾時（分鐘）
mangoNoSqlDatabase,mangoNoSql.expiration,Expiration (minutes),Expiration (minutes),到期（分鐘）
mangoNoSqlDatabase,mangoNoSql.migrationNotRunning,Idle,Idle,閒置的
mangoNoSqlDatabase,mangoNoSql.migrationRunning,Running,Running,執行
mangoNoSqlDatabase,mangoNoSql.migrationCancelled,SQL Migrate cancelled,SQL Migrate cancelled,SQL遷移已取消
mangoNoSqlDatabase,mangoNoSql.migrationCancelFailed,SQL Migrate cancel failed,SQL Migrate cancel failed,SQL遷移取消失敗
mangoNoSqlDatabase,mangoNoSql.migrationCancelRequested,SQL Migrate cancel requested,SQL Migrate cancel requested,SQL遷移取消請求
mangoNoSqlDatabase,mangoNoSql.migrationError,{0},{0},{0}
mangoNoSqlDatabase,mangoNoSql.migrationRemotePointNotFound,No remote point found for xid: ''{0}''. Skipping import of this point.,No remote point found for xid: ''{0}''. Skipping import of this point.,沒有找到XID的遠端點：''{0}''。跳過這一點的匯入。
mangoNoSqlDatabase,mangoNoSql.migrationLocalPointNotFound,No local point found for xid: ''{0}''. Skipping import of this point.,No local point found for xid: ''{0}''. Skipping import of this point.,找不到XID的本地點：''{0}''。跳過這一點的匯入。
mangoNoSqlDatabase,mangoNoSql.merge,Merge Mango NoSQL Data into Mango,Merge TSDB Data into Mango,將 Mango NOSQL資料合併為 Mango 
mangoNoSqlDatabase,mangoNoSql.sourceTsdbLocation,Source Mango NoSQL database location,Source TSDB location,源 Mango NOSQL資料庫位置
mangoNoSqlDatabase,mangoNoSql.mergeNow,Merge Mango NoSQL now,Merge TSDB now,現在合併 Mango nosql
mangoNoSqlDatabase,mangoNoSql.status,Status,Status,地位
mangoNoSqlDatabase,mangoNoSql.count,Total points processed,Total points processed,總點處理
mangoNoSqlDatabase,mangoNoSql.values,Total values,Total values,總數值
mangoNoSqlDatabase,mangoNoSql.runTime,Run Time,Run Time,執行時間
mangoNoSqlDatabase,mangoNoSql.mergeRunning,Running,NoSQL Migrate already running,執行
mangoNoSqlDatabase,mangoNoSql.noPointsToMerge,No points to merge,No points to merge,沒有點合併
mangoNoSqlDatabase,mangoNoSql.mergeNotRunning,Idle,Idle,閒置的
mangoNoSqlDatabase,mangoNoSql.mergeRunning,Running,NoSQL Migrate already running,執行
mangoNoSqlDatabase,mangoNoSql.mergeCancelled,Mango NoSQL Merge cancelled,TSDB Merge cancelled, Mango NOSQL合併已取消
mangoNoSqlDatabase,mangoNoSql.mergeCancelFailed,Mango NoSQL Merge cancel failed,TSDB Merge cancel failed, Mango NOSQL合併取消失敗
mangoNoSqlDatabase,mangoNoSql.mergeCancelRequested,Mango NoSQL Merge cancel requested,TSDB Merge cancel requested, Mango NOSQL合併取消請求
mangoNoSqlDatabase,mangoNoSql.tsdbToMergeDoesNotExist,NoSQL database to merge not found,NoSQL to merge not found,NOSQL資料庫未找到合併
mangoNoSqlDatabase,mangoNoSql.mergeError,{0},{0},{0}
mangoNoSqlDatabase,mangoNoSql.mergeRemotePointNotFound,No remote point found for data point with xid: ''{0}''. Skipping merge of this point.,No remote point found for data point with xid: ''{0}''. Skipping merge of this point.,沒有XID的資料點找到遠端點：''{0}''。跳過這一點的合併。
mangoNoSqlDatabase,mangoNoSql.mergePropertiesFailure,Exception loading merge db.properties file.,Exception loading merge db.properties file.,異常載入合併DB.Properties檔案。
mangoNoSqlDatabase,mangoNoSql.mergeNoDbProperties,No db.properties file in database to be merged.,No db.properties file in database to be merged.,資料庫中沒有db. -properties檔案。
mangoNoSqlDatabase,mangoNoSql.cannotMergeIntoSelf,Source database cannot be current Mango database.,Source database cannot be current Mango database.,源資料庫不能是當前的 Mango 資料庫。
mangoNoSqlDatabase,mangoNoSql.mergration,Migrate Mango NoSQL Data into Mango,Migrate NoSQL Data into Mango,將 Mango NOSQL資料遷移到 Mango 
mangoNoSqlDatabase,mangoNoSql.mergrateNow,Mirgrate Mango NoSQL Now,Mirgrate NoSQL Now,mirgrate Mango nosql現在
mangoNoSqlDatabase,mangoNoSql.mergrationStatus,Status,Status,地位
mangoNoSqlDatabase,mangoNoSql.mergrationCount,Total points processed,Total points processed,總點處理
mangoNoSqlDatabase,mangoNoSql.mergrationValues,Total values,Total values,總數值
mangoNoSqlDatabase,mangoNoSql.mergrationTime,Run Time,Run Time,執行時間
mangoNoSqlDatabase,mangoNoSql.mergrateRunning,Mango NoSQL migration already running,NoSQL migration already running, Mango NOSQL遷移已經在執行
mangoNoSqlDatabase,mangoNoSql.noPointsToMergrate,No points to migrate,No points to migrate,沒有遷移的要點
mangoNoSqlDatabase,mangoNoSql.startDate,Start date,Start date,開始日期
mangoNoSqlDatabase,mangoNoSql.endDate,End date,End date,結束日期
mangoNoSqlDatabase,mangoNoSql.mergrationNotRunning,Idle,Idle,閒置的
mangoNoSqlDatabase,mangoNoSql.mergrationRunning,Running,Running,執行
mangoNoSqlDatabase,mangoNoSql.mergrationCancelled,Mango NoSQL migrate cancelled,NoSQL migrate cancelled, Mango nosql遷移取消
mangoNoSqlDatabase,mangoNoSql.mergrationCancelFailed,Mango NoSQL migrate cancel failed,NoSQL migrate cancel failed, Mango nosql遷移取消失敗
mangoNoSqlDatabase,mangoNoSql.mergrationCancelRequested,Mango NoSQL migration cancel requested,NoSQL migration cancel requested, Mango NOSQL遷移取消請求
mangoNoSqlDatabase,mangoNoSql.mergrationError,{0},{0},{0}
mangoNoSqlDatabase,mangoNoSql.mergrationRemotePointNotFound,No remote point found for xid: ''{0}''. Skipping import of this point.,No remote point found for xid: ''{0}''. Skipping import of this point.,沒有找到XID的遠端點：''{0}''。跳過這一點的匯入。
mangoNoSqlDatabase,mangoNoSql.mergrationLocalPointNotFound,No local point found for xid: ''{0}''. Skipping import of this point.,No local point found for xid: ''{0}''. Skipping import of this point.,找不到XID的本地點：''{0}''。跳過這一點的匯入。
mangoNoSqlDatabase,mangoNoSql.tsdbToMergrateDoesNotExist,Source Mango NoSQL database does not exist,Source TSDB does not exist,源 Mango NOSQL資料庫不存在
mangoNoSqlDatabase,mangoNoSql.backupFileListDesc,A list of NoSQL backup files from the configured backup directory.,A list of NoSQL backup files from the configured backup directory.,來自配置的備份目錄的NOSQL備份檔案列表。
mangoNoSqlDatabase,mangoNoSql.pointJsonDataStoreSizeDesc,Get the size of the point-JSON-time NoSQL database.,Get the size of the point-JSON-time NoSQL database.,取得點json時間NOSQL資料庫的大小。
mangoNoSqlDatabase,mangoNoSql.statsDesc,Get current statistics for the performance of the point-value-time NoSQL database.,Get current statistics for the performance of the point-value-time NoSQL database.,取得有關點值時間NOSQL資料庫的當前統計資訊。
mangoNoSqlDatabase,mangoNoSql.event.freeMode,"Mango NoSQL database is running in free mode, Mango will shutdown at {0}.","Mango NoSQL database is running in free mode, Mango will shutdown at {0}.", Mango NOSQL資料庫以自由模式執行， Mango 將在{0}處關閉。
mangoNoSqlDatabase,mangoNoSql.event.freeModeSimple,"Mango NoSQL database is running in free mode, Mango will shutdown","Mango NoSQL database is running in free mode, Mango will shutdown", Mango NOSQL資料庫以自由模式執行， Mango 將關閉
mangoNoSqlDatabase,mangoNoSql.backdatePosterRunning,Backdate poster running,Backdate poster running,Backdate poster running
mangoNoSqlDatabase,mangoNoSql.backdatesQueued,Backdates queued,Backdates queued,Backdates queued
mangoNoSqlDatabase,mangoNoSql.totalBackdates,Total backdates,Total backdates,總回報
mangoNoSqlDatabase,mangoNoSql.sqlStatement,SQL statement,SQL statement,SQL語句
mangoNoSqlDatabase,mangoNoSql.executeSql,Query,Query,詢問
mangoNoSqlDatabase,mangoNoSql.restore,Restore Mango NoSQL database,Restore TSDB database,還原 Mango NOSQL資料庫
mangoNoSqlDatabase,mangoNoSql.restoreNow,Restore now,Restore now,現在還原
mangoNoSqlDatabase,mangoNoSql.selectBackup,Select backup,Select backup,選擇備份
mangoNoSqlDatabase,mangoNoSql.backupFiles,Backup files,Backup files,備份檔案
mangoNoSqlDatabase,mangoNoSql.incrementalRestore,Incremental Restore,Incremental Restore,增量還原
mangoNoSqlDatabase,mangoNoSql.validate.fileDoesNotExist,Restore file does not exist: {0},Restore file does not exist: {0},還原檔案不存在：{0}
mangoNoSqlDatabase,mangoNoSql.restoreNotRunning,Restore not running,Restore not running,還原未執行
mangoNoSqlDatabase,mangoNoSql.restoreCancelled,Restore cancelled,Restore cancelled,還原取消
mangoNoSqlDatabase,mangoNoSql.restoreCancelFailed,Restore cancel failed,Restore cancel failed,還原取消失敗
mangoNoSqlDatabase,mangoNoSql.restoreCancelRequested,Restore cancel requested,Restore cancel requested,還原取消請求
mangoNoSqlDatabase,mangoNoSql.restoreRunning,Restore running,Restore running,還原執行
mangoNoSqlDatabase,mangoNoSql.restoreError,{0},{0},{0}
mangoNoSqlDatabase,mangoNoSql.validate.notDirectory,Not a directory,Not a directory,不是目錄
mangoNoSqlDatabase,mangoNoSql.restoreSource,Source directory,Source directory,源目錄
mangoNoSqlDatabase,mangoNoSql.restoreDestination,Destination directory,Destination directory,目標目錄
mangoNoSqlDatabase,mangoNoSql.event.dataLost,Data Lost Event,Data Lost Event,資料丟失事件
mangoNoSqlDatabase,mangoNoSql.event.dataLostEventMessage,"Unable to save {0} point values due to: {1}, check logs for more information.","Unable to save {0} point values due to: {1}, check logs for more information.",由於：{1}無法保存{0}點值，請檢查日誌以取得更多資訊。
mangoNoSqlDatabase,mangoNoSql.event.dataQueued,Data Queued Event,Data Queued Event,資料排隊事件
mangoNoSqlDatabase,mangoNoSql.event.dataQueuedEventMessage,"Point value data being queued, current queue size {0}","Point value data being queued, current queue size {0}",點值資料被排隊，當前隊列大小{0}
mangoNoSqlDatabase,mangoNoSql.lastFlushTime,Last flush execution time (ms),Last flush execution time (ms),最後的沖洗執行時間（MS）
mangoNoSqlDatabase,mangoNoSql.openFiles,Open files,Open files,打開檔案
mangoNoSqlDatabase,mangoNoSql.openShards,Open shards,Open shards,開放式碎片
mangoNoSqlDatabase,mangoNoSql.writeCount,Write count,Write count,寫入計數
mangoNoSqlDatabase,mangoNoSql.writesPerSecond,Writes per second,Writes per second,每秒寫入
mangoNoSqlDatabase,mangoNoSql.settingsSaved,Mango NoSQL settings saved,Mango NoSQL settings saved, Mango NOSQL設定保存
mangoNoSqlDatabase,mangoNoSql.linksReloaded,Shard links reloaded,Shard links reloaded,碎片鏈接重新載入
mangoNoSqlDatabase,mangoNoSql.reloadedPercentage,Series link reloading completed:,Series link reloading completed:,系列鏈接重新載入完成：
mangoNoSqlDatabase,mangoNoSql.reloadLinksFailed,Reload links failed: {0},Reload links failed: {0},重新載入鏈接失敗：{0}
mangoNoSqlDatabase,mangoNoSql.reloadingLinks,Reloading links,Reloading links,重新載入鏈接
mangoNoSqlDatabase,mangoNoSql.noSqlBackup,NoSQL backup,NoSQL backup,NOSQL備份
mangoNoSqlDatabase,mangoNoSql.backupSuccess,backed up to {backupFile},backed up to {backupFile},備份到{backupfile}
mangoNoSqlDatabase,mangoNoSql.incrementalBackups,Incremental backups,Incremental backups,增量備份
mangoNoSqlDatabase,mangoNoSql.backupFileCountCaution,"Caution, when using incremental backups make sure enough versions are kept to retain the data you desire.","Caution, when using incremental backups make sure enough versions are kept to retain the data you desire.",注意，當使用增量備份時，請確保保持足夠的版本以保留所需的資料。
mangoNoSqlDatabase,mangoNoSql.writeBehindSpawnThreshold,Batch write behind spawn threshold,Batch write behind spawn threshold,批次寫入在產卵閾值後面
mangoNoSqlDatabase,mangoNoSql.writeBehindMaxInstances,Max batch write behind tasks,Max batch write behind tasks,最大批次寫入在任務後面
mangoNoSqlDatabase,mangoNoSql.writeBehindMaxInserts,Maximum batch size,Maximum batch size,最大批量大小
mangoNoSqlDatabase,mangoNoSql.writeBehindMinInserts,Minimum batch size,Minimum batch size,最小批量尺寸
mangoNoSqlDatabase,mangoNoSql.stalePointCleanInterval,Point clean interval (ms),Point clean interval (ms),點清潔間隔（MS）
mangoNoSqlDatabase,mangoNoSql.stalePointDataPeriod,Stale data period (ms),Stale data period (ms),過時的資料周期（MS）
mangoNoSqlDatabase,mangoNoSql.batchProcessPeriodMs,Batch process manager period (ms),Batch process manager period (ms),批處理過程經理期（MS）
mangoNoSqlDatabase,mangoNoSql.minDataFlushInterval,Minimum time to wait before flushing a small batch (ms),Minimum time to wait before flushing a small batch (ms),最少的時間等待，然後沖洗小批量（MS）
mangoNoSqlDatabase,mangoNoSql.statusUpdatePeriod,Status update period (ms),Status update period (ms),狀態更新期（MS）
mangoNoSqlDatabase,mangoNoSql.writeBehindBackdateDelay,Delay for writing backate batches (ms),Delay for writing backate batches (ms),延遲編寫入備用批次（MS）
mangoNoSqlDatabase,mangoNoSql.corruptionScanThreadCount,Corruption scan task threads,Corruption scan task threads,損壞掃描任務線程
mangoNoSqlDatabase,mangoNoSql.intraShardPurge,Purge within shards,Purge within shards,在碎片內清除
mangoNoSqlDatabase,mangoNoSql.migration.fromCannotBeAfterTo,From date must be before to date,From date must be before to date,從日期起必須是之前
mangoNoSqlDatabase,mangoNoSql.migration.highPriority,High priority,High priority,高優先級
mangoNoSqlDatabase,mangoNoSql.migration.mediumPriority,Medium priority,Medium priority,中優先級
mangoNoSqlDatabase,mangoNoSql.migration.lowPriority,Low priority,Low priority,低優先級
mangoNoSqlDatabase,mangoNoSql.merge.notEnoughFileDescriptors,"Merge failed, you need {0} available file descriptors but only have {1}","Merge failed, you need {0} available file descriptors but only have {1}",合併失敗，您需要{0}可用的檔案描述符，但只有{1}
mangoNoSqlDatabase,mangoNoSql.databaseState,State,State,狀態
mangoNoSqlDatabase,mangoNoSql.markAsDirty,Mark as dirty,Mark as dirty,標記為骯髒
mangoNoSqlDatabase,mangoNoSql.dirtyDatabase,Dirty database,Dirty database,骯髒資料庫
mangoNoSqlDatabase,mangoNoSql.cleanDatabase,Clean database,Clean database,清潔資料庫
mangoNoSqlDatabase,mangoNoSql.systemSettings.reallyBackupNow,Really backup now?,Really backup now?,現在真的備份了嗎？
mangoNoSqlDatabase,mangoNoSql.systemSettings.reloadLinkLookupFast,Reload links (fast),Reload links (fast),重新載入鏈接（快速）
mangoNoSqlDatabase,mangoNoSql.systemSettings.reloadLinkLookupSlow,Reload links and shuffle shards,Reload links and shuffle shards,重新載入鏈接和洗牌片
mangoNoSqlDatabase,mangoNoSql.systemSettings.reallyReloadLinks,Really reload links?,Really reload links?,真的重新載入鏈接嗎？
mangoNoSqlDatabase,mangoNoSql.permission.backup,NoSQL backup,NoSQL backup,NOSQL備份
mangoNoSqlDatabase,mangoNoSql.permission.restore,NoSQL restore,NoSQL restore,NOSQL還原
mangoNoSqlDatabase,mangoNoSql.permission.reloadLinks,NoSQL reload links,NoSQL reload links,NOSQL重新載入鏈接
mangoNoSqlDatabase,mangoNoSql.validate.direcotryDNE,Directory does not exist,Directory does not exist,目錄不存在
mangoNoSqlDatabase,mangoNoSql.validate.directoryNotWritable,Directory not writable,Directory not writable,目錄不寫入
mangoNoSqlDatabase,mangoNoSql.validate.locationNotDirectory,Location is not a directory,Location is not a directory,位置不是目錄
mangoNoSqlDatabase,dox.mangoNoSqlSettings,NoSQL Settings Help,NoSQL Settings Help,NOSQL設定有幫助
mangoNoSqlDatabase,dox.mangoNoSqlMigration,SQL Data Migration Help,SQL Data Migration Help,SQL資料遷移幫助
mangoNoSqlDatabase,dox.mangoNoSqlRestore,Restore Database Help,Restore Database Help,還原資料庫幫助
mangoNoSqlDatabase,dox.mangoNoSqlMerge,Mango NoSQL Merge Database Help,TSDB Merge Database Help, Mango NOSQL合併資料庫幫助
mangoNoSqlDatabase,dox.mangoNoSqlMergration,Mango NoSQL Data Migration Help,NoSQL Data Migration Help, Mango NOSQL資料遷移幫助
mangoNoSqlDatabase,rest.error.noSql.recordTooLarge,Record too large,Record too large,記錄太大
mangoNoSqlDatabase,rest.error.noSql.someRecordsTooLarge,Some records too large,Some records too large,某些記錄太大了
mangoUI,ui.settings.publicUrlPrefix,Public URL prefix,Public URL prefix,公共URL前綴
mangoUI,ui.settings.privateUrlPrefix,Private URL prefix,Private URL prefix,私有URL前綴
mangoUI,ui.dox.virtualSerialPort,Mango serial socket bridges,Mango serial socket bridges,Mango serial socket 橋接
mangoUI,ui.dox.runTimeStatus,Data source runtime status,Data source runtime status,資料來源執行時狀態
mangoUI,ui.dox.dataPoint,Data point,Data point,資料點
mangoUI,ui.dox.datePresets,Date pickers and presets,Date pickers and presets,資料選取和預設
mangoUI,ui.dox.stateChart,Multistate chart,Multistate chart,多標圖
mangoUI,ui.dox.switchImage,Switch image,Switch image,開關圖像
mangoUI,ui.dox.tanks,Tanks,Tanks,Tanks
mangoUI,ui.dox.statePieChart,State pie chart,State pie chart,狀態餅圖
mangoUI,ui.dox.latestPointValues,Latest point values,Latest point values,最新的點值
mangoUI,ui.dox.pointArrayLineChart,Line chart from array,Line chart from array,陣列的線圖
mangoUI,ui.dox.pointArrayTable,Point value table,Point value table,點值表
mangoUI,ui.dox.pointArrayTemplating,Point arrays & templating,Point arrays & templating,點陣列和範本
mangoUI,ui.dox.templating,Templating,Templating,範本
mangoUI,ui.dox.getPointByXid,Get point by XID,Get point by XID,取得XID點
mangoUI,ui.dox.liveUpdatingChart,Live updating chart,Live updating chart,實時更新圖表
mangoUI,ui.dox.sliders,Sliders,Sliders,Sliders
mangoUI,ui.dox.styleViaValue,Style via value,Style via value,通過Value的樣式
mangoUI,ui.dox.multistateRadio,Multistate radio buttons,Multistate radio buttons,多標準選取按鈕
mangoUI,ui.dox.extendApp,Extend app,Extend app,擴展應用程序
mangoUI,ui.dox.pointHierarchyLineChart,Point hierarchy line chart,Point hierarchy line chart,點層次結構圖表
mangoUI,ui.dox.loginPageTemplate,App with login page,App with login page,帶有登錄頁面的應用程序
mangoUI,ui.dox.dailyComparisonChart,Daily comparison chart,Daily comparison chart,每日比較圖
mangoUI,ui.dox.dataSourcePage,Data Source Page,Data Source Page,資料來源頁面
mangoUI,ui.dox.watchList,Watch List,Watch List,觀看列表
mangoUI,ui.dox.eventHandlers,Event Handlers,Event Handlers,事件處理程序
mangoUI,ui.dox.eventHandlers.email,Email event handlers,Email event handlers,電子郵件事件處理程序
mangoUI,ui.dox.eventHandlers.setPoint,Set point event handlers,Set point event handlers,設定點事件處理程序
mangoUI,ui.dox.eventHandlers.process,Process event handlers,Process event handlers,過程事件處理程序
mangoUI,ui.dox.svgWindRose,Wind rose,Wind rose,風升
mangoUI,ui.dox.userAuthTokens,User auth tokens,User auth tokens,用戶驗證令牌
mangoUI,ui.dox.googleMaps,Google Maps,Google Maps,Google地圖
mangoUI,ui.dox.adaptiveLayouts,Adaptive layouts,Adaptive layouts,自適應佈局
mangoUI,ui.dox.apiDocs,API docs,API docs,API文檔
mangoUI,ui.dox.components,Components,Components,成分
mangoUI,ui.dox.freeMarker,Free Marker Templates,Free Marker Templates,免費標記範本
mangoUI,ui.app.editMenuNote,"Note: Changes to the URL path, the linked page or the template will not take effect until you reload your browser window.","Note: Changes to the URL path, the linked page or the template will not take effect until you reload your browser window.",注意：更改URL路徑，鏈接頁面或範本將在重新載入瀏覽器窗口之前不會生效。
mangoUI,ui.app.permissionRequiredHint,Require any of these permissions to show the menu item,If user doesn't have any of these permissions the item won't be shown.,需要這些權限中的任何一個以顯示菜單項
mangoUI,ui.app.roleRequired,Require role,Require role,需要角色
mangoUI,ui.app.roleRequiredHint,Require any of these roles to show the menu item (every user implicitly has the 'user' role),Require any of these roles to show the menu item (every user implicitly has the 'user' role),需要這些角色中的任何一個以顯示菜單項（每個用戶都隱含具有“用戶”角色）
mangoUI,ui.app.templateUrlHint,Template URLs are relative to the ui directory.,Template URLs are relative to the ui directory.,範本URL相對於UI目錄。
mangoUI,ui.app.stateUrlHint,Choose a path for this menu item. The path is prepended with the parent URL.,Choose a path for this menu item. The path is prepended with the parent URL.,選擇此菜單項的路徑。用父級網址預式路徑。
mangoUI,ui.app.stateNameHint,The full state name is {0},The full state name is {0},完整的狀態名稱為{0}
mangoUI,ui.app.menuPath,Menu path,Menu path,菜單路徑
mangoUI,ui.app.defaultUrlHint,"User's home URL takes precedence, URL is relative to /ui","User's home URL takes precedence, URL is relative to /ui",用戶的家庭URL優先，URL與 /UI相關
mangoUI,ui.app.expandDateBar,Expand date bar,Expand Date Bar,擴展日期欄
mangoUI,ui.app.openHelpPageInNewWindow,Open help in new window,Open help in new window,在新窗口中開放幫助
mangoUI,ui.app.noPointsToDisplay,No data points to display,No data points to display,沒有顯示的資料點
mangoUI,ui.app.loadingPoints,Loading data points...,Loading data points...,載入資料點...
mangoUI,ui.app.noMatchesFound,No matches found for '{0}',No matches found for '{0}',找不到'{0}'的符合項
mangoUI,ui.app.confirmRestoreDefaultMenu,All of your custom menu items will be lost and the menu will be restored to the default configuration.,All of your custom menu items will be lost and the menu will be restored to the default configuration.,您的所有自定義菜單項將丟失，菜單將恢復為預設配置。
mangoUI,ui.app.copyToNewPage,Copy markup to new custom page,Copy markup to new custom page,將標記複製到新的自定義頁面
mangoUI,ui.app.watchList,Watch lists,Watch List,觀看列表
mangoUI,ui.app.addExpression,Add expression,Add expression,新增表達
mangoUI,ui.app.rql,RQL,RQL,RQL
mangoUI,ui.app.dataSource,Data source,Data source,資料來源
mangoUI,ui.app.static,Static,Static,靜止的
mangoUI,ui.app.start,Start,Start,開始
mangoUI,ui.app.watchLists,Watch lists,Watch Lists,觀看列表
mangoUI,ui.app.dataSources,Data sources,Data Sources,資料來源
mangoUI,ui.app.dataSourceX,Data source {0},Data source {0},資料來源{0}
mangoUI,ui.app.filterDataPoints,Show filter inputs,Filter data points,顯示過濾器輸入
mangoUI,ui.app.dataPoint,Data point,Data Point,資料點
mangoUI,ui.app.dataPoints,Data points,Data Points,資料點
mangoUI,ui.app.metaDataPoints,Meta data points,Meta Data Points,元資料點
mangoUI,ui.app.publishers,Publishers,Publishers,出版商
mangoUI,ui.app.xEventHandlers,"{0, plural, =0{Handle this event type} =1{1 event handler} other{# event handlers}}","{0, plural, =0{Handle this event type} =1{1 event handler} other{# event handlers}}",{0，複數，= 0 {處理此事件類型} = 1 {1事件處理程序}其他{＃Event Handlers}}
mangoUI,ui.app.eventTypes,Event types,Event types,事件類型
mangoUI,ui.app.inactiveSchedule,Inactive Schedule,Inactive Schedule,不活動的時間表
mangoUI,ui.app.path,Hierarchy path,Hierarchy path,層次結構路徑
mangoUI,ui.app.set,Set,Set,放
mangoUI,ui.app.acknowledgeXEvents,"Acknowledge {0, plural, =1{1 event} other{# events}}","Acknowledge {0, plural, =1{1 event} other{# events}}",確認{0，複數，= 1 {1 evert}其他{＃events}}}
mangoUI,ui.app.acknowledgedStatus,Acknowledgment status,Acknowledgment status,確認狀態
mangoUI,ui.app.acknowledgedByAt,Acknowledged by {0} at {1},Acknowledged by {0} at {1},{0}在{1}上認可
mangoUI,ui.app.eventId,Event ID,Event ID,事件ID
mangoUI,ui.app.data,Data,Data,資料
mangoUI,ui.app.point,Point,Point,點
mangoUI,ui.app.source,Source,Source,來源
mangoUI,ui.app.dateRangePreset,Quick dates,Quick dates,快速日期
mangoUI,ui.app.rollupType,Rollup type,Rollup type,滾動類型
mangoUI,ui.app.rollupIntervals,Rollup interval,Rollup interval,滾動間隔
mangoUI,ui.app.rollupUnit,Rollup unit,Rollup unit,滾動單元
mangoUI,ui.app.autoRollup,Auto rollup,Auto rollup,自動匯總
mangoUI,ui.app.updateIntervals,Update interval,Update interval,更新間隔
mangoUI,ui.app.stats,Stats,Stats,統計
mangoUI,ui.app.stacked,Stacked,Stacked,堆疊
mangoUI,ui.app.stackType,Stack type,Stack type,堆棧類型
mangoUI,ui.app.chooseMarker,Choose marker to edit,Choose marker to edit,選擇要編輯的標記
mangoUI,ui.app.lat,Latitude,Latitude,緯度
mangoUI,ui.app.long,Longitude,Longitude,經度
mangoUI,ui.app.selectMarkerIcon,Select marker icon,Select marker icon,選擇標記圖標
mangoUI,ui.app.newMarker,New marker,New marker,新標記
mangoUI,ui.app.farLeft,Outer left,Outer left,外部左
mangoUI,ui.app.farRight,Outer right,Outer right,外部右
mangoUI,ui.app.pickColors,Pick colors,Pick colors,選擇顏色
mangoUI,ui.app.configureNextPoint,Configure next point,Configure next point,配置下一點
mangoUI,ui.app.lineColor,Line color,Line color,線顏色
mangoUI,ui.app.leftAxis,Left axis,Left axis,左軸
mangoUI,ui.app.rightAxis,Right axis,Right axis,右軸
mangoUI,ui.app.outerLeftAxis,Outer left axis,Outer left axis,左外軸
mangoUI,ui.app.OuterRightAxis,Outer right axis,Outer right axis,右外軸
mangoUI,ui.app.mapsApiKey,Google Maps Api Key,Google Maps Api Key,Google地圖API密鑰
mangoUI,ui.app.googleAnalyticsPropertyId,Google Analytics Property ID,Google Analytics Property ID,Google Analytics（分析屬性ID）
mangoUI,ui.app.dateBarAndRollup,Date and rollup,Date and rollup,日期和匯總
mangoUI,ui.app.pattern,Pattern,Pattern,圖案
mangoUI,ui.app.autoSwitchTime,Auto switch to time,Auto switch to time,自動切換到時間
mangoUI,ui.app.nameContains,Name contains,Name contains,名稱包含
mangoUI,ui.app.nameIsLike,Name is like,Name is like,名字就像
mangoUI,ui.app.hierarchyPath,Hierarchy path,Hierarchy path,層次結構路徑
mangoUI,ui.app.subFoldersOnly,Sub folders only,Sub folders only,僅子檔案夾
mangoUI,ui.app.dataSourceXid,Data source XID,Data source XID,資料來源XID
mangoUI,ui.app.dataSourceName,Data source name,Data source name,資料來源名稱
mangoUI,ui.app.nameMatches,Name matches,Name matches,名稱符合
mangoUI,ui.app.filteringSelect,Searchable dropdown,Searchable dropdown,可搜索的下拉列表
mangoUI,ui.app.csv,CSV (single value column),CSV (single value column),CSV（單值列）
mangoUI,ui.app.csvCombined,CSV (separate value columns),CSV (separate value columns),CSV（單獨的值列）
mangoUI,ui.app.json,JSON (separate arrays),JSON (separate arrays),JSON（單獨的數組）
mangoUI,ui.app.jsonCombined,JSON (combined array),JSON (combined array),JSON（組合陣列）
mangoUI,ui.app.downloadDataForCheckedPoints,Download data for checked points only,Download data for checked points only,僅下載資料僅用於檢查點
mangoUI,ui.app.downloadDataForAllPoints,Download data for all points on watch list,Download data for all points on watch list,在觀察列表上下載所有點的資料
mangoUI,ui.app.timeFormat,Time format,Time format,時間格式
mangoUI,ui.app.timeFormat.iso,ISO 8601,ISO 8601,ISO 8601
mangoUI,ui.app.timeFormat.epoch,Epoch timestamp,Epoch timestamp,時期時間戳
mangoUI,ui.app.timeFormat.excelCompatible,Excel,Excel,Excel
mangoUI,ui.app.timeFormat.excelCompatibleMs,Excel (ms precision),Excel (ms precision),Excel（MS Precision）
mangoUI,ui.app.timezone.utc,UTC,UTC,世界標準時間
mangoUI,ui.app.cancelledOrNoResponse,Cancelled or no response,Cancelled or no response,取消或沒有回复
mangoUI,ui.app.downloadPointValues,Download point values,Download point values,下載點值
mangoUI,ui.app.errorSavingWatchlist,Error saving watch list: {0},Error saving watch list: {0},保存錯誤觀察列表：{0}
mangoUI,ui.app.watchListSaved,Watch list saved successfully,Watch list saved successfully,觀看列表成功保存
mangoUI,ui.app.discardUnsavedChanges,Discard unsaved changes?,Discard unsaved changes?,丟棄未保存的更改？
mangoUI,ui.app.pageSaved,Page '{0}' saved,Page '{0}' saved,頁面'{0}'保存
mangoUI,ui.app.errorSavingPage,Error saving page '{0}' — {1},Error saving page '{0}': '{1}' - '{2}',錯誤保存頁面'{0}' -  {1}
mangoUI,ui.app.pathNotFound,"The path {0} was not found, please check the path and try again.","The path {0} was not found, please check the path and try again.",找不到路徑{0}，請檢查路徑然後重試。
mangoUI,ui.app.unauthorized,Unauthorized,Unauthorized,未經授權
mangoUI,ui.app.unauthorizedPath,You are not authorized to access this path.,You are not authorized to access this path.,您無權存取此路徑。
mangoUI,ui.app.insecureHash,"This user's password has been hashed using an old algorithm, please update the password.","This user's password has been hashed using an old algorithm, please update the password.",該用戶的密碼已使用舊算法哈希，請更新密碼。
mangoUI,ui.app.poweredBy,Powered by {0},Powered by {0},由{0}驅動
mangoUI,ui.app.clientErrorOccurredTransitioning,A client error occurred while transitioning to URL {0},A client error occurred while transitioning to URL {0},過渡到URL {0}時發生的客戶端端錯誤
mangoUI,ui.app.xid,XID,XID,XID
mangoUI,ui.app.configureSeries,Configure all points/series,Configure all points/series,配置所有點/系列
mangoUI,ui.app.previewWatchListParameters,Preview of parameter inputs,Preview of parameter inputs,參數輸入的預覽
mangoUI,ui.app.chooseWatchListParameters,Choose parameters and set defaults,Choose parameters and set defaults,選擇參數並設定預設值
mangoUI,ui.app.usePlainTextArea,Use plain text area,Use plain text area,使用純文本區域
mangoUI,ui.app.numberOfValues,Number of values,Number of values,值數
mangoUI,ui.app.moduleUnloaded,Module was unloaded due to unsatisfied dependencies,Module was unloaded due to unsatisfied dependencies,由於不滿意的依賴性，模塊被卸載
mangoUI,ui.app.showItemAsFolder,Show menu item as folder,Show menu item as folder,將菜單項顯示為檔案夾
mangoUI,ui.app.menuTextAndIcon,Menu text & icon,Menu text & icon,菜單文字和圖標
mangoUI,ui.app.stateNameAndUrl,State name & url,State name & url,狀態名稱和URL
mangoUI,ui.app.linkToContent,Link to content,Link to content,鏈接到內容
mangoUI,ui.app.dateBarSettings,Date bar settings,Date bar settings,日期欄設定
mangoUI,ui.app.noContent,No content (folder only),No content (folder only),沒有內容（僅限檔案夾）
mangoUI,ui.app.mangoLegacyWindow,Mango legacy window,Mango legacy window, Mango 遺產窗口
mangoUI,ui.app.upgradeError,Upgrade error: {0},Upgrade error: {0},升級錯誤：{0}
mangoUI,ui.app.pointValuesLimit,Point values limit,Point values limit,點值限制
mangoUI,ui.app.pointValuesLimited,"Point values limited to {0} values, please reduce the time range or adjust the rollup interval","Point values limited to {0} values, please reduce the time range or adjust the rollup interval",點值限制為{0}值，請減少時間範圍或調整匯總間隔
mangoUI,ui.app.deletePage,Delete page,Delete page,刪除頁面
mangoUI,ui.app.editNameAndPermissions,Edit name and permissions,Edit name and permissions,編輯名稱和權限
mangoUI,ui.app.na,N/A,N/A,N/A。
mangoUI,ui.app.hasNotes,Has notes,Has notes,有筆記
mangoUI,ui.app.errorCheckingForUpgrades,Error checking for upgrades — {0},Error checking for upgrades \u2014 {0},錯誤檢查升級 -  {0}
mangoUI,ui.app.eventAudioFiles,Event audio and notifications,Event audio files,事件音頻和通知
mangoUI,ui.app.audioFile,Audio file,Audio file,音頻檔案
mangoUI,ui.app.eventLevel,Event level,Event level,事件級別
mangoUI,ui.app.readMessageAloud,Read message aloud,Read message aloud,大聲朗讀消息
mangoUI,ui.app.visualNotification,Visual notification,Visual notification,視覺通知
mangoUI,ui.app.simplify,Simplify,Simplify,簡化
mangoUI,ui.app.simplifyTolerance,Simplify tolerance,Simplify tolerance,簡化公差
mangoUI,ui.app.autoSimplifyTolerance,Auto tolerance,Auto tolerance,自動公差
mangoUI,ui.app.authTokens,Auth tokens,Auth tokens,身份令牌
mangoUI,ui.app.editUserX,Edit user {0},Edit user {0},編輯用戶{0}
mangoUI,ui.app.expiryPreset,Quick expiry date,Quick expiry date,快速到期日期
mangoUI,ui.app.expiryDate,Expiry date,Expiry date,到期日
mangoUI,ui.app.authToken,Authentication token,Authentication token,身份驗證令牌
mangoUI,ui.app.createAuthToken,Create auth token,Create auth token,建立auth令牌
mangoUI,ui.app.revokeAuthTokensForUser,Revoke auth tokens for {0},Revoke auth tokens for {0},撤銷{0}的驗證令牌
mangoUI,ui.app.revokeAllAuthTokens,Revoke all auth tokens,Revoke all auth tokens,撤銷所有授權令牌
mangoUI,ui.app.confirmRevokeAuthTokensForUser,Revoke authentication tokens for {0}?,Revoke authentication tokens for {0}?,撤銷{0}的身份驗證令牌？
mangoUI,ui.app.confirmRevokeAllAuthTokens,Revoke all authentication tokens for all users? This will change the private key used to sign the JWT auth tokens.,Revoke all authentication tokens for all users? This will change the private key used to sign the JWT auth tokens.,撤銷所有用戶的所有身份驗證令牌？這將更改用於簽署JWT Auth令牌的私鑰。
mangoUI,ui.app.revokeAuthTokensForUserSuccess,Successfully revoked authentication tokens for {0},Successfully revoked authentication tokens for {0},成功撤銷了{0}的身份驗證令牌
mangoUI,ui.app.revokeAuthTokensForUserFailure,Failed to revoke authentication tokens for {0}: {1},Failed to revoke authentication tokens for {0}: {1},無法撤銷{0}的身份驗證令牌：{1}
mangoUI,ui.app.revokeAllAuthTokensSuccess,Successfully revoked all authentication tokens,Successfully revoked all authentication tokens,成功撤銷了所有身份驗證令牌
mangoUI,ui.app.revokeAllAuthTokensFailure,Failed to revoke all authentication tokens: {0},Failed to revoke all authentication tokens: {0},無法撤銷所有身份驗證令牌：{0}
mangoUI,ui.app.createAuthTokenSuccess,Authentication token created,Authentication token created,建立了身份驗證令牌
mangoUI,ui.app.createAuthTokenFailure,Failed to create authentication token: {0},Failed to create authentication token: {0},無法建立身份驗證令牌：{0}
mangoUI,ui.app.deleteSelectedPoints,Delete selected data points,Delete selected data points,刪除選定的資料點
mangoUI,ui.app.xidShort,XID,XID,XID
mangoUI,ui.app.null,<null>,<null>,<NULL>
mangoUI,ui.app.pointXofX,Point {0} of {1},Point {0} of {1},{1}的點{0}
mangoUI,ui.app.xPointsSelectedLong,"{0, plural, =0{No data points} =1{1 data point} other{# data points}} selected","{0, plural, =1{1 data point} other{# data points}} selected",{0，複數，= 0 {無資料點} = 1 {1 data Point}其他{＃資料點}}選擇
mangoUI,ui.app.fixedTagValue,Fixed tag value,Fixed tag value,固定標籤值
mangoUI,ui.app.noTags,"No tags, add one below","No tags, add one below",沒有標籤，在下面新增一個
mangoUI,ui.app.newTagWatchList,New tag watch list,New tag watch list,新標籤觀察列表
mangoUI,ui.app.sortBy,Sort by ''{0}'',Sort by {0},按''{0}''排序
mangoUI,ui.app.resetColumn,Reset column ''{0}'',Reset column {0},重置列''{0}'''
mangoUI,ui.app.nullColumn,Set column ''{0}'' to null,Set column ''{0}'' to null,設定列'{0}''to null
mangoUI,ui.app.removeTag,Remove tag ''{0}'',Remove tag {0},刪除標籤''{0}''
mangoUI,ui.app.selectAll,Select all,Select all,選擇全部
mangoUI,ui.app.deselectAll,Deselect all,Deselect all,取消選擇
mangoUI,ui.app.bulkEditNoChanges,No changes have been made,No columns have been changed,沒有改變
mangoUI,ui.app.bulkEditNoPointsSelected,No data points are selected,No data points are selected,未選擇資料點
mangoUI,ui.app.bulkEditConfirmEdit,"Edit {0, plural, =1{1 data point} other{# data points}}?","Edit {0, plural, =1{1 point} other{# points}}?",編輯{0，複數，= 1 {1 data Point}其他{＃資料點}}？
mangoUI,ui.app.bulkEditConfirmDelete,"Delete {0, plural, =1{1 data point} other{# data points}}?","Delete {0, plural, =1{1 point} other{# points}}?",刪除{0，複數，= 1 {1 data Point}其他{＃資料點}}？
mangoUI,ui.app.bulkEditConfirmPurge,"Purge point values for {0, plural, =1{1 data point} other{# data points}}?","Purge point values for {0, plural, =1{1 data point} other{# data points}}?",{0，複數，= 1 {1 data Point}的清除點值其他{＃data Point}}？
mangoUI,ui.app.bulkEditConfirmPurgeDataSource,Purge point values for data source '{0}'?,Purge point values for data source '{0}'?,資料來源的清除點值'{0}'？
mangoUI,ui.app.errorStartingBulkEdit,Error starting edit: {0},Error starting bulk edit: {0},錯誤開始編輯：{0}
mangoUI,ui.app.bulkEditCancelled,"Edit cancelled, processed {0} of {1} points, {2} had errors.","Bulk edit cancelled, processed {0} of {1} points, {2} had errors.",編輯取消，處理{1}點的處理{0}，{2}有錯誤。
mangoUI,ui.app.bulkEditTimedOut,"Edit timed out, processed {0} of {1} points, {2} had errors.","Bulk edit timed out, processed {0} of {1} points, {2} had errors.",編輯時間，{1}點的處理{0}，{2}有錯誤。
mangoUI,ui.app.bulkEditError,"Edit error, processed {0} of {1} points, {2} had errors. Error: {3}","Bulk edit error, processed {0} of {1} points, {2} had errors. Error: {3}",編輯錯誤，{1}點的處理{0}，{2}有錯誤。錯誤：{3}
mangoUI,ui.app.bulkEditSuccess,"Edit completed successfully, processed all {0} points with no errors.","Bulk edit completed successfully, processed all {0} points with no errors.",編輯成功完成，處理了所有{0}點，沒有任何錯誤。
mangoUI,ui.app.bulkEditSuccessWithErrors,"Edit completed, processed {0} of {1} points, {2} had errors.","Bulk edit completed, processed {0} of {1} points, {2} had errors.",編輯完成，處理{1}點的處理{0}，{2}有錯誤。
mangoUI,ui.app.showPointBrowser,Show point browser,Show point browser,顯示點瀏覽器
mangoUI,ui.app.hidePointBrowser,Hide point browser,Hide point browser,隱藏點瀏覽器
mangoUI,ui.app.customTimeFormat,Custom time format,Custom time format,自定義時間格式
mangoUI,ui.app.showRevisionHistory,Show revision history,Show revision history,顯示修訂歷史記錄
mangoUI,ui.app.downloadManifest,Download module manifest,Download module manifest,下載模塊清單
mangoUI,ui.app.downloadCSV,Download CSV,Download CSV,下載CSV
mangoUI,ui.app.uploadCSV,Upload CSV,Upload CSV,上傳CSV
mangoUI,ui.app.uploadingCSV,Uploading CSV,Uploading CSV,上傳CSV
mangoUI,ui.app.requiredParameter,Required parameter not supplied,Required parameter not supplied,不提供所需參數
mangoUI,ui.app.saveSettings,Save settings,Save settings,保存設定
mangoUI,ui.app.saveAsNewWatchList,Save as new watch list,Save as new watch list,另存為新觀察列表
mangoUI,ui.app.errorGettingPoints,Error getting points: {0},Error getting points: {0},錯誤取得點：{0}
mangoUI,ui.app.rowNumber,Row,Row,排
mangoUI,ui.app.errorDoingX,"Error {0, select, CREATE{creating} UPDATE{updating} DELETE{deleting} other{performing operation on}} data point: {1}","Error {0, select, CREATE{creating} UPDATE{updating} DELETE{deleting} other{performing operation on}} data point: {1}",error {0，選擇，建立{建立} update {updatitating} delete {deleting}其他{perfort {perfort {perform of}}} data Point：{1}
mangoUI,ui.app.genericRestError,Mango API error: {0},Mango API error: {0}, Mango API錯誤：{0}
mangoUI,ui.app.axisMinimum,Minimum,Minimum,最低限度
mangoUI,ui.app.axisMaximum,Maximum,Maximum,最大限度
mangoUI,ui.app.axisGridCount,Grid count,Grid count,網格計數
mangoUI,ui.app.upgradesAvailable,"{0, plural, =1{An upgrade is available} other{There are # upgrades available}}.","{0, plural, =1{An upgrade is available} other{There are # upgrades available}}.",{0，複數，= 1 {可用升級}其他{有＃升級可用}}。
mangoUI,ui.app.goToUpgradesPage,Go to upgrades page.,Go to upgrades page.,轉到升級頁面。
mangoUI,ui.app.dismiss,Dismiss,Dismiss,解僱
mangoUI,ui.app.resetSort,Reset sort order to natural order,Reset sort order to natural order,將排序訂單重置為自然順序
mangoUI,ui.app.restartInstanceConfirm,Are you sure you want to restart Mango instance ''{0}''?,Are you sure you want to restart Mango instance ''{0}''?,您確定要重新啟動 Mango 實體'{0}''？
mangoUI,ui.app.showStackTrace,Show stack trace,Show stack trace,顯示堆棧跟踪
mangoUI,ui.app.noExceptionFound,No exception found,No exception found,沒有例外
mangoUI,ui.app.editSelectedPoints,Edit selected data points,Edit selected data points,編輯選定的資料點
mangoUI,ui.app.lastPasswordChange,Password was last changed {0} ({1}).,Password was last changed {0} ({1}).,密碼最後更改{0}（{1}）。
mangoUI,ui.app.lastLogin,User last logged in {0} ({1}).,User last logged in {0} ({1}).,用戶最後登錄在{0}（{1}）中。
mangoUI,ui.app.lastPasswordChangeStatic,Last password change,Last password change,最後一個密碼更改
mangoUI,ui.app.lastLoginStatic,Last login,Last login,最後登錄
mangoUI,ui.app.userCreated,Date created,Date created,建立的日期
mangoUI,ui.app.userEmailVerified,Email verified,Email verified,電子郵件已驗證
mangoUI,ui.app.relativeTime,Relative time,Relative time,相對時間
mangoUI,ui.app.userProperty,Property,Property,財產
mangoUI,ui.app.neverLoggedIn,User has never logged in.,User has never logged in.,用戶從未登錄。
mangoUI,ui.app.lists,Lists,Lists,列表
mangoUI,ui.app.hierarchy,Hierarchy,Hierarchy,等級制度
mangoUI,ui.app.devices,Devices,Devices,裝置
mangoUI,ui.app.sources,Sources,Sources,來源
mangoUI,ui.app.tags,Tags,Tags,標籤
mangoUI,ui.app.tagsLong,Data point tags,Data point tags,資料點標籤
mangoUI,ui.app.bustCache,Bust cache,Bust cache,胸圍緩存
mangoUI,ui.app.setLastUpgradeToNow,"Sets the last upgrade timestamp to the current time, busts browser caching","Sets the last upgrade timestamp to the current time, busts browser caching",將最後一次升級時間戳設定為當前時間，破壞瀏覽器緩存
mangoUI,ui.app.deleteModuleFailed,Marking module for deletion failed: {0},Marking module for deletion failed: {0},刪除的標記模塊失敗：{0}
mangoUI,ui.app.errorGettingPages,Error getting list of pages: {0},Error getting list of pages: {0},錯誤取得頁面列表：{0}
mangoUI,ui.app.errorGettingPage,Error getting page — {0},Error getting page — {0},錯誤取得頁面 -  {0}
mangoUI,ui.app.errorFirstValidationMsg,{0} — {1},{0} — {1},{0}  -  {1}
mangoUI,ui.app.errorFirstValidationMsgWithProp,"{0}, property ''{1}'' — {2}","{0}, property ''{1}'' — {2}",{0}，屬性''{1}'' -  {2}
mangoUI,ui.app.purgeSuccess,"{deletedPointValues} point samples deleted, {deletedEvents} events deleted","{deletedPointValues} point samples deleted, {deletedEvents} events deleted",{deletedpointValues}刪除點樣本，{deletedevents}事件已刪除
mangoUI,ui.app.eventPurgeSuccess,"{deleted, plural, =0{none to delete} =1{deleted 1 event} other{deleted # events}}","{deleted, plural, =0{none to delete} =1{deleted 1 event} other{deleted # events}}",{刪除，複數，= 0 {none delete} = 1 {刪除1事件}其他{刪除＃evest}}}}
mangoUI,ui.app.pointValuePurgeForSelectedPoints,Purge point values for selected data points,Purge point values for selected data points,所選資料點的清除點值
mangoUI,ui.app.mailingLists.notSaved,Mailing list not saved - {0},Mailing list not saved - {0},郵件列表未保存 -  {0}
mangoUI,ui.app.mailingLists.confirmDeleteList,Are you sure you want to delete the mailing list?,Are you sure you want to delete the mailing list?,您確定要刪除郵件列表嗎？
mangoUI,ui.app.mailingLists.deleted,Mailing list deleted,Mailing list deleted,郵件列表已刪除
mangoUI,ui.app.mailingLists.notDeleted,Mailing list not deleted,Mailing list not deleted,郵件列表未刪除
mangoUI,ui.app.virtualSerialPort.select,Select virtual serial port,Select virtual serial port,選擇虛擬串行埠號
mangoUI,ui.app.virtualSerialPort.new,New virtual serial port,New virtual serial port,新虛擬串行埠號
mangoUI,ui.app.virtualSerialPort.create,Create new virtual serial port,Create new virtual serial port,建立新的虛擬串行埠號
mangoUI,ui.app.virtualSerialPort.setup,Virtual serial port setup '{0}',Virtual serial port setup '{0}',虛擬串行埠號設定'{0}'
mangoUI,ui.app.virtualSerialPort.deleteConfirm,Are you sure you want to delete this serial port?,Are you sure you want to delete this serial port?,您確定要刪除此串行埠號嗎？
mangoUI,ui.app.virtualSerialPort.notSaved,Virtual serial port not saved - {0},Virtual serial port not saved - {0},虛擬串行埠號未保存 -  {0}
mangoUI,ui.app.virtualSerialPort.notRemoved,Virtual serial port not removed - {0},Virtual serial port not removed - {0},虛擬串行埠號未刪除 -  {0}
mangoUI,ui.app.mangoJavaScript,Mango JavaScript,Mango JavaScript, Mango JavaScript
mangoUI,ui.app.saveError,Error saving '{0}': {1},Error saving '{0}': {1},錯誤保存'{0}'：{1}
mangoUI,ui.app.deleteError,Error deleting '{0}': {1},Error deleting '{0}': {1},錯誤刪除'{0}'：{1}
mangoUI,ui.app.xSelected,{0} selected,{0} selected,{0}選擇
mangoUI,ui.app.eventHandlersFiltered,Showing event handlers for '{0}',Showing event handlers for '{0}',顯示“ {0}”的事件處理程序
mangoUI,ui.app.showAllEventHandlers,Show all event handlers,Show all event handlers,顯示所有事件處理程序
mangoUI,ui.app.timePeriods,Time periods,Time periods,時間段
mangoUI,ui.app.timePeriodType,Time period type,Time period type,時間段類型
mangoUI,ui.app.savingSytemSetting,Saving system setting,Saving system setting,保存系統設定
mangoUI,ui.app.savedSytemSetting,System setting saved,System setting saved,系統設定保存
mangoUI,ui.app.doesNotTakeEffectUntilSaved,Does not take effect until saved,Does not take effect until saved,直到保存才生效
mangoUI,ui.app.dataSourceTypeNotSupported,"Data source type is not supported yet, save is disabled","Data source type is not supported yet, save is disabled",資料來源類型尚不支持，保存是禁用的
mangoUI,ui.app.dataPointTypeNotSupported,"Data source type is not supported yet, some properties are not visible","Data source type is not supported yet, some properties are not visible",資料來源類型尚不支持，某些屬性不可見
mangoUI,ui.app.userRoleNotice,Note: Every valid user implicitly belongs to the 'user' role.,Note: Every valid user implicitly belongs to the 'user' role.,注意：每個有效的用戶隱式屬於“用戶”角色。
mangoUI,ui.app.permissionsPageHeader,"A blank input implies that only users with the 'superadmin' role are granted permission. To allow all users permission for an action, select the 'user' role. Every valid user is implicitly a member of the 'user' role.","A blank input implies that only users with the 'superadmin' role are granted permission. To allow all users permission for an action, select the 'user' role. Every valid user is implicitly a member of the 'user' role.",空白的輸入意味著只有具有“超級助手”角色的用戶才獲得許可。要允許所有用戶允許操作，請選擇“用戶”角色。每個有效的用戶都隱含地是“用戶”角色的成員。
mangoUI,ui.app.viewPoint,View,View,看法
mangoUI,ui.app.exportWithPoints,Export with points,Export with points,用點出口
mangoUI,ui.app.templateWillBeRemoved,This data point uses a template. The template will be removed when saving this data point.,This data point uses a template. The template will be removed when saving this data point.,該資料點使用範本。保存此資料點時，將刪除範本。
mangoUI,ui.app.templateWillBeRemovedPlural,One or more data points use a template. The templates will be removed when saving these data points.,One or more data points use a template. The templates will be removed when saving these data points.,一個或多個資料點使用範本。保存這些資料點時將刪除範本。
mangoUI,ui.app.timeoutSettings,Timeout settings,Timeout settings,逾時設定
mangoUI,ui.app.timeouts.xhr,XHR (REST API) timeout (s),XHR (REST API) timeout (s),XHR（RESS API）逾時（S）
mangoUI,ui.app.timeouts.pointValues,Point values timeout (s),Point values timeout (s),點值逾時
mangoUI,ui.app.timeouts.websocket,WebSocket connect timeout (s),WebSocket connect timeout (s),WebSocket連接逾時
mangoUI,ui.app.timeouts.websocketRequest,WebSocket request timeout (s),WebSocket request timeout (s),Websocket請求逾時
mangoUI,ui.app.changeDataType,Changing the data type will delete all point values for this data point,Changing the data type will delete all point values for this data point,更改資料類型將刪除此資料點的所有點值
mangoUI,ui.app.changeDataTypePlural,You are changing the data type of {0} data points. Changing the data type will delete all point values for these data points.,You are changing the data type of {0} data points. Changing the data type will delete all point values for these data points.,您正在更改{0}資料點的資料類型。更改資料類型將刪除這些資料點的所有點值。
mangoUI,ui.app.dataPointExists,Data point already exists,Data point already exists,資料點已經存在
mangoUI,ui.app.eventType.eventType,Event type,Event type,事件類型
mangoUI,ui.app.eventType.subType,Sub-type,Sub-type,子類型
mangoUI,ui.app.eventType.reference1,Reference 1,Reference 1,參考文獻1
mangoUI,ui.app.eventType.reference2,Reference 2,Reference 2,參考2
mangoUI,ui.app.scriptContext,External context points,External context points,外部上下文點
mangoUI,ui.app.scriptRoles,Script roles (permission groups),Script roles (permission groups),腳本角色（許可組）
mangoUI,ui.app.mapboxAccessToken,Mapbox access token,Mapbox access token,MAPBOX存取令牌
mangoUI,ui.app.confirmSetValue,Set value to '{0}'?,Set value to '{0}'?,將值設定為'{0}'？
mangoUI,ui.app.pwaSettings,Progressive Web App settings,Progressive Web App settings,漸進的網路應用程序設定
mangoUI,ui.app.pwaSettings.automaticName,Automatic name,Automatic name,自動名稱
mangoUI,ui.app.pwaSettings.automaticName.prefix,Automatic name prefix,Automatic name prefix,自動名稱前綴
mangoUI,ui.app.pwaSettings.automaticName.disable,Disable (set manually),Disable (set manually),禁用（手動設定）
mangoUI,ui.app.pwaSettings.automaticName.auto,Automatic,Automatic,自動的
mangoUI,ui.app.pwaSettings.automaticName.instanceDescription,Instance description,Instance description,實體描述
mangoUI,ui.app.pwaSettings.automaticName.host,Host name,Host name,主機名
mangoUI,ui.app.pwaSettings.name,Name,Name,名稱
mangoUI,ui.app.pwaSettings.shortName,Short name,Short name,簡短名稱
mangoUI,ui.app.pwaSettings.useThemeColors,Use theme colors,Use theme colors,使用主題顏色
mangoUI,ui.app.pwaSettings.themeColor,Title bar color,Title bar color,標題條顏色
mangoUI,ui.app.pwaSettings.backgroundColor,Start up screen color,Start up screen color,啟動屏幕顏色
mangoUI,ui.app.pwaSettings.information,"These settings control the appearance and name of the Mango UI application when it is installed to a device, or added to your home screen.","These settings control the appearance and name of the Mango UI application when it is installed to a device, or added to your home screen.",這些設定將其安裝到設備或新增到主屏幕上時，控制 Mango UI應用程序的外觀和名稱。
mangoUI,ui.app.pwaSettings.warning,"The PWA name is publicly accessible, if you choose ""Instance description"" you may expose information about your instance to unauthenticated parties.","The PWA name is publicly accessible, if you choose ""Instance description"" you may expose information about your instance to unauthenticated parties.",PWA名稱是公開存取的，如果您選擇“實體描述”，則可以將有關您的實體的資訊暴露於未經身份驗證的各方。
mangoUI,ui.scriptingEditor.validate,Validate,Validate,證實
mangoUI,ui.scriptingEditor.scriptValidated,Script validated,Script validated,腳本已驗證
mangoUI,ui.scriptingEditor.scriptError,Script error,Script error,腳本錯誤
mangoUI,ui.scriptingEditor.scriptResult,Script result: {0},Script result: {0},腳本結果：{0}
mangoUI,ui.scriptingEditor.scriptValidationError,Script validation error - {0},Script validation error - {0},腳本驗證錯誤 -  {0}
mangoUI,ui.scriptingEditor.logFilePath,Log file path: {0},Log file path: {0},日誌檔案路徑：{0}
mangoUI,ui.scriptingEditor.updatesContext,Updates context,Updates context,更新上下文
mangoUI,ui.scriptingEditor.errorConsole,Error console,Error console,錯誤控制台
mangoUI,ui.scriptingEditor.output,Script output,Script output,腳本輸出
mangoUI,ui.permissions.readRoles,Roles that can read,Roles that can read,可以讀取的角色
mangoUI,ui.permissions.editRoles,Roles that can edit,Roles that can edit,可以編輯的角色
mangoUI,ui.resourceStatus.VIRGIN,Virgin,Virgin,處女
mangoUI,ui.resourceStatus.SCHEDULED,Scheduled,Scheduled,計劃
mangoUI,ui.resourceStatus.RUNNING,Running,Running,執行
mangoUI,ui.resourceStatus.TIMED_OUT,Timed out,Timed out,逾時
mangoUI,ui.resourceStatus.CANCELLED,Cancelled,Cancelled,取消
mangoUI,ui.resourceStatus.SUCCESS,Success,Success,成功
mangoUI,ui.resourceStatus.ERROR,Error,Error,錯誤
mangoUI,ui.fileBrowser.fileNotChanged,"File not modified, no changes to save","File not modified, no changes to save",檔案未修改，沒有更改以保存
mangoUI,ui.fileBrowser.fileCopied,"File ""{0}"" successfully copied to ""{1}""","File ""{0}"" successfully copied to ""{1}""",檔案“ {0}”成功複製到“ {1}”
mangoUI,ui.fileBrowser.confirmExtractZip,Extract zip file?,Extract zip file?,提取zip檔案？
mangoUI,ui.fileBrowser.overwrite,Overwrite,Overwrite,覆蓋
mangoUI,ui.fileBrowser.overwriteWhenUploading,Overwrite files when uploading,Overwrite files when uploading,上傳時覆蓋檔案
mangoUI,ui.components.maStartAndRuntimesTable,Start and runtimes table,Start and runtimes table,開始和執行時間表
mangoUI,ui.components.maPagingPointList,Paging point list,Paging point list,分頁點列表
mangoUI,ui.components.maQueryPredicate,Query predicate,Query predicate,查詢謂詞
mangoUI,ui.components.maMap,Google Map,Google Map,Google地圖
mangoUI,ui.components.maNow,Now time,Now time,現在時間
mangoUI,ui.components.intervalPicker,Interval picker,Interval picker,間隔選擇器
mangoUI,ui.components.intervalTypePicker,Interval type picker,Interval type picker,間隔類型的選擇器
mangoUI,ui.components.imageSlider,Image slider,Image slider,圖像滑塊
mangoUI,ui.components.maFn,Function,Function,功能
mangoUI,ui.components.filteringDataSourceList,Filtering data source list,Filtering data source list,過濾資料來源列表
mangoUI,ui.components.filteringDeviceNameList,Filtering device name list,Filtering device name list,過濾設備名稱列表
mangoUI,ui.components.filteringPointHierarchySelect,Filtering point hierarchy select,Filtering point hierarchy select,濾波點層次結構選擇
mangoUI,ui.components.fileStoreBrowser,File store browser,File store browser,檔案存儲瀏覽器
mangoUI,ui.components.emptyInput,Empty input,Empty input,空輸入
mangoUI,ui.components.configImportDialog,Configuration import dialog,Configuration import dialog,配置導入對話框
mangoUI,ui.components.maCalc,Calculate,Calculate,計算
mangoUI,ui.components.arrayInput,Array input,Array input,數組輸入
mangoUI,ui.components.aceEditor,Ace editor,Ace editor,ACE編輯
mangoUI,ui.components.accordionSection,Accordion section,Accordion section,手風琴部分
mangoUI,ui.components.switchImg,Binary/multistate image,Binary/multistate image,二進制/多層圖像
mangoUI,ui.components.gaugeChart,Gauge,Gauge,測量
mangoUI,ui.components.pointValue,Point value,Point value,點值
mangoUI,ui.components.barDisplay,Bar display,Bar display,欄顯示
mangoUI,ui.components.indicator,Color indicator,Color indicator,顏色指示器
mangoUI,ui.components.getPointValue,Get point value,Get point value,取得點值
mangoUI,ui.components.filteringPointList,Filtering point list,Filtering point list,過濾點列表
mangoUI,ui.components.pointList,Point list,Point list,點列表
mangoUI,ui.components.dataSourceList,Data source list,Data source list,資料來源列表
mangoUI,ui.components.dataSourceQuery,Data source query,Data source query,資料來源查詢
mangoUI,ui.components.dataSourceScrollList,Data source scroll list,Data source scroll list,資料來源滾動列表
mangoUI,ui.components.deviceNameQuery,Device name query,Device name query,設備名稱查詢
mangoUI,ui.components.deviceNameScrollList,Device name scroll list,Device name scroll list,設備名稱滾動列表
mangoUI,ui.components.deviceNameList,Device name list,Device name list,設備名稱列表
mangoUI,ui.components.dateRangePicker,Date range picker,Date range picker,日期範圍選擇器
mangoUI,ui.components.datePicker,Date picker,Date picker,日期選擇器
mangoUI,ui.components.clock,Clock,Clock,鐘
mangoUI,ui.components.tankLevel,Tank level,Tank level,坦克水平
mangoUI,ui.components.pointValues,Point values,Point values,點值
mangoUI,ui.components.serialChart,Serial chart,Serial chart,串行圖表
mangoUI,ui.components.stateChart,Multistate chart,Multistate chart,多標圖
mangoUI,ui.components.pieChart,Pie chart,Pie chart,餅圖
mangoUI,ui.components.setPointValue,Set point value,Set point value,設定點值
mangoUI,ui.components.statisticsTable,Statistics table,Statistics table,統計表
mangoUI,ui.components.pointStatistics,Point statistics,Point statistics,點統計
mangoUI,ui.components.switch,Binary switch button,Binary switch button,二進制開關按鈕
mangoUI,ui.components.watchListChart,Watch list chart,Watch list chart,觀看列表圖
mangoUI,ui.components.watchListList,Watch list list,Watch list list,觀看列表
mangoUI,ui.components.watchListSelect,Watch list select,Watch list select,觀看列表選擇
mangoUI,ui.components.watchListParameters,Watch list parameters,Watch list parameters,觀看列表參數
mangoUI,ui.components.watchListGet,Watch list get,Watch list get,觀看列表取得
mangoUI,ui.components.dataPointXid,Data point XID,Data point XID,資料點XID
mangoUI,ui.components.pointQuery,Data point query,Data point query,資料點查詢
mangoUI,ui.components.maDataPointTagSelect,Data point tag select,Data point tag select,資料點標籤選擇
mangoUI,ui.components.maDataPointTagKeySelect,Data point tag key select,Data point tag key select,資料點標籤鍵選擇
mangoUI,ui.components.maPointEventDetector,Get event detector,Get event detector,取得事件探測器
mangoUI,ui.components.revisionText,"{0} — {1, select, CREATE{created} MODIFY{modified} DELETE{deleted} other{something changed}} by {2}","{0} \u2014 {1, select, CREATE{created} MODIFY{modified} DELETE{deleted} other{something changed}} by {2}",{0}  -  {1，選擇，建立{建立} modify {modified} delete {deleted}其他{某物更改}}} by {2}
mangoUI,ui.components.selectARevision,Select a revision,Select a revision,選擇一個修訂
mangoUI,ui.components.restore,Restore,Restore,恢復
mangoUI,ui.components.restorePreviousRevision,Restore previous revision,Restore previous revision,還原以前的修訂
mangoUI,ui.components.pointUnreliable,Point unreliable,Point unreliable,點不可靠
mangoUI,ui.components.maDailySchedule,Daily schedule,Daily schedule,每日時間表
mangoUI,ui.components.maWeeklySchedule,Weekly schedule,Weekly schedule,每週時間表
mangoUI,ui.components.emailRecipients,Email recipients,Email recipients,電子郵件收件人
mangoUI,ui.components.hideStartsAndRuntimes,Hide starts and runtimes,Hide starts and runtimes,隱藏起點和執行時
mangoUI,ui.components.toggleOnClick,Toggle on click,Toggle on click,單擊時切換
mangoUI,ui.components.slider,Slider,Slider,滑桿
mangoUI,ui.components.showQuickInfo,"Quick view chart, stats and point values","Quick view chart, stats and point values",快速檢視圖表，統計值和點值
mangoUI,ui.components.showStats,Show statistics,Show statistics,顯示統計資料
mangoUI,ui.components.showChart,Show chart,Show chart,顯示圖表
mangoUI,ui.components.showTable,Show point value table,Show point value table,顯示點值表
mangoUI,ui.components.showEvents,Show point events,Show point events,顯示點事件
mangoUI,ui.components.hasActiveEvent,Active event,Active event,活躍事件
mangoUI,ui.components.setPoint,Set point value,Set point value,設定點值
mangoUI,ui.components.showData,Show data,Show data,顯示資料
mangoUI,ui.components.hideData,Hide data,Hide data,隱藏資料
mangoUI,ui.components.fixErrorsOnForm,Please fix errors on form before saving,Please fix errors on form before saving,保存之前，請在表格上解決錯誤
mangoUI,ui.components.jsonStoreSaved,JSON data '{0}' saved,"JSON data ""{0}"" saved",JSON DATA' {0}'保存
mangoUI,ui.components.jsonStoreSaveError,Error saving JSON data: {0},"Error saving JSON data: ""{0}""",錯誤保存JSON資料：{0}
mangoUI,ui.components.jsonStoreGetError,Error retrieving JSON data: {0},"Error retrieving JSON data: ""{0}""",錯誤檢索JSON資料：{0}
mangoUI,ui.components.jsonStoreConfirmDelete,Delete JSON data '{0}'?,"Delete JSON data ""{0}""?",刪除JSON資料'{0}'？
mangoUI,ui.components.jsonStoreDeleted,JSON data '{0}' deleted,"JSON data ""{0}"" deleted",JSON DATA'{0}'已刪除
mangoUI,ui.components.eventHandlerSaved,Event handler '{0}' saved,"Event handler ""{0}"" saved",事件處理程序'{0}'保存
mangoUI,ui.components.eventHandlerSaveError,Error saving event handler: {0},"Error saving event handler: ""{0}""",保存錯誤事件處理程序：{0}
mangoUI,ui.components.eventHandlerGetError,Error retrieving event handler: {0},"Error retrieving event handler: ""{0}""",錯誤檢索事件處理程序：{0}
mangoUI,ui.components.eventHandlerConfirmDelete,Delete event handler '{0}'?,"Delete event handler ""{0}""?",刪除事件處理程序'{0}'？
mangoUI,ui.components.eventHandlerDeleted,Event handler '{0}' deleted,"Event handler ""{0}"" deleted",事件處理程序'{0}'刪除
mangoUI,ui.components.eventHandlerType,Event handler type,Event handler type,事件處理程序類型
mangoUI,ui.components.autoLoop,Auto loop,Auto loop,自動循環
mangoUI,ui.components.loopInterval,Loop interval,Loop interval,循環間隔
mangoUI,ui.components.eventDetectorSaved,Event detector '{0}' saved,"Event detector ""{0}"" saved",事件檢測器'{0}'保存
mangoUI,ui.components.eventDetectorSaveError,Error saving event detector: {0},"Error saving event detector: ""{0}""",保存錯誤事件檢測器：{0}
mangoUI,ui.components.selectTagKey,Select a tag key,Select a tag key,選擇一個標籤鍵
mangoUI,ui.components.addTagKey,Add tag key,Add tag key,新增標籤鍵
mangoUI,ui.components.selectTagValue,Select a value for {0},Select a value for {0},選擇{0}的值
mangoUI,ui.components.enterTagValue,Enter a value for {0},Enter a value for {0},輸入{0}的值
mangoUI,ui.components.noTagKey,No {0},No {0},沒有{0}
mangoUI,ui.components.addRestriction,Add restriction,Add restriction,增加限制
mangoUI,ui.components.restrictTagKey,Restrict tag key,Restrict tag key,限制標籤密鑰
mangoUI,ui.components.restrictTagKeyTo,Restrict {0} to,Restrict {0} to,將{0}限制為
mangoUI,ui.components.cronPatternEditor,Cron pattern editor,Cron pattern editor,Cron模式編輯器
mangoUI,ui.components.eventHandlerList,Event handler list,Event handler list,事件處理程序列表
mangoUI,ui.components.eventHandlerCheckList,Event handler check list,Event handler check list,事件處理程序檢查清單
mangoUI,ui.components.eventHandlerSelect,Event handler select,Event handler select,事件處理程序選擇
mangoUI,ui.components.eventHandlerEditor,Event handler editor,Event handler editor,事件處理程序編輯器
mangoUI,ui.components.eventTypeList,Event type list,Event type list,事件類型列表
mangoUI,ui.components.noEventTypes,No event types to list,No event types to list,沒有列出的事件類型
mangoUI,ui.components.removeFromList,Remove from list,Remove from list,從列表中刪除
mangoUI,ui.components.emailRecipient.ADDRESS,Email address,Email address,電子郵件
mangoUI,ui.components.emailRecipient.USER,User,User,用戶
mangoUI,ui.components.emailRecipient.MAILING_LIST,Mailing list,Mailing list,郵件列表
mangoUI,ui.components.selectUsers,Select users,Select users,選擇用戶
mangoUI,ui.components.selectMailingLists,Select mailing lists,Select mailing lists,選擇郵件列表
mangoUI,ui.components.dataSourceSaved,Data source '{0}' saved,Data source '{0}' saved,資料來源'{0}'保存
mangoUI,ui.components.dataSourceSaveError,Error saving data source: {0},Error saving data source: {0},錯誤保存資料來源：{0}
mangoUI,ui.components.dataSourceGetError,Error retrieving data source: {0},Error retrieving data source: {0},錯誤檢索資料來源：{0}
mangoUI,ui.components.dataSourceConfirmDelete,Delete data source '{0}'?,Delete data source '{0}'?,刪除資料來源'{0}'？
mangoUI,ui.components.dataSourceDeleted,Data source '{0}' deleted,Data source '{0}' deleted,資料來源'{0}'已刪除
mangoUI,ui.components.dataSourceDeleteError,Error deleting data source: {0},Error deleting data source: {0},錯誤刪除資料來源：{0}
mangoUI,ui.components.dataSourceEditor,Data source editor,Data source editor,資料來源編輯器
mangoUI,ui.components.dataSourceStatus,Data source status,Data source status,資料來源狀態
mangoUI,ui.components.dataPointSaved,Data point '{0}' saved,Data point '{0}' saved,資料點'{0}'保存
mangoUI,ui.components.dataPointSaveError,Error saving data point: {0},Error saving data point: {0},錯誤保存資料點：{0}
mangoUI,ui.components.dataPointGetError,Error retrieving data point: {0},Error retrieving data point: {0},錯誤檢索資料點：{0}
mangoUI,ui.components.dataPointConfirmDelete,Delete data point '{0}'?,Delete data point '{0}'?,刪除資料點'{0}'？
mangoUI,ui.components.dataPointDeleted,Data point '{0}' deleted,Data point '{0}' deleted,資料點'{0}'已刪除
mangoUI,ui.components.dataPointDeleteError,Error deleting data point: {0},Error deleting data point: {0},錯誤刪除資料點：{0}
mangoUI,ui.components.dataPointEditor,Data point editor,Data point editor,資料點編輯器
mangoUI,ui.components.editXDataPoints,Editing {0} data points,Editing {0} data points,編輯{0}資料點
mangoUI,ui.components.createPointNotSupported,Creating a point of type '{0}' is not supported,Creating a point of type '{0}' is not supported,不支持建立類型的“ {0}”
mangoUI,ui.components.queryPredicate.in,In array,In array,在數組中
mangoUI,ui.components.queryProperty.pointFolderId,Hierarchy folder ID,Hierarchy folder ID,層次結構檔案夾ID
mangoUI,ui.components.queryProperty.tag,Tags,Tags,標籤
mangoUI,ui.components.confirmDeleteUser,This user will be permanently deleted,This user will be permanently deleted,該用戶將被永久刪除
mangoUI,ui.components.userSaved,User {0} saved,User {0} saved,用戶{0}保存
mangoUI,ui.components.errorSavingUser,Error saving user '{0}' — {1},Error saving user '{0}',錯誤保存用戶'{0}' -  {1}
mangoUI,ui.components.errorSendingEmail,Error sending email to '{0}' — {1},Error sending email to '{0}',錯誤將電子郵件發送到'{0}' -  {1}
mangoUI,ui.components.emailSent,Email sent to '{0}',Email sent to '{0}',電子郵件發送到'{0}'
mangoUI,ui.components.userDeleted,User '{0}' deleted,User '{0}' deleted,用戶'{0}'已刪除
mangoUI,ui.components.errorDeletingUser,Error deleting user '{0}' — {1},Error deleting user '{0}',錯誤刪除用戶'{0}' -  {1}
mangoUI,ui.components.errorSwitchingUser,Error switching to user '{0}' — {1},Error switching to user '{0}',錯誤切換到用戶'{0}' -  {1}
mangoUI,ui.components.switchedUser,Switched user to '{0}',Switched user to '{0}',將用戶切換到'{0}'
mangoUI,ui.components.errorSavingSetting,Error saving system setting,Error saving system setting,保存錯誤系統設定
mangoUI,ui.components.errorSavingSettings,Error saving system settings: {0},Error saving system settings: {0},錯誤保存系統設定：{0}
mangoUI,ui.components.errorOnProperty,'{0}' on property '{1}','{0}' on property '{1}','{0}'在屬性上'{1}'
mangoUI,ui.components.errorOnLine,'{0}' on line {1},'{0}' on line {1},'{0}'在行{1}
mangoUI,ui.components.errorOnLineCol,"'{0}' on line {1}, column {2}","'{0}' on line {1}, column {2}",'{0}'在行{1}，列{2}
mangoUI,ui.components.eventDetectorList,Point event detector list,Point event detector list,點事件檢測器列表
mangoUI,ui.components.eventDetectorEditor,Point event detector editor,Point event detector editor,點事件檢測器編輯器
mangoUI,ui.components.durationEditor,Duration editor,Duration editor,持續時間編輯器
mangoUI,ui.components.noItemsToList,No items to list,No items to list,沒有要列出的項目
mangoUI,ui.components.loadingItems,Loading items...,Loading items...,載入項目...
mangoUI,ui.components.loadMore,Load more ({0} remaining),Load more ({0} remaining),載入更多（{0}剩餘）
mangoUI,ui.components.errorLoadingChildren,Error loading children: {0},Error loading children: {0},錯誤載入孩子：{0}
mangoUI,ui.components.maSerialPortSelect,Serial port select,Serial port select,串行埠號選擇
mangoUI,ui.components.maHeatMap,Heat map,Heat map,熱圖
mangoUI,ui.components.eventTypeFilter,Event type filter,Event type filter,事件類型過濾器
mangoUI,ui.components.publisherList,Publisher list,Publisher list,發布者列表
mangoUI,ui.components.publisherSelect,Publisher select,Publisher select,發布者選擇
mangoUI,ui.components.publisherEditor,Publisher editor,Publisher editor,發布者編輯
mangoUI,ui.components.maTileMap,Tile map,Tile map,瓷磚地圖
mangoUI,ui.components.tagHierarchy,Tag hierarchy,Tag hierarchy,標籤層次結構
mangoUI,ui.eventDetectors.select,Select event detector,Select event detector,選擇事件檢測器
mangoUI,ui.eventDetectors.create,Create event detector,Create event detector,建立事件檢測器
mangoUI,ui.eventDetectors.edit,Edit event detector,Edit event detector,編輯事件檢測器
mangoUI,ui.eventDetectors.type,Event detector type,Event detector type,事件檢測器類型
mangoUI,ui.eventDetectors.name,Event detector,Event detector,事件檢測器
mangoUI,ui.eventDetectors.plural,Event detectors,Event detectors,事件探測器
mangoUI,ui.eventDetectors.confirmDelete,Delete event detector '{0}'?,Delete event detector '{0}'?,刪除事件檢測器'{0}'？
mangoUI,ui.eventDetectors.deleted,Event detector '{0}' deleted,Event detector '{0}' deleted,事件檢測器'{0}'刪除
mangoUI,ui.eventDetectors.saved,Event detector '{0}' saved,Event detector '{0}' saved,事件檢測器'{0}'保存
mangoUI,ui.eventDetectors.count,"{0, plural, =0{Create an event detector} =1{1 event detector} other{# event detectors}}","{0, plural, =0{Create an event detector} =1{1 event detector} other{# event detectors}}",{0，複數，= 0 {建立事件檢測器} = 1 {1事件檢測器}其他{＃事件檢測器}}}}
mangoUI,ui.eventDetectors.for,Event detectors for {0},Event detectors for {0},{0}的事件檢測器
mangoUI,systemSettings.backupTimeHour,Backup hour,Backup hour,備份小時
mangoUI,systemSettings.backupTimeMinute,Backup minute,Backup minute,備份分鐘
mangoUI,systemSettings.lastUpgrade,Last upgrade,Last upgrade,最後升級
mangoUI,systemSettings.comm.virtual.serialClientSocketBridgeSettings.ipWhiteList,Remote IP white list,Remote IP white list,遠端IP白名單
mangoUI,ui.settings.systemStatus.auditTrail,Audit trail,Audit Trail,審核步道
mangoUI,ui.settings.systemStatus.internalMetrics,Internal metrics,Internal Metrics,內部指標
mangoUI,ui.settings.systemStatus.workItems,Work items,Work Items,工作項目
mangoUI,ui.settings.systemStatus.threads,Threads,Threads,線程
mangoUI,ui.settings.systemStatus.downloadThreadDump,Download thread dump,Download Thread Dump,下載線程轉儲
mangoUI,ui.settings.systemStatus.noSqlPointValueDatabaseSize,NoSQL point value database size,NoSQL point value database size,NOSQL點值資料庫大小
mangoUI,ui.settings.systemStatus.fileDataSize,Filedata size,Filedata size,命令大小
mangoUI,ui.settings.systemStatus.formatfiledataCount,({0} files),({0} files),（{0}檔案）
mangoUI,ui.settings.systemStatus.eventsCount,Events count,Events count,事件很重要
mangoUI,ui.settings.systemStatus.id,ID,ID,ID
mangoUI,ui.settings.systemStatus.cpuTime,CPU time,CPU Time,CPU時間
mangoUI,ui.settings.systemStatus.userTime,User time,User Time,用戶時間
mangoUI,ui.settings.systemStatus.state,State,State,狀態
mangoUI,ui.settings.systemStatus.queueCounts,Queue counts,Queue Counts,隊列計數
mangoUI,ui.settings.systemStatus.highPriority,High priority,High Priority,優先級
mangoUI,ui.settings.systemStatus.mediumPriority,Medium priority,Medium Priority,中等優先級
mangoUI,ui.settings.systemStatus.lowPriority,Low Priority,Low Priority,優先級低
mangoUI,ui.settings.systemStatus.noneFound,None found,None Found,沒有發現
mangoUI,ui.settings.systemStatus.className,Class name,Class Name,班級名稱
mangoUI,ui.settings.systemStatus.count,Count,Count,數數
mangoUI,ui.settings.systemStatus.rejectedStats,Rejected stats,Rejected Stats,拒絕統計資料
mangoUI,ui.settings.systemStatus.runningStats,Running stats,Running Stats,執行統計
mangoUI,ui.settings.systemStatus.queueSizeLimit,Queue size limit,Queue Size Limit,隊列尺寸限制
mangoUI,ui.settings.systemStatus.maxQueueSize,Max queue size,Max Queue Size,最大隊列大小
mangoUI,ui.settings.systemStatus.currentQueueSize,Current queue size,Current Queue Size,當前隊列大小
mangoUI,ui.settings.systemStatus.executionCount,Execution count,Execution Count,執行計數
mangoUI,ui.settings.systemStatus.avgExecutionTime,Avg. execution time (ms),Avg. Execution Time (ms),avg。執行時間（MS）
mangoUI,ui.settings.systemStatus.lastExecutionTime,Last execution time (ms),Last Execution Time (ms),最後執行時間（MS）
mangoUI,ui.settings.systemStatus.rejections,Rejections,Rejections,拒絕
mangoUI,ui.settings.systemStatus.currentlyRunning,Currently running,Currently Running,當前正在執行
mangoUI,ui.settings.systemStatus.lastAccess,Last access,Last Access,最後存取
mangoUI,ui.settings.systemStatus.poolFull,Pool full,Pool Full,泳池滿
mangoUI,ui.settings.systemStatus.queueFull,Queue full,Queue Full,隊列滿
mangoUI,ui.settings.systemStatus.totalRejections,Total rejections,Total Rejections,總拒絕
mangoUI,ui.settings.systemStatus.alarmLevel,Alarm level,Alarm Level,警報水平
mangoUI,ui.settings.systemStatus.changeType,Change type,Change Type,更改類型
mangoUI,ui.settings.systemStatus.type,Type,Type,類型
mangoUI,ui.settings.systemStatus.message,Message,Message,訊息
mangoUI,ui.settings.systemStatus.timestamp,Timestamp,Timestamp,時間戳
mangoUI,ui.settings.systemStatus.username,Username,Username,使用者名稱
mangoUI,ui.settings.systemStatus.value,Value,Value,數值
mangoUI,ui.settings.systemStatus.priority,Priority,Priority,優先事項
mangoUI,ui.settings.systemStatus.blockedThreadDetails,Blocked thread details,Blocked Thread Details,阻止線程詳細資訊
mangoUI,ui.settings.systemStatus.displayingStackTraceForThread,Displaying stack trace for thread {0},Displaying Stack Trace for Thread {0},顯示線程{0}的堆棧跟踪
mangoUI,ui.settings.systemStatus.displayingLogFile,Displaying log file {0},Displaying Log File {0},顯示日誌檔案{0}
mangoUI,ui.settings.systemStatus.viewCurrentMaLog,View current ma.log,View Current ma.log,檢視當前的ma.log
mangoUI,ui.settings.systemStatus.displayingAuditContext,Displaying audit context for {0},Displaying Audit Context for {0},顯示{0}的審計上下文
mangoUI,ui.settings.systemStatus.create,Create,Create,創造
mangoUI,ui.settings.systemStatus.modify,Modify,Modify,調整
mangoUI,ui.settings.systemStatus.delete,Delete,Delete,刪除
mangoUI,ui.settings.systemStatus.pointName,Point Name,Point Name,點名稱
mangoUI,ui.settings.systemStatus.pointId,Point ID,Point ID,點ID
mangoUI,ui.settings.systemStatus.dataSourcesPerformance,Data Sources Performance,Data Sources Performance,資料來源性能
mangoUI,ui.settings.publiclyResolvableBaseUrl,Publicly resolvable url,Publicly resolvable url,可公開解決的URL
mangoUI,ui.time.milliseconds,"{0, plural, =1{1 millisecond} other{# milliseconds}}","{0, plural, =1{1 millisecond} other{# milliseconds}}",{0，複數，= 1 {1毫秒}其他{＃milliseconds}}}
mangoUI,ui.time.seconds,"{0, plural, =1{1 second} other{# seconds}}","{0, plural, =1{1 second} other{# seconds}}",{0，複數，= 1 {1秒}其他{＃seconds}}}
mangoUI,ui.time.minutes,"{0, plural, =1{1 minute} other{# minutes}}","{0, plural, =1{1 minute} other{# minutes}}",{0，複數，= 1 {1分鐘}其他{＃分鐘}}}
mangoUI,ui.time.hours,"{0, plural, =1{1 hour} other{# hours}}","{0, plural, =1{1 hour} other{# hours}}",{0，複數，= 1 {1小時}其他{＃小時}}}
mangoUI,ui.time.days,"{0, plural, =1{1 day} other{# days}}","{0, plural, =1{1 day} other{# days}}",{0，複數，= 1 {1 day}其他{＃days}}}
mangoUI,ui.time.weeks,"{0, plural, =1{1 week} other{# weeks}}","{0, plural, =1{1 week} other{# weeks}}",{0，複數，= 1 {1週}其他{＃weekh}}}
mangoUI,ui.time.months,"{0, plural, =1{1 month} other{# months}}","{0, plural, =1{1 month} other{# months}}",{0，複數，= 1 {1個月}其他{＃月}}
mangoUI,ui.time.years,"{0, plural, =1{1 year} other{# years}}","{0, plural, =1{1 year} other{# years}}",{0，複數，= 1 {1年}其他{＃年}}
mangoUI,ui.time.millisecondsFromNow,"{0, plural, =1{1 millisecond} other{# milliseconds}} from now","{0, plural, =1{1 millisecond} other{# milliseconds}} from now",{0，複數，= 1 {1毫秒}其他{＃milliseconds}}}
mangoUI,ui.time.secondsFromNow,"{0, plural, =1{1 second} other{# seconds}} from now","{0, plural, =1{1 second} other{# seconds}} from now",{0，複數，= 1 {1秒}其他{＃seconds}}}
mangoUI,ui.time.minutesFromNow,"{0, plural, =1{1 minute} other{# minutes}} from now","{0, plural, =1{1 minute} other{# minutes}} from now",{0，複數，= 1 {1分鐘}
mangoUI,ui.time.hoursFromNow,"{0, plural, =1{1 hour} other{# hours}} from now","{0, plural, =1{1 hour} other{# hours}} from now",{0，複數，= 1 {1小時}其他{＃小時}}
mangoUI,ui.time.daysFromNow,"{0, plural, =1{1 day} other{# days}} from now","{0, plural, =1{1 day} other{# days}} from now",{0，複數，= 1 {1 day}其他{＃days}}}
mangoUI,ui.time.weeksFromNow,"{0, plural, =1{1 week} other{# weeks}} from now","{0, plural, =1{1 week} other{# weeks}} from now",{0，複數，= 1 {1週}其他{＃weekh}}}
mangoUI,ui.time.monthsFromNow,"{0, plural, =1{1 month} other{# months}} from now","{0, plural, =1{1 month} other{# months}} from now",{0，複數，= 1 {1個月}其他{＃monter}}
mangoUI,ui.time.yearsFromNow,"{0, plural, =1{1 year} other{# years}} from now","{0, plural, =1{1 year} other{# years}} from now",{0，複數，= 1 {1年}其他{＃年}}
mangoUI,ui.eventCount.unacknowledged,"{0, plural, =1{1 unacknowledged event} other{# unacknowledged events}}","{0, plural, =1{1 unacknowledged event} other{# unacknowledged events}}",{0，複數，= 1 {1 nocknowed event}
mangoUI,ui.eventCount.none,"{0, plural, =1{1 none event} other{# none events}}","{0, plural, =1{1 none event} other{# none events}}",{0，複數，= 1 {1 none event}其他{＃無events}}}
mangoUI,ui.eventCount.information,"{0, plural, =1{1 information event} other{# information events}}","{0, plural, =1{1 information event} other{# information events}}",{0，複數，= 1 {1資訊事件}其他{＃資訊事件}}
mangoUI,ui.eventCount.important,"{0, plural, =1{1 important event} other{# important events}}","{0, plural, =1{1 important event} other{# important events}}",{0，複數，= 1 {1重要事件}其他{＃重要事件}}}
mangoUI,ui.eventCount.warning,"{0, plural, =1{1 warning event} other{# warning events}}","{0, plural, =1{1 warning event} other{# warning events}}",{0，複數，= 1 {1警告事件}其他{＃警告事件}}}
mangoUI,ui.eventCount.urgent,"{0, plural, =1{1 urgent event} other{# urgent events}}","{0, plural, =1{1 urgent event} other{# urgent events}}",{0，複數，= 1 {1緊急事件}其他{＃緊急事件}}}
mangoUI,ui.eventCount.critical,"{0, plural, =1{1 critical event} other{# critical events}}","{0, plural, =1{1 critical event} other{# critical events}}",{0，複數，= 1 {1關鍵事件}其他{＃critical events}}}
mangoUI,ui.eventCount.safety,"{0, plural, =1{1 safety event} other{# safety events}}","{0, plural, =1{1 safety event} other{# safety events}}",{0，複數，= 1 {1安全事件}其他{＃安全事件}}
mangoUI,ui.dateRangePreset.lastX,Last {0},Last {0},最後{0}
mangoUI,ui.dateRangePreset.todaySoFar,Today so far,Today so far,今天到目前為止
mangoUI,ui.dateRangePreset.weekSoFar,Week so far,Week so far,到目前為止
mangoUI,ui.dateRangePreset.monthSoFar,Month so far,Month so far,到目前為止
mangoUI,ui.dateRangePreset.yearSoFar,Year so far,Year so far,到目前為止
mangoUI,ui.dateRangePreset.previousDay,Yesterday,Yesterday,昨天
mangoUI,ui.dateRangePreset.previousWeek,Previous week,Previous week,前一周
mangoUI,ui.dateRangePreset.previousMonth,Previous month,Previous month,上個月
mangoUI,ui.dateRangePreset.previousYear,Previous year,Previous year,上一年
mangoUI,ui.eventHandlers.createEventHandler,Create event handler,Create event handler,建立事件處理程序
mangoUI,ui.eventHandlers.selectEventHandler,Select event handler,Select event handler,選擇事件處理程序
mangoUI,ui.eventHandlers.customizeEmailTemplate,Customize email template or script,Customize email template or script,自定義電子郵件範本或腳本
mangoUI,ui.eventHandlers.emailRecipients,Email recipients,Email recipients,電子郵件收件人
mangoUI,ui.eventHandlers.emailSettings,Email settings,Email settings,電子郵件設定
mangoUI,ui.eventHandlers.escalationRecipients,Escalation recipients,Escalation recipients,升級接收者
mangoUI,ui.eventHandlers.escalationEmail,Escalation email,Escalation email,升級電子郵件
mangoUI,ui.eventHandlers.inactiveEmail,Inactive email,Inactive email,不活動的電子郵件
mangoUI,ui.eventHandlers.emailTemplateAndScript,Email template and script,Email template and script,電子郵件範本和腳本
mangoUI,ui.eventHandlers.editNameAndXid,Edit name and XID,Edit name and XID,編輯名稱和XID
mangoUI,ui.eventHandlers.selectEventTypes,Event types,Event types,事件類型
mangoUI,ui.eventHandlers.commandExcuted,Command executed,Command executed,執行命令
mangoUI,ui.eventHandlers.commandError,Command error - {0},Command error - {0},命令錯誤 -  {0}
mangoUI,ui.eventHandlers.targetPoint,Target point,Target point,目標點
mangoUI,ui.eventHandlers.sourcePoint,Source point,Source point,源點
mangoUI,ui.eventHandlers.setPointSettings,Set point settings,Set point settings,設定點設定
mangoUI,ui.eventHandlers.testCommand,Test command,Test command,測試命令
mangoUI,ui.app.serialPort.select,Select serial port,Select serial port,選擇串行埠號
mangoUI,ui.app.serialPort.portListRefreshed,Port list refreshed,Port list refreshed,埠號列表更新
mangoUI,ui.publisher.select,Select publisher,Select publisher,選擇發布者
mangoUI,ui.publisher.create,Create new publisher,Create new publisher,建立新發布者
mangoUI,ui.publisher.edit,Edit publisher,Edit publisher,編輯出版商
mangoUI,ui.publisher.type,Publisher type,Publisher type,發布者類型
mangoUI,ui.publisher.settings,Publisher,Publisher,出版商
mangoUI,ui.publisher.saved,Publisher '{0}' saved,Publisher '{0}' saved,發布者'{0}'保存
mangoUI,ui.publisher.saveError,Error saving publisher: {0},Error saving publisher: {0},保存錯誤的發布者：{0}
mangoUI,ui.publisher.deleteError,Error deleting publisher '{0}': {1},Error deleting publisher '{0}': {1},錯誤刪除發布者'{0}'：{1}
mangoUI,ui.publisher.confirmDelete,Delete publisher '{0}'?,Delete publisher '{0}'?,刪除發布者'{0}'？
mangoUI,ui.publisher.deleted,Publisher '{0}' deleted,Publisher '{0}' deleted,發布者'{0}'已刪除
mangoUI,ui.publisher.pointsSelected,Select data points (Publishing {0} points),Select data points (Publishing {0} points),選擇資料點（發布{0}點）
mangoUI,ui.publisher.noPointsSelected,No data points are selected for publishing,No data points are selected for publishing,沒有選擇發布資料點
mbus,dsEdit.mbus,M Bus,M Bus,M巴士
mbus,dsEdit.mbusPoint,M Bus Data Point,M Bus Data Point,M總線資料點
mbus,dsEdit.mbus.addressHex,Address,Address,地址
mbus,dsEdit.mbus.deviceUnit,Device unit,Device unit,設備單元
mbus,dsEdit.mbus.difCode,DIF Code,DIF Code,DIF代碼
mbus,dsEdit.mbus.difCode.12DigitBcd,12 digit BCD,12 digit BCD,12位BCD
mbus,dsEdit.mbus.difCode.16BitInteger,24 bit integer,16 bit integer,24位整數
mbus,dsEdit.mbus.difCode.16BitInteger,24 bit integer,16 bit integer,24位整數
mbus,dsEdit.mbus.difCode.2DigitBcd,2 digit BCD,2 digit BCD,2位數字BCD
mbus,dsEdit.mbus.difCode.32BitInteger,32 bit integer,32 bit integer,32位整數
mbus,dsEdit.mbus.difCode.32BitReal,32 bit real,32 bit real,32位真實
mbus,dsEdit.mbus.difCode.selectionForReadout,Selection for readout,Selection for readout,選擇讀數
mbus,dsEdit.mbus.difCode.48BitInteger,48 bit integer,48 bit integer,48位整數
mbus,dsEdit.mbus.difCode.4DigitBcd,4 digit BCD,4 digit BCD,4位數字BCD
mbus,dsEdit.mbus.difCode.64BitInteger,64 bit integer,64 bit integer,64位整數
mbus,dsEdit.mbus.difCode.6DigitBcd,6 digit BCD,6 digit BCD,6位數BCD
mbus,dsEdit.mbus.difCode.8BitInteger,8 bit integer,8 bit integer,8位整數
mbus,dsEdit.mbus.difCode.8DigitBcd,8 digit BCD,8 digit BCD,8位BCD
mbus,dsEdit.mbus.difCode.variableLength,Variable length,Variable length,可變長度
mbus,dsEdit.mbus.difCode.specialFunctionManSpecDataLastPacket,Special Function Manufacturer specific data,Special Function Manufacturer specific data,特殊功能製造商特定資料
mbus,dsEdit.mbus.difCode.specialFunctionManSpecDataPacketsFollows,Special Function Manufacturer specific data more records follow in next telegram,Special Function Manufacturer specific data more records follow in next telegram,特殊功能製造商特定資料的更多記錄在下一電報中關注
mbus,dsEdit.mbus.difCode.specialFunctionIdleFiller,Special Function Idle filler,Special Function Idle filler,特殊功能空閒填充劑
mbus,dsEdit.mbus.difCode.specialFunctionGlobalReadoutRequest,Special Function Global readout request,Special Function Global readout request,特殊功能全局讀取請求
mbus,dsEdit.mbus.exponent,Exponent,Exponent,指數
mbus,dsEdit.mbus.functionField,Function Field,Function Field,功能字段
mbus,dsEdit.mbus.identNumber,Id,Id,ID
mbus,dsEdit.mbus.manufacturer,Manufacturer,Manufacturer,製造商
mbus,dsEdit.mbus.medium,Medium,Medium,中等的
mbus,dsEdit.mbus.medium.other,Other,Other,其他
mbus,dsEdit.mbus.medium.oil,Oil,Oil,油
mbus,dsEdit.mbus.medium.electricity,Electricity,Electricity,電
mbus,dsEdit.mbus.medium.gas,Gas,Gas,氣體
mbus,dsEdit.mbus.medium.heat,Heat,Heat,熱
mbus,dsEdit.mbus.medium.steam,Steam,Steam,蒸汽
mbus,dsEdit.mbus.medium.hotWater,Warm Water (30°C...90°C),Warm Water (30°C...90°C),溫水（30°C ... 90°C）
mbus,dsEdit.mbus.medium.water,Water,Water,水
mbus,dsEdit.mbus.medium.heatCostAllocator,Heat cost allocator,Heat cost allocator,熱成本分配器
mbus,dsEdit.mbus.medium.compressedAir,Compressed air,Compressed air,壓縮空氣
mbus,dsEdit.mbus.medium.coolingLoadMeterOutlet,Cooling load meter (Volume measured at return temperature: outlet),Cooling load meter (Volume measured at return temperature: outlet),冷卻負載計（在回流溫度下測量的體積：出口）
mbus,dsEdit.mbus.medium.coolingLoadMeterInlet,Cooling load meter (Volume measured at flow temperature: inlet),Cooling load meter (Volume measured at flow temperature: inlet),冷卻負載計（在流動溫度下測量的體積：入口）
mbus,dsEdit.mbus.medium.heatInlet,Heat (Volume measured at flow temperature: inlet),Heat (Volume measured at flow temperature: inlet),熱量（在流動溫度下測得的體積：入口）
mbus,dsEdit.mbus.medium.heatCoolingLoadMeter,Heat/Cooling load meter,Heat/Cooling load meter,熱/冷卻負載計
mbus,dsEdit.mbus.medium.busSystem,Bus/System component,Bus/System component,總線/系統組件
mbus,dsEdit.mbus.medium.unknownMedium,Unknown Medium,Unknown Medium,未知媒介
mbus,dsEdit.mbus.medium.coldWater,Cold water,Cold water,冷水
mbus,dsEdit.mbus.medium.dualWater,Dual register (hot/cold) Water meter,Dual register (hot/cold) Water meter,雙寄存器（冷/冷）水錶
mbus,dsEdit.mbus.medium.pressure,Pressure,Pressure,壓力
mbus,dsEdit.mbus.medium.adConverter,A/D Converter,A/D Converter,A/D轉換器
mbus,dsEdit.mbus.responseFrame,Frame,Frame,框架
mbus,dsEdit.mbus.seachStopped,Search cancelled,Search cancelled,搜索取消
mbus,dsEdit.mbus.search,Search,Search,搜尋
mbus,dsEdit.mbus.searching,Searching m bus devices,Searching m bus devices,搜索M公交設備
mbus,dsEdit.mbus.searchProgress,Search progress: {0}%,Search progress: {0}%,搜索進度：{0}％
mbus,dsEdit.mbus.searchingSuccess,Searching success,Searching success,搜索成功
mbus,dsEdit.mbus.searchError,Search error - {0},Search error - {0},搜索錯誤 -  {0}
mbus,dsEdit.mbus.confirmSearchCancel,"A scan is already in progress, Do you want to cancel it?","A scan is already in progress, Do you want to cancel it?",掃描已經在進行中，您想取消它嗎？
mbus,dsEdit.mbus.siPrefix,SI prefix,SI prefix,SI前綴
mbus,dsEdit.mbus.storageNumber,Storagenumber,Storagenumber,Storagenumber
mbus,dsEdit.mbus.tariff,Tarif,Tarif,塔里夫
mbus,dsEdit.mbus.unitOfMeasurement,Unit of Measurement,Unit of Measurement,測量單位
mbus,dsEdit.mbus.useDirectConnection,Direct serial connection,Direct serial connection,直接串行連接
mbus,dsEdit.mbus.usePrimaryAddressing,Primary addressing,Primary addressing,主要地址
mbus,dsEdit.mbus.useSecondaryAddressing,Secondary addressing,Secondary addressing,次要地址
mbus,dsEdit.mbus.versionHex,Version,Version,版本
mbus,dsEdit.mbus.vifeLabel,Vifes,Vifes,vifes
mbus,dsEdit.mbus.vifLabel,Vif label,Vif label,VIF標籤
mbus,dsEdit.mbus.firstHexAddress,From Address (Hex),From Address (Hex),從地址（十六進制）
mbus,dsEdit.mbus.lastHexAddress,To Address (Hex),To Address (Hex),解決（十六進制）
mbus,dsEdit.mbus.addressing,Addressing,Addressing,尋址
mbus,dsEdit.mbus.desc,M Bus properties,M Bus properties,M總線特性
mbus,dsEdit.mbus.vifType,Vif type,Vif type,VIF類型
mbus,dsEdit.mbus.vifeTypes,Vife types,Vife types,VIFE類型
mbus,dsEdit.mbus.vifeLabels,Vife labels,Vife labels,VIFE標籤
mbus,dsEdit.mbus.tester.searchingDevices,Searching devices,Searching devices,搜索設備
mbus,dsEdit.mbus.tester.cancelled,Cancelled,Cancelled,取消
mbus,dsEdit.mbus.tester.foundDevices,Devices found: {0},Devices found: {0},找到的設備：{0}
mbus,dsEditMbus.getDetails,Details,Details,細節
mbus,dsEdit.mbus.addPoint,add,add,新增
mbus,dsEdit.mbus.tester.autoShutOff,Shutoff,Shutoff,關閉
mbus,dsEdit.mbus.presentValue,Value,Value,數值
mbus,dsEdit.mbus.responseTimeoutOffset,Response timeout offset,Response timeout offset,響應逾時偏移
mbus,dsEdit.mbus.serialDirect,SERIAL_DIRECT,SERIAL_DIRECT,serial_direct
mbus,dsEdit.mbus.noSearchWhileDataSourceRunning,Unable to search while data source is running,Unable to search while data source is running,資料來源執行時無法搜索
mbus,mbus.description,Data source for MBus,Data source for MBus,MBU的資料來源
mbus,mbus.validate.vifInvalid,Unable to get Vif: {0},Unable to get Vif: {0},無法獲得VIF：{0}
mbus,mbus.validate.vifeInvalid,Unable to get Vife: {0},Unable to get Vife: {0},無法獲得VIFE：{0}
mbus,mbus.validate.vifeLengthsInvalid,vife and vifetype length mismatch,vife and vifetype length mismatch,VIFE和VIFETYPE長度不符合
mbus,dox.mBusPP,M-Bus Point Properties Help,M-Bus Point Properties Help,M-Bus點屬性幫助
mbus,dox.mBusDS,M-Bus Data Source Help,M-Bus Data Source Help,M-Bus資料來源幫助
mbus,dsEdit.mbus.bitPerSecond,Bit/s,Bit/s,位/s
mbus,dsEdit.mbus.responseTimeOutOffset,Response Timeout(ms),Response Timeout(ms),響應逾時（MS）
mbus,dsEdit.mbus.connectionType,Connection Type,Connection Type,連接類型
mbus,dsEdit.mbus.useTcpIpConnection,TCP/IP Connection,TCP/IP Connection,TCP/IP連接
mbus,dsEdit.mbus.tcpAddr,IP-Address/Hostname,IP-Address/Hostname,IP地址/主機名
mbus,dsEdit.mbus.tcpPort,TCP port,TCP port,TCP埠號
mbus,dsEdit.mbus.id,Masked Identnumber,Masked Identnumber,蒙面的識別儀
mbus,dsEdit.mbus.man,Masked MAN,Masked MAN,蒙面男人
mbus,dsEdit.mbus.secAddrMedium,Medium,Medium,中等的
mbus,dsEdit.mbus.version,Version,Version,版本
mbus,dsEdit.mbus.dbIndex,Datablock index,Datablock index,DataBlock索引
mbus,dsEdit.mbus.effectiveSiPrefix,Effective Si-Prefix,Effective Si-Prefix,有效的Si-prefix
mbus,dsEdit.mbus.deviceName,M-Bus device,M-Bus device,M-Bus設備
mbus,dsEdit.mbus.params,DB parameters,DB parameters,DB參數
mbus,mbus.searchTool.addressingType,Addressing type,Addressing type,地址類型
measurlogicDTSCell,mlogic.desc,DTS Cell Data Source,DTS Cell Data Source,DTS單元資料來源
measurlogicDTSCell,mlogic.connDesc,Meter ID: {0},Meter ID: {0},儀表ID：{0}
measurlogicDTSCell,mlogic.settings.header,Measurlogic DTS Cell Settings,Measurlogic DTS Cell Settings,測量DTS電池設定
measurlogicDTSCell,mlogic.serialNumber,Serial number,Serial number,序列號
measurlogicDTSCell,mlogic.logPosition,Log position,Log position,日誌位置
measurlogicDTSCell,mlogic.registerNumber,Modbus register number,Modbus register number,modbus寄存器號碼
measurlogicDTSCell,mlogic.logIO,Log I/O?,Log I/O?,日誌I/O？
measurlogicDTSCell,mlogic.logError,IO logging error {1} in file {0},IO logging error {1} in file {0},io記錄錯誤{1}在檔案{0}中
measurlogicDTSCell,mlogic.maxLogFiles,Max log files,Max log files,最大日誌檔案
measurlogicDTSCell,mlogic.ioLogFileSizeMBytes,Max log file size (MB),Max log file size (MB),最大日誌檔案大小（MB）
measurlogicDTSCell,mlogic.point.connDesc,Point connection MREG? Log pos?,Point connection MREG? Log pos?,點連接mreg？ log pos？
measurlogicDTSCell,mlogic.port,Port,Port,埠號
measurlogicDTSCell,mlogic.timeout,Socket timeout,Socket timeout,插座逾時
measurlogicDTSCell,mlogic.threads,Maximum client threads,Maximum client threads,最大客戶端端線程
measurlogicDTSCell,mlogic.event.socketTimeout,Socket timed out: {0},Socket timed out: {0},插座計時：{0}
measurlogicDTSCell,mlogic.event.socketEvent,Socket timeout,Socket timeout,插座逾時
measurlogicDTSCell,mlogic.event.bufferException,Exceeded allocated message buffer: {0},Exceeded allocated message buffer: {0},超過分配的消息緩衝區：{0}
measurlogicDTSCell,mlogic.event.bufferEvent,Buffer exceeded,Buffer exceeded,緩衝區超過
measurlogicDTSCell,mlogic.event.ioException,IO exception: {0},IO exception: {0},io例外：{0}
measurlogicDTSCell,mlogic.event.ioEvent,IO exception,IO exception,io例外
measurlogicDTSCell,mlogic.event.numberFormatException,Number format exception: {0},Number format exception: {0},數字格式異常：{0}
measurlogicDTSCell,mlogic.event.numberFormatEvent,Number format exception,Number format exception,數字格式異常
measurlogicDTSCell,mlogic.event.unknownSerialNumber,Unknown serial number,Unknown serial number,未知序列號
measurlogicDTSCell,mlogic.event.unknownSerialNumberEvent,Unknown serial number: {0},Unknown serial number: {0},未知序列號：{0}
meta,metascripting.description,Meta data source and Scripting data source allows scripting point values,Meta data source and Scripting data source allows scripting point values,元資料來源和腳本資料來源允許腳本值值
meta,meta.description,Meta data source using custom scripts to determine values,Meta data source using custom scripts to determine values,使用自定義腳本確定值的元資料來源
meta,dox.metaDS,Meta data source,Meta data source,元資料來源
meta,dox.metaPP,Meta point properties,Meta point properties,元點屬性
meta,dox.metaJavaScript,Meta Point - JavaScript,Meta Point - JavaScript,元點 -  JavaScript
meta,dox.metaMVEL,Meta Point - MVEL,Meta Point - MVEL,元點 -  Mvel
meta,dox.metaGenerateHistory,Generate Point History Help,Generate Point History Help,生成點歷史幫助
meta,dsEdit.meta,Meta Data Source,Meta Data Source,元資料來源
meta,dsEdit.metaPoint,Meta data point,Meta data point,元資料點
meta,dsEdit.meta.desc,Meta data source properties,Meta data source properties,元資料來源屬性
meta,dsEdit.meta.scriptContext,Script context,Script context,腳本上下文
meta,dsEdit.meta.noPoints,No points have been added to the script context,No points have been added to the script context,腳本上下文中沒有新增要點
meta,dsEdit.meta.generate,Generate history,Generate history,產生歷史
meta,dsEdit.meta.generateHistoryForDataSource,Generate history for data source,Generate history for data source,生成資料來源的歷史記錄
meta,dsEdit.meta.generateHistoryForSelectedDataPoints,Generate history for selected data points ({0}),Generate history for selected data points ({0}),生成選定資料點的歷史記錄（{0}）
meta,dsEdit.meta.generate.noData,No data for point ''{0}'',No data for point ''{0}'',沒有點''{0}''的資料
meta,dsEdit.meta.generate.scriptError,Script error: {0},Script error: {0},腳本錯誤：{0}
meta,dsEdit.meta.generate.error,Error during history generation: {0}. {1} update(s) created.,Error during history generation: {0}. {1} update(s) created.,歷史記錄生成期間的錯誤：{0}。 {1}更新（S）建立。
meta,dsEdit.meta.generate.genericError,Error during history generation: {0},Error during history generation: {0},歷史上的錯誤：{0}
meta,dsEdit.meta.generate.success,History generation completed successfully. {0} updates(s) created.,History generation completed successfully. {0} updates(s) created.,歷史世代成功完成。 {0}建立的更新。
meta,dsEdit.meta.generate.from,From,From,從
meta,dsEdit.meta.generate.to,To,To,到
meta,dsEdit.meta.pointName,Point name,Point name,點名稱
meta,dsEdit.meta.var,Var,Var,var
meta,dsEdit.meta.script,Script,Script,腳本
meta,dsEdit.meta.scriptEngine,Script Engine,Script Engine,腳本引擎
meta,dsEdit.meta.event,Timer update event,Timer update event,計時器更新事件
meta,dsEdit.meta.contextEvent,Context event type,Context event type,上下文事件類型
meta,dsEdit.meta.logLevel,Log level,Log level,日誌級別
meta,dsEdit.meta.event.minute,Start of minute,Start of minute,一分鐘開始
meta,dsEdit.meta.event.hour,Start of hour,Start of hour,開始小時
meta,dsEdit.meta.event.day,Start of day,Start of day,一天開始
meta,dsEdit.meta.event.week,Start of week,Start of week,開始一周
meta,dsEdit.meta.event.month,Start of month,Start of month,一個月開始
meta,dsEdit.meta.event.year,Start of year,Start of year,年初
meta,dsEdit.meta.event.cron,Cron pattern,Cron pattern,克朗模式
meta,dsEdit.meta.event.none,None,None,沒有任何
meta,dsEdit.meta.delay,Execution delay(seconds),Execution delay<br/>(seconds),執行延遲（秒）
meta,dsEdit.meta.test.success,Success. result={0},Success. result={0},成功。結果= {0}
meta,dsEdit.meta.test.successUnchanged,Success. No value change,Success. No value change,成功。沒有數值更改
meta,dsEdit.meta.test.successTs,"Success. result={0}, timestamp={1}","Success. result={0}, timestamp={1}",成功。結果= {0}，timestamp = {1}
meta,dsEdit.meta.test.context,One or more points are disabled or missing,One or more points are disabled or missing,一個或多個點被禁用或丟失
meta,dsEdit.meta.test.scriptError,Script error: {0},Script error: {0},腳本錯誤：{0}
meta,dsEdit.meta.test.myPointNotEnabled,This data point must be enabled first,This data point must be enabled first,必須先啟用此資料點
meta,dsEdit.meta.test.myPointNotSaved,This data point must be saved first for script validation,This data point must be saved first,該資料點必須首先保存以進行腳本驗證
meta,dsEdit.meta.deleteBeforeGenerating,Delete existing data in range,Delete existing data in range,在範圍內刪除現有資料
meta,dsEdit.meta.test.pointPermissionsFailure,Permissions failure setting point {0},Permissions failure setting point {0},權限故障設定點{0}
meta,dsEdit.meta.verifyAllMetaDataPoints,Verify All Meta Data Points,Verify All Meta Data Points,驗證所有元資料點
meta,dsedit.meta.attributeChanges,Attribute changes,Attribute changes,屬性更改
meta,dsedit.meta.contextUpdates,Context updates,Context updates,上下文更新
meta,dsedit.meta.executions,Executions,Executions,執行
meta,dsedit.meta.valuesBackdated,Values backadated,Values backadated,數值是逆轉
meta,dsedit.meta.valuesLogged,Values logged,Values logged,值記錄
meta,dsedit.meta.valuesUpdated,Values updated,Values updated,值更新了
meta,dsedit.meta.error,Error,Error,錯誤
meta,dsEdit.meta.updatesContext,Updates context,Updates context,更新上下文
meta,dsEdit.meta.variableName,Variable name,Variable name,可變名稱
meta,dsEdit.meta.historyGeneration.finished,History generation finished,History generation finished,歷史世代結束了
meta,dsEdit.meta.historyGeneration.timeout,History generation timed out,History generation timed out,歷史產生時機
meta,dsEdit.meta.historyGeneration.error,History generation error — {0},History generation error — {0},歷史記錄生成錯誤 -  {0}
meta,dsEdit.meta.historyGeneration.cancelled,History generation cancelled,History generation cancelled,歷史一代被取消
meta,dsEdit.meta.historyGeneration.taskStatus,Status: {0},Status: {0},狀態：{0}
meta,dsEdit.meta.historyGeneration.progress,Progress: {0}\%,Progress: {0}\%,進度：{0} \％
meta,dsEdit.meta.historyGeneration.timeoutMinutes,Timeout (m),Timeout (m),逾時（M）
meta,dsEdit.meta.historyGeneration.dataSourceNotFound,Data source ''{0}'' not found,Data source ''{0}'' not found,資料來源''{0}'找不到
meta,dsEdit.meta.historyGeneration.dataPointNotFound,Data point ''{0}'' not found,Data point ''{0}'' not found,資料點''{0}'找不到
meta,dsEdit.meta.historyGeneration.dataSourceWrongType,Specified data source ''{0}'' is not a meta data source,Specified data source ''{0}'' is not a meta data source,指定的資料來源''{0}''不是元資料來源
meta,dsEdit.meta.historyGeneration.noDataPoints,No data points to generate history for,No data points to generate history for,沒有資料點生成歷史記錄
meta,dsEdit.meta.historyGeneration.pointValuesWaitingTooBig,"Point values waiting to be written too high, try again later","Point values waiting to be written too high, try again later",點值等待寫入得太高，請稍後再試
meta,dsEdit.meta.historyGeneration.task,History generation task,History generation task,歷史生成任務
meta,event.meta.contextCreateFailed,Failed to create context.,Failed to create context.,無法建立上下文。
meta,event.meta.pointUnavailable,"A context point is unavailable in point ""{0}"" because {1}","A context point is unavailable in point ""{0}"" because {1}",上下文點在“ {0}”點中不可用，因為{1}
meta,event.meta.nullResult,Script returned null. Ignoring result.,Script returned null. Ignoring result.,腳本返回null。忽略結果。
meta,event.meta.scriptError,"Script error in point ""{0}"": {1}","Script error in point ""{0}"": {1}",腳本錯誤“ {0}”：{1}
meta,event.meta.typeError,"Script result type error in point ""{0}"": {1}","Script result type error in point ""{0}"": {1}",腳本結果類型類型“ {0}”點中的錯誤：{1}
meta,event.meta.recursionFailure,The script was not executed due to a recursion overflow. There may be an infinite recursion loop in your script(s).,The script was not executed due to a recursion overflow. There may be an infinite recursion loop in your script(s).,由於遞歸溢出，該腳本未執行。您的腳本中可能有一個無限的遞歸循環。
meta,emport.error.meta.missing,Missing ''{0}'' in context point,Missing ''{0}'' in context point,在上下文點缺少'{0}''
meta,meta.validate.noContextUpdatePoints,No points are set to update context,No points are set to update context,沒有任何要點來更新上下文
meta,meta.set.annotation,Meta DPID {0},Meta DPID {0},meta dpid {0}
meta,meta.set.permissionDenied,Meta Point {0} denied permissions setting point {1},Meta Point {0} denied permissions setting point {1},元點{0}拒絕權限設定點{1}
meta,meta.rest.historyGeneration.permissionDenied,Permission to generate history denied. Do you have permission to the points' data source?,Permission to generate history denied. Do you have permission to the points' data source?,允許生成歷史的拒絕。您是否已允許這些點的資料來源？
meta,meta.rest.historyGenerator.pointNotFound,Data point with XID ''{0}'' not found,Data point with XID ''{0}'' not found,帶有XID''{0}''的資料點
meta,meta.rest.historyGeneration.dataSourceNotFound,Data source with ID ''{0}'' not found,Data source with ID ''{0}'' not found,帶有ID''{0}''的資料來源
meta,meta.rest.historyGeneration.notAMetaPoint,Data point {0} is not a meta point,Data point {0} is not a meta point,資料點{0}不是元點
meta,meta.rhinoException,{0} at line: {1},{0} at line: {1},{0}在線：{1}
meta,meta.rhinoExceptionCol,"{0} at line: {1}, column: {2}","{0} at line: {1}, column: {2}",{0}在線：{1}，列：{2}
modbus,dsEdit.modbusSerial.encoding.rtu,RTU,RTU,RTU
modbus,dsEdit.modbusSerial.encoding.ascii,ASCII,ASCII,ASCII
modbus,dsEdit.modbus.holdingRegister,Holding register,holding register,保持註冊
modbus,dsEdit.modbus.inputRegister,Input register,input register,輸入寄存器
modbus,dsEdit.modbusIp.transportType.tcp,TCP,TCP,TCP
modbus,dsEdit.modbusIp.transportType.udp,UDP,UDP,UDP
modbus,dsEdit.modbus.locatorTest,Point locator test,Point locator test,點定位器測試
modbus,dsEdit.modbus.locatorTest.test,Read,Read,讀
modbus,dsEdit.modbus.addPoint,Add point,Add point,新增點
modbus,dsEdit.modbus.logError.open,Could not open I/O log at ''{0}''. {1},Could not open I/O log at ''{0}''. {1},無法在''{0}''上打開i/o登錄。 {1}
modbus,dsEdit.modbus.logError.trouble,There was a problem writing to the I/O log.,There was a problem writing to the I/O log.,I/O日誌編寫入一個問題。
modbus,dsEdit.modbus.log,Log will be written to<br/>{0},Log will be written to<br/>{0},日誌將寫入入<br/> {0}
modbus,dsEdit.modbus.strictAddressing,Strict addressing,Strict addressing,嚴格的解決方案
modbus,dsEdit.modbus.1bTypesNotSettable,One byte data types are not be settable,One byte data types are not be settable,一種字節資料類型是不可解決的
modbus,modbus.tools,Modbus tools,Modbus tools,Modbus工具
modbus,modbus.ip.publisher.connection.nonecapsulated.description,{0},{0},{0}
modbus,modbus.publisher.pointType.coil,Coil,coil,線圈
modbus,modbus.publisher.pointType.input,Input,input,輸入
modbus,modbus.publisher.pointType.holdingRegister,Holding register,holding register,保持註冊
modbus,modbus.publisher.pointType.inputRegister,Input register,input register,輸入寄存器
mqttClientDataSource,mqtt.description,MQTT,MQTT,mqtt
mqttClientDataSource,dsEdit.mqtt-client,MQTT client,MQTT Client,MQTT客戶端端
mqttClientDataSource,dsEdit.mqtt-clientPoint,MQTT client data point ,MQTT client data point ,MQTT客戶端端資料點
mqttClientDataSource,dsEdit.mqtt-client.desc,MQTT client (subscriber to broker),MQTT client (subscriber to broker),MQTT客戶端端（訂閱者到經紀人）
mqttClientDataSource,dsEdit.dsMqttClient.brokeUri,Broker URI,Broker URI,經紀人Uri
mqttClientDataSource,dsEdit.dsMqttClient.x509CaCrt,X509 CA (PEM format),X509 CA (PEM format),X509 CA（PEM格式）
mqttClientDataSource,dsEdit.dsMqttClient.clientId,Client Id,Client Id,客戶端ID
mqttClientDataSource,dsEdit.dsMqttClient.userName,User name,User name,使用者名稱
mqttClientDataSource,dsEdit.dsMqttClient.userPassword,Password,Password,密碼
mqttClientDataSource,dsEdit.dsMqttClient.subscribeTopic,Subscribe topic,Subscribe topic,訂閱主題
mqttClientDataSource,dsEdit.dsMqttClient.subscribeTopicFilter,Subscribe topic filter,Subscribe topic filter,訂閱主題過濾器
mqttClientDataSource,dsEdit.dsMqttClient.qosType,Qos type,Qos type,QoS類型
mqttClientDataSource,dsEdit.dsMqttClient.subscribeTopicType,Subscribe topic type,Subscribe topic type,訂閱主題類型
mqttClientDataSource,dsEdit.dsMqttClient.subscribeJsonValuePath,JSON pointer for value,JSON pointer for value,JSON指針的數值指針
mqttClientDataSource,dsEdit.dsMqttClient.subscribeJsonTimestampPath,JSON pointer for timestamp,JSON pointer for timestamp,JSON指針用於時間戳
mqttClientDataSource,dsEdit.dsMqttClient.subscribeJsonTimestampPattern,JSON timestamp pattern,JSON timestamp pattern,JSON時間戳圖案
mqttClientDataSource,dsEdit.dsMqttClient.publishTopic,Publish topic,Publish topic,發布主題
mqttClientDataSource,dsEdit.dsMqttClient.publishTopicType,publish topic type,publish topic type,發布主題類型
mqttClientDataSource,dsEdit.dsMqttClient.publishJsonValueName,publishJsonValueName,publishJsonValueName,發布JSONVALUENAME
mqttClientDataSource,dsEdit.dsMqttClient.publishJsonTimestampName,publishJsonTimestampName,publishJsonTimestampName,發布Jsontimestampname
mqttClientDataSource,dsEdit.dsMqttClient.publishJsonTimestampPattern,JSON timestamp pattern,JSON timestamp pattern,JSON時間戳圖案
mqttClientDataSource,dsEdit.dsMqttClient.publishJsonTimestampZone,JSON timestamp zone,JSON timestamp zone,JSON時間戳區域
mqttClientDataSource,com.infiniteautomation.m2m2.mqtt.TopicType.NONE,None,None,沒有任何
mqttClientDataSource,com.infiniteautomation.m2m2.mqtt.TopicType.PLAIN,Plain,Plain,清楚的
mqttClientDataSource,com.infiniteautomation.m2m2.mqtt.TopicType.JSON,JSON,JSON,JSON
mqttClientDataSource,com.infiniteautomation.m2m2.mqtt.TopicType.JSON_WITH_TIMESTAMP,JSON with Timestamp,JSON with Timestamp,JSON與時間戳
mqttClientDataSource,com.infiniteautomation.m2m2.mqtt.QosType.MOST_ONE,Most One,Most One,大多數
mqttClientDataSource,com.infiniteautomation.m2m2.mqtt.QosType.LEAST_ONE,Least one,Least one,至少一個
mqttClientDataSource,com.infiniteautomation.m2m2.mqtt.QosType.EXACTLY_ONCE,Exactly Once,Exactly Once,完全是一次
mqttClientDataSource,com.infiniteautomation.m2m2.mqtt.QosType.FAILURE,Failure,Failure,失敗
mqttClientDataSource,dsMqttClient.disconnectingFailed,"Failed to disconnect from: {0}, exception: {1}","Failed to disconnect from: {0}, exception: {1}",無法斷開與：{0}，異常：{1}
mqttClientDataSource,dsMqttClient.connectingFailed,"Failed to connect to: {0}, exception: {1}","Failed to connect to: {0}, exception: {1}",無法連接到：{0}，異常：{1}
mqttClientDataSource,dsMqttClient.publishFailed,"Failed to publish to: {0}, exception: {1}","Failed to publish to: {0}, exception: {1}",無法發佈到：{0}，異常：{1}
mqttClientDataSource,dsMqttClient.event.publishFailure,publish Failure ,publish Failure ,發布失敗
mqttClientDataSource,dsMqttClient.event.connectionFailure,Connection Failure,Connection Failure,連接故障
mqttClientDataSource,dsEdit.dsMqttClient.topicFilters,Topic Filters,Topic Filters,主題過濾器
mqttClientDataSource,dsEdit.dsMqttClient.autoReconnect,Auto reconnect,Auto reconnect,自動重新連接
mqttClientDataSource,dsEdit.dsMqttClient.cleanSession,Clean session,Clean session,乾淨的會話
mqttClientDataSource,dsEdit.dsMqttClient.keepAliveInterval,Keep Alive interval,Keep Alive interval,保持活力的間隔
mqttClientDataSource,dsEdit.dsMqttClient.connectionTimeout,Connection Timeout,Connection Timeout,連接逾時
mqttClientDataSource,dsMqttClient.event.unknownTopic,Unknown Topic,Unknown Topic,未知的話題
mqttClientDataSource,dsMqttClient.unknownTopic,"Unknown topic \""{0}\"" payload: \""{1}\""","Unknown topic \""{0}\"" payload: \""{1}\""",未知主題\“ {0} \”有效載荷：\“ {1} \”
mqttClientDataSource,dsMqttClient.dataPointTopicReadError,"Error during read topic: \""{0}\"" datapoint: \""{1}\"" payload: \""{2}\"" error: \""{3}\""","Error during read topic: \""{0}\"" datapoint: \""{1}\"" payload: \""{2}\"" error: \""{3}\""",在讀取主題中的錯誤：\“ {0} \” datapoint：\“ {1} \”有效載荷：\“ {2} \”錯誤：\“ {3} \”
mqttClientDataSource,dsMqttClient.validate.x509CA,Invalid x509 CA,Invalid x509 CA,無效的X509 CA
mqttClientDataSource,dsMqttClient.validate.topicFilter,"Invalid topic filter \""{0}\"" exception: \""{1}\""","Invalid topic filter \""{0}\"" exception: \""{1}\""",無效主題過濾\“ {0} \”異常：\“ {1} \”
mqttClientDataSource,dsMqttClient.validate.brokerUri.schema,URI without or unknown schema,URI without or unknown schema,URI無或未知模式
mqttClientDataSource,dsMqttClient.validate.brokerUri.path,URI must not contain a path,URI must not contain a path,URI不得包含路徑
mqttClientDataSource,dsMqttClient.validate.brokerUri.exception,"Invalid URI exception: \""{0}\""","Invalid URI exception: \""{0}\""",無效的URI異常：\“ {0} \”
mqttClientDataSource,dsMqttClient.validate.mustStartWith,must start with {0},must start with {0},必須以{0}開始
mqttClientDataSource,dsMqttClient.validate.emptyPath,Empty path,Empty path,空路
mqttClientDataSource,dsMqttClient.validate.onlyFlatLayoutSupported,Only flat layout supported,Only flat layout supported,僅支持平坦的佈局
mqttClientDataSource,dsMqttClient.validate.patternWithoutPath,Pattern without path,Pattern without path,沒有路徑的模式
mqttClientDataSource,dox.mqttClientDS,MQTT Client data source,MQTT Client data source,MQTT客戶端資料來源
mqttClientDataSource,dox.mqttClientPP,MQTT Client data point,MQTT Client data point,MQTT客戶端端資料點
onewire,1wire.description,1-wire data source implementation,1-wire data source implementation,1線資料來源實現
onewire,dox.1wirePP,1-Wire point properties,1-Wire point properties,1線點屬性
onewire,dox.1wireDS,1-Wire data source,1-Wire data source,1線資料來源
onewire,dsEdit.1wire,1-wire,1-wire,1線
onewire,dsEdit.1wirePoint,1-wire Data point,1-wire Data point,1線資料點
onewire,dsEdit.1wire.dpconn,"Sensor: {0}, attribute: {1}","Sensor: {0}, attribute: {1}",傳感器：{0}，屬性：{1}
onewire,dsEdit.1wire.scanning,"Scanning, please wait...","Scanning, please wait...",掃描，請等待...
onewire,dsEdit.1wire.scanComplete,Scan complete.,Scan complete.,掃描完成。
onewire,dsEdit.1wire.address,Address,Address,地址
onewire,dsEdit.1wire.attribute,Attribute,Attribute,屬性
onewire,dsEdit.1wire.scanWarn,Scan your network before editing points,Scan your network before editing points,在編輯點之前掃描您的網路
onewire,dsEdit.1wire.attribute.adChannel,AD channel,AD channel,廣告頻道
onewire,dsEdit.1wire.attribute.channel,Channel,Channel,頻道
onewire,dsEdit.1wire.attribute.wiper,Potentiometer,Potentiometer,電位計
onewire,dsEdit.1wire.attribute.counter,Counter,Counter,櫃檯
onewire,dsEdit.1wire.desc,1-Wire properties,1-Wire properties,1線特性
onewire,dsEdit.1wire.port,Port,Port,埠號
onewire,dsEdit.1wire.scheduledRescan,Scheduled rescan,Scheduled rescan,計劃的掃描
onewire,dsEdit.1wire.none,None,None,沒有任何
onewire,dsEdit.1wire.scan,1-wire Network Scan,1-wire Network Scan,1線網路掃描
onewire,dsEdit.1wire.runScan,Run scan,Run scan,執行掃描
onewire,dsEdit.1wire.description,Description,Description,描述
onewire,dsEdit.1wire.noDevices,No devices found,No devices found,找不到設備
onewire,dsEdit.1wire.deviceType,Device type,Device type,設備類型
onewire,dsEdit.1wire.index,Index,Index,指數
onewire,dsEdit.1wire.noInfo,Device info not available,Device info not available,設備資訊不可用
onewire,dsEdit.1wire.attr.temperature,Temperature,Temperature,溫度
onewire,dsEdit.1wire.attr.humidity,Humidity,Humidity,濕度
onewire,dsEdit.1wire.attr.adVoltage,AD voltage,AD voltage,廣告電壓
onewire,dsEdit.1wire.attr.latchState,Latch state,Latch state,閂鎖狀態
onewire,dsEdit.1wire.attr.wiperPosition,Wiper position,Wiper position,雨刮器位置
onewire,dsEdit.1wire.attr.counter,Counter,Counter,櫃檯
onewire,event.1wire.deviceRead,Error reading device at address {0}: {1},Error reading device at address {0}: {1},地址{0}的錯誤讀取設備：{1}
onewire,event.1wire.networkRead,Error reading network: {0},Error reading network: {0},錯誤讀取網路：{0}
onewire,event.1wire.noPointData,No data read for point {0},No data read for point {0},沒有讀取點{0}的資料
onewire,event.1wire.noDevice,"Device with address {0} not found for point {1}, set failed","Device with address {0} not found for point {1}, set failed",帶有地址{0}點{1}的設備，設定失敗
onewire,event.1wire.setWiper,"Unable to set wiper position at address {0} for point {1}, set failed","Unable to set wiper position at address {0} for point {1}, set failed",無法在point {1}的地址設定雨刮器位置，設定失敗
opcda,opc.description,Data source for OPC DA,Data source for OPC DA,OPC DA的資料來源
opcda,dsEdit.opc,OPC DA,OPC DA,OPC DA
opcda,dsEdit.opc.desc,OPC DA Properties,OPC DA Properties,OPC DA屬性
opcda,dsEdit.opc.host,Host,Host,主機
opcda,dsEdit.opc.domain,Domain,Domain,領域
opcda,dsEdit.opc.user,User,User,用戶
opcda,dsEdit.opc.password,Password,Password,密碼
opcda,dsEdit.opc.server,Server,Server,伺服器
opcda,dsEdit.opc.tagList,Tag List,Tag List,標籤列表
opcda,dsEdit.opc.refreshServers,Refresh,Refresh,重新整理
opcda,dsEdit.opc.browseTags,Browse Tags,Browse Tags,瀏覽標籤
opcda,dsEdit.opc.tagsFound,Tags Found,Tags Found,找到標籤
opcda,dsEdit.opc.addTags,Add Tags,Add Tags,新增標籤
opcda,dsEdit.opc.validate.dataSourceNotSaved,You must first save the data source,You must first save the data source,您必須首先保存資料來源
opcda,dsedit.opc.tagName,Tag name,Tag name,標籤名稱
opcda,dsedit.opc.rt.addFailed,Add failed for {0},Add failed for {0},為{0}新增失敗
openv4j,dsEdit.openv4j,OpenV4J,OpenV4J,OpenV4J
openv4j,dsEdit.openv4j.add,Add,Add,新增
openv4j,dsEdit.openv4j.dataPoint,Datapoint,Datapoint,資料點
openv4j,dsEdit.openv4j.dataPointSettable,Setable,Setable,可設定
openv4j,dsEdit.openv4j.desc,OpenV4J properties,OpenV4J properties,OpenV4J屬性
openv4j,dsEdit.openv4j.device,Device,Device,裝置
openv4j,dsEdit.openv4j.group,Group,Group,團體
openv4j,dsEdit.openv4j.label,Name,Name,名稱
openv4j,dsEdit.openv4j.protocol,Protocol,Protocol,協定
openv4j,dsEdit.openv4j.refresh,Update,Update,更新
openv4j,dsEdit.openv4j.refreshStopped,Update finished,Update finished,更新完成
openv4j,dsEdit.openv4j.search,Search device,Search device,搜索設備
openv4j,dsEdit.openv4j.testprotocol,Test protocol,Test protocol,測試協議
openv4j,dsEdit.openv4j.value,Value,Value,數值
openv4j,dsEdit.openv4j.refreshing,refreshing,refreshing,令人耳目一新
openv4j,dsEdit.openv4j.detectDevice,Detect device,Detect device,檢測設備
pachube,pachube.description,Data source and publisher that works with Pachube,Data source and publisher that works with Pachube,與Pachube一起使用的資料來源和發布者
pachube,dox.pachubeDS,Pachube data source,Pachube data source,Pachube資料來源
pachube,dox.pachubePP,Pachube point properties,Pachube point properties,Pachube點特性
pachube,dox.pachubePublishing,Pachube publishing,Pachube publishing,Pachube Publishing
pachube,dsEdit.pachube,Pachube,Pachube,Pachube
pachube,dsEdit.pachube.dpconn,"Feed: {0}, stream: {1}","Feed: {0}, stream: {1}",feed：{0}，流：{1}
pachube,dsEdit.pachube.desc,Pachube data source properties,Pachube data source properties,Pachube資料來源屬性
pachube,dsEdit.pachube.apiKey,API key,API key,API鍵
pachube,dsEdit.pachube.timeout,Timeout (seconds),Timeout (seconds),逾時（秒）
pachube,dsEdit.pachube.retries,Retries,Retries,重試
pachube,dsEdit.pachube.feedId,Feed ID,Feed ID,飼料ID
pachube,dsEdit.pachube.dataStreamId,Data stream ID,Data stream ID,資料流ID
pachube,dsEdit.pachube.binaryZeroValue,Binary 0 value,Binary 0 value,二進制0值
pachube,dsEdit.pachube.testValue,Test value parameters,Test value parameters,測試值參數
pachube,publisherEdit.pachube,Pachube,Pachube,Pachube
pachube,publisherEdit.pachube.props,Pachube properties,Pachube properties,Pachube性質
pachube,publisherEdit.pachube.apiKey,API Key,API Key,API鍵
pachube,publisherEdit.pachube.timeoutSeconds,Timeout (seconds),Timeout (seconds),逾時（秒）
pachube,publisherEdit.pachube.retries,Retries,Retries,重試
pachube,publisherEdit.pachube.feedId,Feed ID,Feed ID,飼料ID
pachube,publisherEdit.pachube.dataStreamId,Data stream ID,Data stream ID,資料流ID
pachube,publisherEdit.pachube.point.feedId,Feed ID,Feed ID,飼料ID
pachube,publisherEdit.pachube.point.dataStreamId,Data stream ID,Data stream ID,資料流ID
pachube,event.pachube.feed.response,Invalid response from feed {0}: {1},Invalid response from feed {0}: {1},feed {0}的響應無效：{1}
pachube,event.pachube.feed.retrievalError,Error retrieving feed {0}: {1},Error retrieving feed {0}: {1},錯誤檢索feed {0}：{1}
pachube,event.pachube.dataStreamNotFound,"Data stream ""{0}"" in feed {1} not found or has no value","Data stream ""{0}"" in feed {1} not found or has no value",feed {1}中未找到或沒有值的資料流“ {0}”
pachube,validate.pachube.dataStreadIdRequired,Data stream id is required,Data stream id is required,需要資料流ID
pachube,publisherEdit.pachube.apiKeyAuthority,"Note: ensure your API key has ""update"" authority<br/>or you will get 403 errors.","Note: ensure your API key has ""update"" authority<br/>or you will get 403 errors.",注意：確保您的API密鑰具有“更新”權限<br/>，否則您將遇到403個錯誤。
pakbus,pakbus.description,PakBus Module,PakBus Module,Pakbus模塊
pakbus,pakbus.ip.description,PakBus IP Data Source,PakBus IP Data Source,Pakbus IP資料來源
pakbus,pakbus.serial.description,PakBus Serial Data Source,PakBus Serial Data Source,pakbus序列資料來源
pakbus,dsEdit.pakbus.nodeAddress,Node address,Node address,節點地址
pakbus,dsEdit.pakbus.loggerAddress,Logger address,Logger address,記錄器地址
pakbus,dsEdit.pakbus.neighborAddress,Neighbor address,Neighbor address,鄰居地址
pakbus,dsEdit.pakbus.roundTripTime,Round trip time (ms),Round trip time (ms),往返時間（MS）
pakbus,dsEdit.pakbus.securityCode,Security code,Security code,安全代碼
pakbus,dsEdit.pakbus.tableRequestRetryDelay,Table request retry delay,Table request retry delay,表請求延遲延遲
pakbus,dsEdit.pakbus.removeLogger,Remove datalogger,Remove datalogger,刪除Datalogger
pakbus,dsEdit.pakbus.dataloggers,Dataloggers,Dataloggers,Datalogger
pakbus,dsEdit.pakbus.networkPollPeriod,Network Poll Period,Network Poll Period,網路輪詢期
pakbus,dsEdit.pakbus.ip.host,Host,Host,主機
pakbus,dsEdit.pakbus.ip.port,Port,Port,埠號
pakbus,dsEdit.pakbus.ip.socketTimeout,Socket timeout (ms),Socket timeout (ms),插座逾時(ms)
pakbus,dsEdit.pakbus.serial.port,COMM Port,COMM Port,通訊埠號
pakbus,dsEdit.pakbus.serial.baudRate,Baudrate,Baudrate,Baudrate
pakbus,dsEdit.pakbus.serial.flowControlIn,Flow control in,Flow control in,Flow control in
pakbus,dsEdit.pakbus.serial.flowControlOut,Flow control out,Flow control out,Flow control out
pakbus,dsEdit.pakbus.serial.dataBits,Data bits,Data bits,Data bits
pakbus,dsEdit.pakbus.serial.stopBits,Stop bits,Stop bits,Stop bits
pakbus,dsEdit.pakbus.serial.parity,Parity,Parity,Parity
pakbus,pointEdit.pakbus.loggerAddress,Logger address,Logger address,記錄器地址
pakbus,pointEdit.pakbus.tableName,Table name,Table name,表格名稱
pakbus,pointEdit.pakbus.columnName,Column name,Column name,列名稱
pakbus,pointEdit.pakbus.collectorType,Collection type,Collection type,收集類型
pakbus,pointEdit.pakbus.stringLength,String length,String length,字符串長度
pakbus,pointEdit.pakbus.historicalRecordStart,Historical record start position,Historical record start position,歷史記錄開始位置
pakbus,pointEdit.pakbus.collectorType.realtime,Realtime data,Realtime data,實時資料
pakbus,pointEdit.pakbus.collectorType.historical,Historical data,Historical data,史料
pakbus,pointEdit.pakbus.resetHistoricalRecordStart,Reset tracked starting record,Reset tracked starting record,重置跟踪的起始記錄
pakbus,pointEdit.pakbus.description,{0} {1}.{2}.{3},{0} {1}.{2}.{3},{0} {1}.{2}.{3}
pakbus,pointEdit.pakbus.pointNotRunningHistoricalRecordInfoNotAvailable,"Point not running, historical record info not available","Point not running, historical record info not available",點不執行，歷史記錄資訊不可用
pakbus,pointEdit.pakbus.pointHistoryTrackingReset,Reset starting historical record to {0},Reset starting historical record to {0},將歷史記錄重置為{0}
pakbus,pointEdit.pakbus.currentHistoricalRecordStart,Latest record id,Latest record id,最新記錄ID
pakbus,pointEdit.pakbus.getCurrentHistoricalRecordStart,Get latest record id,Get latest record id,取得最新記錄ID
pakbus,pointEdit.pakbus.arrayIndex,Array index (0 based),Array index (0 based),數組索引（基於0）
pakbus,dsEdit.pakbus.utility.description,PakBus discovery tool,PakBus discovery tool,Pakbus發現工具
pakbus,dsEdit.pakbus.utility.connect,Connect to logger,Connect to logger,連接到Logger
pakbus,dsEdit.pakbus.utility.dataSourceRunning,Tool cannot run while data source is enabled.,Tool cannot run while data source is enabled.,啟用資料來源時，工具無法執行。
pakbus,dsEdit.pakbus.utility.notRunning,Tool not running,Tool not running,工具不執行
pakbus,dsEdit.pakbus.utility.requestedHistoricalData,Requested records from table {0} starting at record number {1},Requested records from table {0} starting at record number {1},從表{0}開始以記錄號{1}開始的請求記錄
pakbus,dsEdit.pakbus.utility.requestedLatestData,Requested latest {1} records from table {0},Requested latest {1} records from table {0},從表{0}請求的最新{1}記錄
pakbus,dsEdit.pakbus.utility.alreadyRequestingHistoricalData,Historical data request already in progress,Historical data request already in progress,歷史資料請求已經進行
pakbus,dsEdit.pakbus.utility.notReady,PakBus test tool not ready,PakBus test tool not ready,Pakbus測試工具尚未準備好
pakbus,dsEdit.pakbus.utility.requestingTableDefinitions,Requesting Table Definitions,Requesting Table Definitions,請求表定義
pakbus,dsEdit.pakbus.utility.getLatestValues,Get latest values,Get latest values,取得最新值
pakbus,dsEdit.pakbus.utility.requestedClockCheck,Requested datalogger time,Requested datalogger time,請求的Datalogger時間
pakbus,dsEdit.pakbus.utility.requestedClockSet,Setting datalogger time,Setting datalogger time,設定Datalogger時間
pakbus,dsEdit.pakbus.utility.setLoggerTime,Set time,Set time,設定時間
pakbus,dsEdit.pakbus.utility.setLoggerTimeToMangoTime,Set to server time,Set to server time,設定為伺服器時間
pakbus,dsEdit.pakbus.utility.getLoggerTime,Get time,Get time,得到時間
pakbus,dsEdit.pakbus.utility.alreadyRequestingTime,Time request already in progress,Time request already in progress,時間請求已經進行
pakbus,dsEdit.pakbus.utility.cannotSetTimeUnlessPreviouslyRequested,Cannot set time until a request for current logger time has been made ,Cannot set time until a request for current logger time has been made ,在提出當前記錄時間的請求之前，無法設定時間
pakbus,dsEdit.pakbus.utility.loggerTime,Datalogger time,Datalogger time,Datalogger時間
pakbus,dsEdit.pakbus.utility.getFiles,Request files,Request files,請求檔案
pakbus,dsEdit.pakbus.utility.requestedFiles,Requesting files,Requesting files,請求檔案
pakbus,dsEdit.pakbus.utility.alreadyRequestingFiles,File request already in progress,File request already in progress,檔案請求已經在進行
pakbus,dsEdit.pakbus.utility.loggerFiles,Datalogger files,Datalogger files,Datalogger檔案
pakbus,dsEdit.pakbus.utility.downloadFile,Download file,Download file,下載檔案
pakbus,dsEdit.pakbus.utility.uploadFile,Upload file,Upload file,上傳檔案
pakbus,dsEdit.pakbus.utility.requestedFileDownload,Requested file download,Requested file download,請求的檔案下載
pakbus,dsEdit.pakbus.utility.alreadyDownloadingFile,File download already in progress,File download already in progress,檔案下載已經在進行
pakbus,dsEdit.pakbus.utility.currentlyRunningProgram,Currently running program,Currently running program,當前正在執行的程序
pakbus,dsEdit.pakbus.utility.setAsRunningProgram,Set as running program,Set as running program,設定為執行程序
pakbus,dsEdit.pakbus.utility.settingNewProgram,"Setting {0} as running program, please wait for logger to restart.","Setting {0} as running program, please wait for logger to restart.",將{0}設定為執行程序，請等待Logger重新啟動。
pakbus,dsEdit.pakbus.utility.alreadyRequestingProgramStats,Program stats request in progress,Program stats request in progress,程序統計請求正在進行
pakbus,dsEdit.pakbus.utility.requestedProgramStats,Requested program stats,Requested program stats,請求的程序統計
pakbus,dsEdit.pakbus.utility.alreadyRequestingFileControl,File operation in progress,File operation in progress,正在進行的檔案操作
pakbus,dsEdit.pakbus.utility.requestedFileControl,Performing file operation,Performing file operation,執行檔案操作
pakbus,dsEdit.pakbus.utility.alreadyUploadingFile,File upload in progress,File upload in progress,上傳檔案
pakbus,dsEdit.pakbus.utility.uploadingFile,Uploading file,Uploading file,上傳檔案
pakbus,dsEdit.pakbus.utility.uploadedFileNotFound,Uploaded file not found on server,Uploaded file not found on server,在伺服器上找不到上傳的檔案
pakbus,dsEdit.pakbus.utility.invalidFile,Invalid file to upload,Invalid file to upload,無效的檔案上傳
pakbus,dsEdit.pakbus.utility.noFileSelected,No file to upload,No file to upload,沒有檔案可以上傳
pakbus,dsEdit.pakbus.utility.number,Number,Number,數字
pakbus,dsEdit.pakbus.utility.name,Name,Name,名稱
pakbus,dsEdit.pakbus.utility.value,Value,Value,數值
pakbus,dsEdit.pakbus.utility.timestamp,Timestamp,Timestamp,時間戳
pakbus,dsEdit.pakbus.utility.recordNumber,Record number,Record number,記錄號碼
pakbus,dsEdit.pakbus.utility.lastUpdated,Last updated,Last updated,最後更新
pakbus,dsEdit.pakbus.utility.size,Size,Size,尺寸
pakbus,dsEdit.pakbus.utility.running,Running,Running,執行
pakbus,dsEdit.pakbus.utility.arrayLength,Array length,Array length,陣列長度
pakbus,dsEdit.pakbus.utility.showTableInfo,Show table info,Show table info,顯示表資訊
pakbus,dsEdit.pakbus.utility.loggerTables,Logger tables,Logger tables,記錄表
pakbus,dsEdit.pakbus.utility.addPakBusPoint,Add data point,Add data point,新增資料點
pakbus,dsEdit.pakbus.utility.addDatalogger,Add datalogger to data source,Add datalogger to data source,將Datalogger新增到資料來源
pakbus,dsEdit.pakbus.utility.copySettings,Copy settings to discovery tool,Copy settings to discovery tool,將設定複製到發現工具
pakbus,dsEdit.pakbus.utility.currentValues,table current values,table current values,表電流值
pakbus,dsEdit.pakbus.utility.connecting,Connecting to logger...,Connecting to logger...,連接到Logger ...
pakbus,dsEdit.pakbus.utility.initializingNetwork,Initializing network with node address {0},Initializing network with node address {0},用節點地址{0}初始化網路
pakbus,dsEdit.pakbus.utility.ready,Ready,Ready,準備好
pakbus,dsEdit.pakbus.utility.cancelled,Connection canceled,Connection canceled,連接取消
pakbus,dsEdit.pakbus.utility.error,PakBus test tool error: {0},PakBus test tool error: {0},Pakbus測試工具錯誤：{0}
pakbus,validate.mustHaveOneLogger,Data source must have at least 1 datalogger,Data source must have at least 1 datalogger,資料來源必須至少具有1個資料詞架
pakbus,validate.loggerNotDefined,No datalogger for this address exists in the data source,No datalogger for this address exists in the data source,資料來源中不存在此地址的資料詞架
pakbus,pakbus.event.getTableDefinitionsFailedDesc,Logger table definition request failed,Logger table definition request failed,Logger表定義請求失敗
pakbus,pakbus.event.getTableDefinitionsFailed,Logger at address {0} failed to get table definitions because {1},Logger at address {0} failed to get table definitions because {1},地址{0}的記錄器無法獲得表定義，因為{1}
pakbus,pakbus.event.loggerInitFailedDesc,Logger initialization failed,Logger initialization failed,記錄器初始化失敗
pakbus,pakbus.event.loggerInitFailed,Logger at address {0} failed to initialize because {1}. It will not be collecting any data.,Logger at address {0} failed to initialize because {1}. It will not be collecting any data.,地址{0}的記錄器無法初始化，因為{1}。它不會收集任何資料。
pakbus,pakbus.event.dataCollectFailedDesc,Data collection failed,Data collection failed,資料收集失敗
pakbus,pakbus.event.dataCollectFailed,Logger at address {0} failed to collect data on table {1} because: {2},Logger at address {0} failed to collect data on table {1} because: {2},地址{0}的記錄器無法在表{1}上收集資料，因為：{2}
pakbus,pakbus.event.getValueFailedDesc,Get value failed,Get value failed,獲得值失敗
pakbus,pakbus.event.getValueFailed,Error on Point with xid: {0}. Logger at address {1} failed to get value for column {2} in table {3} because: {4},Error on Point with xid: {0}. Logger at address {1} failed to get value for column {2} in table {3} because: {4},XID點上的錯誤：{0}。地址{1}的記錄儀無法獲得表{3}中的列{2}的值，因為：{4}
pakbus,pakbus.event.utility.getValueFailed,Logger at address {0} failed to get value because {1},Logger at address {0} failed to get value because {1},地址{0}的記錄器無法獲得值，因為{1}
pakbus,pakbus.event.clockCheckFailed,Logger at address {0} failed to check/set clock,Logger at address {0} failed to check/set clock,地址{0}的記錄器未能檢查/設定時鐘
pakbus,pakbus.event.fileListFailed,Logger at address {0} failed to list files,Logger at address {0} failed to list files,地址{0}的記錄器未能列出檔案
pakbus,pakbus.event.downloadFileFailed,Logger at address {0} failed to download file,Logger at address {0} failed to download file,地址的記錄器{0}無法下載檔案
pakbus,pakbus.event.programStatsRequestFailed,Logger at address {0} failed to get program statistics,Logger at address {0} failed to get program statistics,地址{0}的記錄器無法取得程序統計資訊
pakbus,pakbus.event.fileControlRequestFailed,Logger at address {0} requested file operation failed,Logger at address {0} requested file operation failed,地址{0}請求的檔案操作失敗的記錄器
pakbus,pakbus.event.fileUploadFailed,Logger at address {0} failed to upload file,Logger at address {0} failed to upload file,地址{0}的記錄器無法上傳檔案
pakbus,pakbus.event.loggerRestarting,"Logger at address {0} is restarting, please wait {1}s","Logger at address {0} is restarting, please wait {1}s",地址{0}的記錄器正在重新啟動，請等待{1} S
pakbus,pakbus.event.noActiveNetworkLinks,"No active network links, reconnecting to network.","No active network links, reconnecting to network.",沒有主動網路鏈接，可以重新連接到網路。
pakbus,pakbus.event.comms.outcomeUnknown,Unknown failure,Unknown failure,未知的失敗
pakbus,pakbus.event.comms.outcomeCommFailure,Communication failure,Communication failure,溝通失敗
pakbus,pakbus.event.comms.outcomeCommLinkFailure,PakBus link failure,PakBus link failure,pakbus鏈接故障
pakbus,pakbus.event.comms.outcomePortFailure,Low level I/O failure,Low level I/O failure,低水平I/O失敗
pakbus,pakbus.event.comms.outcomeTimeoutFailure,Timeout failure,Timeout failure,逾時失敗
pakbus,pakbus.event.comms.outcomeUnroutableFailure,Unable to route message to node,Unable to route message to node,無法將消息路由到節點
pakbus,pakbus.event.comms.outcomePermissionDenied,Invalid security code,Invalid security code,無效的安全碼
pakbus,pakbus.event.comms.outcomeUnsupportedFailure,Unsupported operation,Unsupported operation,不受支持的操作
pakbus,pakbus.event.comms.outcomeInvalidTableOrField,Invalid table or field,Invalid table or field,無效的表或字段
pakbus,pakbus.event.comms.outcomeUnsupportedConversion,Datalogger unable to convert data types,Datalogger unable to convert data types,Datalogger無法轉換資料類型
pakbus,pakbus.event.comms.outcomeMemoryBoundError,Request failed because it would cross variable memory bounds,Request failed because it would cross variable memory bounds,請求失敗，因為它會跨越可變內存範圍
pakbus,pakbus.event.comms.outcomeAborted,Transaction aborted,Transaction aborted,交易中斷
pakbus,pakbus.event.comms.outcomeInvalidTableDefinition,Local table definitions don't match logger definitions,Local table definitions don't match logger definitions,本地表定義不符合記錄器的定義
pakbus,pakbus.dox.pp,PakBus Point Properties,PakBus Point Properties,pakbus點屬性
pakbus,pakbus.dox.ds.ip,PakBus IP Data Source,PakBus IP Data Source,Pakbus IP資料來源
pakbus,pakbus.dox.ds.serial,PakBus Serial Data Source,PakBus Serial Data Source,pakbus序列資料來源
pakbus,pakbus.dox.tool,PakBus Discovery Tool,PakBus Discovery Tool,Pakbus發現工具
persistent,persistent.description,Data source and publisher for very high speed connectivity between Mango Automation instances,Data source and publisher for very high speed connectivity between Mango Automation instances, Mango 自動化實體之間非常高速連通性的資料來源和發布者
persistent,dox.persistentDS,Mango Persistent TCP data source,Mango Persistent TCP data source, Mango 持續的TCP資料來源
persistent,dox.persistentPP,Mango Persistent TCP point properties,Mango Persistent TCP point properties, Mango 持續的TCP點屬性
persistent,dox.persistentPublishing,Mango Persistent TCP publishing,Mango Persistent TCP publishing, Mango 持續的TCP出版
persistent,dox.persistentDataSourceSettings,Mango Persistent TCP data source settings,Mango Persistent TCP data source settings, Mango 持續的TCP資料來源設定
persistent,persistent.socketTimeout,Socket timeout (ms),Socket timeout (ms),插座逾時（MS）
persistent,dsEdit.persistent,Mango Persistent TCP,Mango Persistent TCP, Mango 持續的TCP
persistent,dsEdit.persistentPoint,Mango Persistent TCP Data Point,Mango Persistent TCP Data Point, Mango 持續的TCP資料點
persistent,dsEdit.persistent.dsconn,Port: {0},Port: {0},埠號：{0}
persistent,dsEdit.persistent.desc,Mango Persistent TCP properties,Mango Persistent TCP properties, Mango 持續的TCP屬性
persistent,dsEdit.persistent.port,Port,Port,埠號
persistent,dsEdit.persistent.authorizationKey,Authorization key,Authorization key,授權密鑰
persistent,dsEdit.persistent.acceptPointUpdates,Accept point settings updates,Accept point attribute updates,接受點設定更新
persistent,dsEdit.persistent.overridePermissionsUpdates,Override permissions updates,Override permissions updates,覆蓋權限更新
persistent,dsEdit.persistent.useCompression,Use compression,Use compression,使用壓縮
persistent,dsEdit.persistent.newPointReadPermission,New point read permissions,New point read permissions,新的讀取權限
persistent,dsEdit.persistent.newPointSetPermission,New point set permissions,New point set permissions,新點設定權限
persistent,dsEdit.persistent.overridePermissionTransmission,Override sent permissions,Override sent permissions,覆蓋發送了許可
persistent,dsEdit.persistent.overrideReadPermission,All points read permission,All points read permission,所有點讀取許可
persistent,dsEdit.persistent.overrideSetPermission,All points set permission,All points set permission,所有點設定的權限
persistent,publisherEdit.persistent,Mango Persistent TCP,Mango Persistent TCP, Mango 持續的TCP
persistent,publisherEdit.persistent.connectionDesc,{0}:{1},{0}:{1},{0}：{1}
persistent,publisherEdit.persistent.ipv6ConnectionDesc,[{0}]:{1},[{0}]:{1},[{0}]：{1}
persistent,publisherEdit.persistent.props,Mango Persistent TCP properties,Mango Persistent TCP properties, Mango 持續的TCP屬性
persistent,publisherEdit.persistent.host,Host,Host,主機
persistent,publisherEdit.persistent.port,Port,Port,埠號
persistent,publisherEdit.persistent.authorizationKey,Authorization key,Authorization key,授權密鑰
persistent,publisherEdit.persistent.xidPrefix,XID prefix,XID prefix,XID前綴
persistent,publisherEdit.persistent.sync,Synchronize historical data,Synchronize historical data,同步歷史資料
persistent,publisherEdit.persistent.sync.none,None,None,沒有任何
persistent,publisherEdit.persistent.sync.daily,Daily,Daily,日常的
persistent,publisherEdit.persistent.sync.weekly,Weekly,Weekly,每週
persistent,publisherEdit.persistent.sync.monthly,Monthly,Monthly,每月
persistent,publisherEdit.persistent.syncRealTime,Transmit real time data,Transmit real time data,傳輸實時資料
persistent,publisherEdit.persistent.syncPointHierarchy,Synchronize point hierarchy,Synchronize point hierarchy,同步點層次結構
persistent,publisherEdit.persistent.historyCutoffTime,Synchronize history prior to,Synchronize history prior to,同步歷史之前
persistent,publisherEdit.persistent.maxPointValuesToSend,Max point values to send in packet,Max point values to send in packet,最大點值要發送到資料包
persistent,publisherEdit.persistent.syncResponseTimeout,Sync response timeout (ms),Sync response timeout (ms),同步響應逾時（MS）
persistent,publisherEdit.persistent.reconnectSyncs,Continue failed syncs on reconnect,Continue failed syncs on reconnect,重新連接時繼續失敗的同步
persistent,publisherEdit.persistent.syncRequestRetryAttempts,Sync request retries,Sync request retries,同步請求重試
persistent,publisherEdit.persistent.publishedPoints,Published data points,Published data points,已發布的資料點
persistent,publisherEdit.persistent.point.syncedTo,Synced to,Synced to,同步
persistent,publisherEdit.persistent.addAllInView,Add all in view,Add all in view,新增全部檢視
persistent,publisherEdit.persistent.removeAllInView,Remove all in view,Remove all in view,刪除所有視圖
persistent,publisherEdit.persistent.message,Message,Message,訊息
persistent,publisherEdit.persistent.addConfirm,Add data point {0}? This will restart a running publisher.,Add data point {0}? This will restart a running publisher.,新增資料點{0}？這將重新啟動執行的發布者。
persistent,publisherEdit.persistent.dataPointAdded,"Published saved, added data point with name: {0}","Published saved, added data point with name: {0}",已發布保存，新增的資料點，名稱：{0}
persistent,publisherEdit.persistent.addAllConfirm,Add all data points in view? This will restart a running publisher.,Add all data points in view? This will restart a running publisher.,在檢視中新增所有資料點？這將重新啟動執行的發布者。
persistent,publisherEdit.persistent.dataPointsAdded,"Published saved, added {0} points","Published saved, added {0} points",已發布保存，新增{0}點
persistent,publisherEdit.persistent.removeConfirm,Remove data point {0}? This will restart a running publisher.,Remove data point {0}? This will restart a running publisher.,刪除資料點{0}？這將重新啟動執行的發布者。
persistent,publisherEdit.persistent.dataPointRemoved,"Published saved, removed data point with name: {0}","Published saved, removed data point with name: {0}",已發布保存，刪除的資料點，名稱：{0}
persistent,publisherEdit.persistent.removeAllConfirm,Remove all data points in view? This will restart a running publisher.,Remove all data points in view? This will restart a running publisher.,刪除所有資料點？這將重新啟動執行的發布者。
persistent,publisherEdit.persistent.dataPointsRemoved,"Published saved, removed {0} points","Published saved, removed {0} points",已發布保存，刪除{0}點
persistent,publisherEdit.persistent.syncMinimumOverlap,Minimum overlap when syncing blocks of data,Minimum overlap when syncing blocks of data,同步資料塊時的最小重疊
persistent,publisherEdit.persistent.allowSettable,Allow data source to set values back,Allow data source to set values back,允許資料來源設定值
persistent,publisherEdit.persistent.publishAttributeChanges,Publish point attribute changes,Publish point attribute changes,發佈點屬性更改
persistent,event.persistent.authKey,Incorrect auth key,Incorrect auth key,錯誤的auth鍵
persistent,event.persistent.pointDeserialization,Point deserialization exception: {0},Point deserialization exception: {0},求職點異常：{0}
persistent,event.persistent.dataTypeMismatch,"Data type mismatch in point ""{0}"": client={1}, server={2}","Data type mismatch in point ""{0}"": client={1}, server={2}",資料類型不符合“ {0}”點：client = {1}，server = {2}
persistent,event.persistent.dataSourceMismatch,"Data source mismatch in point ""{0}"". The XID already belongs to a different data source on the host.","Data source mismatch in point ""{0}"". The XID already belongs to a different data source on the host.",資料來源不符合點“ {0}”。 XID已經屬於主機上的不同資料來源。
persistent,event.persistent.xidTooLong,"The point XID ""{0}"" is too long.","The point XID ""{0}"" is too long.",XID點“ {0}”太長了。
persistent,event.persistent.licenseRequired,The Persistent TCP module must have a properly licensed core to work.,The Persistent TCP module must have a properly licensed core to work.,持續的TCP模塊必須具有適當的許可核心。
persistent,event.persistent.decryptionFailed,Decryption failed,Decryption failed,解密失敗
persistent,event.persistent.decryptionFailedMessage,Decryption failed: {0},Decryption failed: {0},解密失敗：{0}
persistent,event.persistent.setPointFailed,Failed to set persistent point with xid {0} because {1},Failed to set persistent point with xid {0} because {1},由於{1}
persistent,event.pb.persistent.connectionFailed,Connection attempt failed,Connection attempt failed,連接嘗試失敗
persistent,event.pb.persistent.protocolFailure,Protocol error,Protocol error,協議錯誤
persistent,event.pb.persistent.connectionAborted,Connection aborted,Connection aborted,連接中止
persistent,event.pb.persistent.connectionLost,Connection lost,Connection lost,連接丟失
persistent,event.pb.persistent.syncCompleted,Data synchronization finished,Data synchronization finished,資料同步完成
persistent,event.pb.persistent.syncCompleted.details,"Points: {0}, sent {1} requests, synced {2} records, target overcounts: {3}, response errors: {4}, elapsed time: {5}","Points: {0}, sent {1} requests, synced {2} records, target overcounts: {3}, response errors: {4}, elapsed time: {5}",點：{0}，已發送{1}請求，同步{2}記錄，目標超計：{3}，響應錯誤：{4}，經過時間：{5}
persistent,event.pb.persistent.setPointFailed,Failed to set point with xid {0} because {1},Failed to set point with xid {0} because {1},無法用XID {0}設定點，因為{1}
persistent,dsEdit.persistent.status,Runtime status,Runtime status,執行時狀態
persistent,dsEdit.persistent.getRuntimeStatusTool,Get runtime status tool,Get runtime status tool,取得執行時狀態工具
persistent,dsEdit.persistent.getStatus,Get status,Get status,獲得狀態
persistent,dsEdit.persistent.status.error,Error - {0},Error - {0},錯誤 -  {0}
persistent,dsEdit.persistent.status.notEnabled,Data source not enabled,Data source not enabled,資料來源未啟用
persistent,dsEdit.persistent.status.noConnections,No connections,No connections,沒有連接
persistent,dsEdit.persistent.status.connection,"{0}: {1} points, connected for {2}, {3} packets received, {4} timeouts","{0}: {1} points, connected for {2}, {3} packets received, {4} timeouts",{0}：{1}點，接收到{2}，{3}的資料包，{4}逾時
persistent,dsEdit.persistent.status.address,address,address,地址
persistent,dsEdit.persistent.status.connectedFor,Connected for (s),Connected for (s),連接用於（s）
persistent,dsEdit.persistent.status.packetsReceived,Packets received,Packets received,收到的資料包
persistent,dsEdit.persistent.status.timeouts,Timeouts,Timeouts,逾時
persistent,dsEdit.persistent.status.indexedPointsCount,Indexed points,Indexed points,索引點
persistent,publisherEdit.persistent.status,Runtime status,Runtime status,執行時狀態
persistent,publisherEdit.persistent.getStatus,Get status,Get status,獲得狀態
persistent,publisherEdit.persistent.status.notEnabled,Publisher not enabled,Publisher not enabled,發布者未啟用
persistent,publisherEdit.persistent.status.pointCount,Point count: {0},Point count: {0},點數：{0}
persistent,publisherEdit.persistent.status.queueSize,Update queue size: {0},Update queue size: {0},更新隊列大小：{0}
persistent,publisherEdit.persistent.status.connectionState,Connection: {0},Connection: {0},連接：{0}
persistent,publisherEdit.persistent.status.notConnected,not connected,not connected,未連接
persistent,publisherEdit.persistent.status.connecting,connecting point {0} of {1},connecting point {0} of {1},{1}的連接點{0}
persistent,publisherEdit.persistent.status.connected,connected at port {0},connected at port {0},連接在埠號{0}
persistent,publisherEdit.persistent.status.packetQueueSize,Packet queue size: {0},Packet queue size: {0},資料包隊列大小：{0}
persistent,publisherEdit.persistent.status.packetsSentInInterval,Packets sent during last 5 minutes: {0},Packets sent during last 5 minutes: {0},最近5分鐘發送的資料包：{0}
persistent,publisherEdit.persistent.status.syncNotRunning,History sync not currently running,History sync not currently running,歷史記錄同步當前不執行
persistent,publisherEdit.persistent.status.syncStatus,"History sync status: completed {0} of {1} point(s), {2} requests sent, {3} points/s, total time: {4}","History sync status: completed {0} of {1} point(s), {2} requests sent, {3} points/s, total time: {4}",歷史同步狀態：{1}點（s）的{0}，{2}請求發送，{3}點/s，總時間：{4}
persistent,publisherEdit.persistent.status.notYetSynced,Point not yet synced,Point not yet synced,點尚未同步
persistent,publisherEdit.persistent.startSync,Start history synchronization,Start history synchronization,開始歷史同步
persistent,publisherEdit.persistent.syncStarted,Sync started,Sync started,同步開始
persistent,publisherEdit.persistent.syncNotStarted,Sync not started because another sync is already running,Sync not started because another sync is already running,同步沒有開始，因為另一個同步已經在執行
persistent,publisherEdit.persistent.setSyncDate,Set sync history from time,Set sync history from time,從時間設定同步歷史記錄
persistent,publisherEdit.persistent.syncHistorySet,Sync history from time set to {0},Sync history from time set to {0},從時間設定為{0}同步歷史記錄
persistent,publisherEdit.persistent.syncHistoryNotCleared,Sync history from time not set: {0},Sync history from time not set: {0},從時間開始同步歷史記錄：{0}
persistent,publisherEdit.persistent.parallelSyncTasks,Number of threads for sync,Number of threads for sync,同步線程數量
persistent,publisherEdit.persistent.connectionCheckPeriod,Connection check period (ms),Connection check period (ms),連接檢查期（​​MS）
persistent,publisherEdit.persistent.unsyncedDataPurge,Prevent data purge of unsynchronized data,Prevent data purge of unsynchronized data,防止資料清除非同步資料
persistent,publisherEdit.persistent.synchronizationSettings,History synchronization,History synchronization,歷史同步
persistent,publisherEdit.persistent.dataPointSettings,Data point synchronization,Data point synchronization,資料點同步
persistent,publisherEdit.persistent.connectionSettings,Connection settings,Connection settings,連接設定
persistent,publisherEdit.persistent.loggingSettings,Logging settings,Logging settings,記錄設定
persistent,persistent.useCrc,Use CRC checksum,Use crc checksum,使用CRC校驗和
persistent,persistent.saveRealtime,Save realtime data,Save realtime data,保存實時資料
persistent,persistent.loggingEnabled,Enable Logging,Enable Logging,啟用記錄
persistent,persistent.logLevel,Log Level,Log Level,日誌級別
persistent,persistent.logPath,Log will be written to {0},Log will be written to {0},日誌將寫入入{0}
persistent,persistent.addPathPrefix,Hierarchy path prefix,Path prefix,層次結構路徑前綴
persistent,persistent.addPathPrefix.note,Use a slash character (/) to separate folder names,Use a slash character (/) to separate folder names,使用斜線字符（/）單獨的檔案夾名稱
persistent,persistent.extraTags,Extra tags,Extra tags,額外的標籤
persistent,persistent.addTagValue,Add tag value,Add tag value,新增標籤值
persistent,persistent.useEncryption,Use encryption,Use encryption,使用加密
persistent,persistent.sharedKey,Shared key,Shared key,共享密鑰
persistent,persistent.keySize,Key size,Key size,鑰匙尺寸
persistent,persistent.generateSharedKey,Generate,Generate,產生
persistent,persistent.log.none,None,None,沒有任何
persistent,persistent.log.trace,Trace,Trace,痕跡
persistent,persistent.log.debug,Debug,Debug,偵錯
persistent,persistent.log.info,Info,Info,資訊
persistent,persistent.log.warning,Warning,Warning,警告
persistent,persistent.log.error,Error,Error,錯誤
persistent,persistent.log.fatal,Fatal,Fatal,致命的
persistent,persistent.validate.tooManyTasks,"Can't have more than 65,535 Sync Tasks","Can't have more than 65,535 Sync Tasks","不能超過65,535個同步任務"
persistent,persistent.validate.noDuplicateTags,Cannot add two tags with the same key,Cannot add two tags with the same key,無法用相同的密鑰新增兩個標籤
persistent,persistent.validate.invalidSharedKeyLength,Shared key must be at least {0} bytes long,Shared key must be at least {0} bytes long,共享密鑰必須至少{0}字節長
persistent,persistent.validate.encryptionNotSupported,Encryption not supported,Encryption not supported,不支持加密
persistent,persistent.validate.invalidKeyValue,"Invalid hexidecimal key, {0}","Invalid hexidecimal key, {0}",無效的六邊形密鑰，{0}
persistent,persistent.settings.header,Persistent TCP settings,Persistent Synchronization Settings,持續的TCP設定
persistent,persistent.settings.pointValueThrottleThreshold,Point value throttle threshold,Point value throttle threshold,點數值節氣門閾值
persistent,persistent.settings.pointValueThrottleMaxWait,Max throttle wait time,Max throttle wait time,最大油門等待時間
persistent,persistent.settings.saved,Persistent data source settings saved,Persistent data source settings saved,保存的持續資料來源設定
persistent,persistent.monitor.totalConnections,{0} total connections,{0} total connections,{0}總連接
persistent,persistent.monitor.pointValuesPerSecond,{0} point values/s,{0} point values/s,{0}點值/s
persistent,persistent.monitor.pointsConnected,{0} points connected,{0} points connected,{0}點連接
persistent,persistent.monitor.totalTimeouts,{0} total timeouts,{0} total timeouts,{0}總逾時
persistent,persistent.monitor.totalConnectionTime,{0} total connection time (Hrs),{0} total connection time (Hrs),{0}總連接時間（HRS）
persistent,annotation.persistentPublisher,Set by persistent publisher with xid ''{0}'',Set by persistent publisher with xid ''{0}'',由XID''{0}''設定
pid,pid.description,PID Controller,PID Controller,PID控制器
pid,pid.point.configuration,Mapping imports from {0} to {1},Mapping imports from {0} to {1},映射從{0}導入到{1}
pid,dsEdit.pid.connectionDescription,Input point: {0} Output point: {1},Input point: {0} Output point: {1},輸入點：{0}輸出點：{1}
pid,dsEdit.pid.UnconfiguredConnectionDescription,Not configured properly.,Not configured properly.,未正確配置。
pid,dsEdit.pid.desc,pid,pid,pid
pid,dsEdit.pid,PID,PID,pid
pid,dsEdit.pidPoint,PID data point,PID data point,PID資料點
pid,dsEdit.pid.proportionalPid,P point,P point,P點
pid,dsEdit.pid.integralPid,I point,I point,我指的是
pid,dsEdit.pid.derivativePid,D point,D point,D點
pid,dsEdit.pid.inputFilterWindowSize,Input Filter Window Size,Discovery Mode Input Filter Window Size,輸入過濾器窗口大小
pid,dsEdit.pid.setpointPid,Setpoint point,Setpoint point,設定點
pid,dsEdit.pid.outputPid,Output point,Output point,輸出點
pid,dsEdit.pid.inputPid,Input point,Input point,輸入點
pid,dsEdit.pid.modePid,Mode point,Mode point,模式點
pid,dsEdit.pid.controlType,Control type,Control type,控制類型
pid,dsEdit.pid.controlType.positiveControl,Positive control,Positive control,積極對照
pid,dsEdit.pid.controlType.negativeControl,Negative control,Negative control,陰性對照
pid,dsEdit.pid.outputHighLimit,Output high limit,Output high limit,輸出高極限
pid,dsEdit.pid.outputLowLimit,Output low limit,Output low limit,輸出低限
pid,dsEdit.pid.outputDeadbandHigh,Output deaband high range,Output deaband high range,輸出DEABAND高範圍
pid,dsEdit.pid.outputDeadbandLow,Output deadband low range,Output deadband low range,輸出死帶低範圍
pid,dsEdit.pid.allowableWindupRange,Allowable windup range,Allowable windup range,允許的打孔範圍
pid,dsEdit.pid.discoveryOutput,Discovery output,Discovery output,發現輸出
pid,dsEdit.pid.discoveryTuneMethod,Discovery tune method,Discovery tune method,發現調子方法
pid,dsEdit.pid.discoveryTuneMethod.basic,Basic,Basic,基本的
pid,dsEdit.pid.discoveryTuneMethod.cohenCoon,Cohen-Coon,Cohen-Coon,科恩 - 通
pid,dsEdit.pid.discoveryTuneMethod.integralTimeWeightedAbsError,Integral time weighted absolute error,Integral time weighted absolute error,整體時間加權絕對錯誤
pid,dsEdit.pid.timeConstantPid,Time constant point,Time constant point,時間恆定點
pid,dsEdit.pid.deadTimePid,Deadtime point,Deadtime point,死時間點
pid,dsEdit.pid.modelGainPid,Model gain point,Model gain point,模型增益點
pid,dsEdit.pid.normalizedSlopePid,Normalized slope point,Normalized slope point,歸一化的斜率點
pid,dsEdit.pid.checkToAutoGeneratePoint,Check to auto-generate point,Check to auto-generate point,檢查自動生成點
pid,dsEdit.pid.steadyStateWaitCurvePid,Steady state wait curve point,Steady state wait curve point,穩態等待曲線
pid,dsEdit.pid.steadyStateWaitPolynomialGuess,Steady state wait polynomial guess,Steady state wait polynomial guess,穩態等待多項式猜測
pid,dsEdit.pid.steadyStateWaitMinSamplesRequired,Steady state wait minimum samples required,Steady state wait minimum samples required,穩態等待最低樣品
pid,dsEdit.pid.steadyStateWaitMinSlopeChangeAllowed,Steady state wait minimum slope change allowed,Steady state wait minimum slope change allowed,穩態等待最小的坡度更改允許
pid,dsEdit.pid.steadyStateWaitMinAcceptableCurveFit,Steady state wait minimum acceptable curve fit,Steady state wait minimum acceptable curve fit,穩態等待最小可接受的曲線擬合
pid,dsEdit.pid.steadyStateWaitFilterWindowSize,Steady state wait filter window size,Steady state wait filter window size,穩態等待濾波器窗口尺寸
pid,dsEdit.pid.deadTimeCurvePid,Dead time curve point,Dead time curve point,死時間曲線
pid,dsEdit.pid.deadTimePolynomialGuess,Dead time polynomial guess,Dead time polynomial guess,死時間多項式猜測
pid,dsEdit.pid.deadTimeMinSamplesRequired,Dead time minimum samples required,Dead time minimum samples required,需要的最低樣品所需的時間
pid,dsEdit.pid.deadTimeMinSlopeChangeAllowed,Dead time minimum slope change allowed,Dead time minimum slope change allowed,停止時間最小允許坡度變化
pid,dsEdit.pid.deadTimeMinAcceptableCurveFit,Dead time minimum acceptable curve fit,Dead time minimum acceptable curve fit,死時間最小可接受的曲線適合
pid,dsEdit.pid.deadTimeFilterWindowSize,Dead time filter window size,Dead time filter window size,死時間過濾窗口大小
pid,dsEdit.pid.riseTimeCurvePid,Rise time curve point,Rise time curve point,上升時間曲線
pid,dsEdit.pid.riseTimePolynomialGuess,Rise time polynomial guess,Rise time polynomial guess,上升時間多項式猜測
pid,dsEdit.pid.riseTimeMinSamplesRequired,Rise time minimum samples required,Rise time minimum samples required,需要的最小樣品上升時間
pid,dsEdit.pid.riseTimeMinSlopeChangeAllowed,Rise time minimum slope change allowed,Rise time minimum slope change allowed,上升時間允許最小坡度變化
pid,dsEdit.pid.riseTimeMinAcceptableCurveFit,Rise time minimum acceptable curve fit,Rise time minimum acceptable curve fit,上升時間最小可接受的曲線擬合
pid,dsEdit.pid.riseTimeFilterWindowSize,Rise time filter window size,Rise time filter window size,上升時間過濾窗口大小
pid,dsEdit.pid.settleTimeCurvePid,Settle time curve point,Settle time curve point,安定時間曲線
pid,dsEdit.pid.settleTimePolynomialGuess,Settle time polynomial guess,Settle time polynomial guess,解決時間多項式猜測
pid,dsEdit.pid.settleTimeMinSamplesRequired,Settle time minimum samples required,Settle time minimum samples required,定居時間最小樣品
pid,dsEdit.pid.settleTimeMinSlopeChangeAllowed,Settle time minimum slope change allowed,Settle time minimum slope change allowed,定居時間最小的坡度更改允許
pid,dsEdit.pid.settleTimeMinAcceptableCurveFit,Settle time minimum acceptable curve fit,Settle time minimum acceptable curve fit,結算最小可接受的曲線擬合時間
pid,dsEdit.pid.settleTimeFilterWindowSize,Settle time filter window size,Settle time filter window size,結算時間過濾窗口尺寸
pid,dsEdit.pid.steadyStateCurvePid,Steady state curve point,Steady state curve point,穩態曲線
pid,dsEdit.pid.steadyStatePolynomialGuess,Steady state polynomial guess,Steady state polynomial guess,穩態多項式猜測
pid,dsEdit.pid.steadyStateMinSamplesRequired,Steady state minimum samples required,Steady state minimum samples required,穩態最小樣品
pid,dsEdit.pid.steadyStateMinSlopeChangeAllowed,Steady state minimum slope change allowed,Steady state minimum slope change allowed,穩態最小坡度允許變化
pid,dsEdit.pid.steadyStateMinAcceptableCurveFit,Steady state minimum acceptable curve fit,Steady state minimum acceptable curve fit,穩態最小可接受的曲線擬合
pid,dsEdit.pid.steadyStateFilterWindowSize,Steady state filter window size,Steady state filter window size,穩態濾波器窗口尺寸
pid,dsEdit.pid.discoveryTool,System analysis tool,System analysis tool,系統分析工具
pid,dsEdit.pid.advancedOptions,Advanced options,Advanced options,高級選項
pid,dsEdit.pid.steadyStateWaitDetectionSettings,Steady state wait detection settings,Steady state wait detection settings,穩態等待檢測設定
pid,dsEdit.pid.deadTimeDetectionSettings,Dead time detection settings,Dead time detection settings,死時間檢測設定
pid,dsEdit.pid.riseTimeDetectionSettings,Rise time detection settings,Rise time detection settings,上升時間檢測設定
pid,dsEdit.pid.settleTimeDetectionSettings,Settle time  detection settings,Settle time  detection settings,解決時間檢測設定
pid,dsEdit.pid.steadyStateDetectionSettings,Steady state detection settings,Steady state detection settings,穩態檢測設定
pid,dsEdit.pid.loadDiscoveryData,Load discovery data,Load discovery data,載入發現資料
pid,dsEdit.pid.saveDiscoveryData,Save current discovery data,Save current discovery data,保存當前發現資料
pid,dsEdit.pid.discoveryDataSaved,Current discovery data has been saved and will automatically be saved again when discovery completes.,Current discovery data has been saved and will automatically be saved again when discovery completes.,當前的發現資料已保存，並且在發現完成後將自動保存。
pid,dsEdit.pid.discoveryDataNotSaved,"Discovery data unable to be saved, is the data source running?","Discovery data unable to be saved, is the data source running?",發現資料無法保存，資料來源是否執行？
pid,dsEdit.pid.noDataAvailable,Discovery data is only available while controller is in discovery mode.,Discovery data is only available while controller is in discovery mode.,發現資料僅在控制器處於發現模式時可用。
pid,dsEdit.pid.systemStepResponse,System Step Response,System Step Response,系統步長響應
pid,pid.state.off,Off,Off,離開
pid,pid.state.discovery,Discovery,Discovery,發現
pid,pid.state.tuning,Tuning,Tuning,調諧
pid,pid.state.running,Running,Running,執行
pid,pid.proportional.name,Proportional Scale,Proportional Scale,比例尺度
pid,pid.integral.name,Integral Time,Integral Time,整體時間
pid,pid.derivative.name,Derivative Time,Derivative Time,派生時間
pid,pid.setpoint.name,Setpoint,Setpoint,設定點
pid,pid.output.name,Controller output / System input,Controller output / System input,控制器輸出 /系統輸入
pid,pid.input.name,System output / Contoller input,System output / Contoller input,系統輸出 /調解器輸入
pid,pid.mode.name,Controller mode,Controller mode,控制器模式
pid,pid.timeConstant.name,System time constant,System time constant,系統時間常數
pid,pid.deadTime.name,System dead time,System dead time,系統死時間
pid,pid.modelGain.name,System gain,System gain,系統增益
pid,pid.normalizedSlope.name,System normalized slope,System normalized slope,系統標準化坡度
pid,pid.steadyStateWaitCurve.name,Steady state wait curve,Steady state wait curve,穩態等待曲線
pid,pid.deadTimeCurve.name,Dead time curve,Dead time curve,死時間曲線
pid,pid.riseTimeCurve.name,Rise time curve,Rise time curve,上升時間曲線
pid,pid.settleTimeCurve.name,Settle time curve,Settle time curve,解決時間曲線
pid,pid.steadyStateCurve.name,Steady state curve,Steady state curve,穩態曲線
pid,pid.setpoint.message,Set by {0},Set by {0},由{0}設定
pid,pid.setpoint.recursiveFailure,Recursive failure during set point for data source {0},Recursive failure during set point for data source {0},資料來源的設定點期間的遞歸失敗{0}
pid,pid.validate.belowOutputLowLimit,Cannot be below output low limit,Cannot be below output low limit,不能低於輸出低限
pid,pid.validate.aboveOutputLowLimit,Cannot be above output high limit,Cannot be above output high limit,不能超過輸出高限
pid,pid.emport.error.missing,Missing ''{0}'',Missing ''{0}'',缺少''{0}''
pid,pid.event.pointNotAvailable,Data point not available for: {0},Data point not available for: {0},資料點不可用：{0}
pid,pid.event.pointNotAvailableBecause,Data point not available for: {0} because {1},Data point not available for: {0} because {1},資料點不可用：{0}，因為{1}
pid,pid.event.startupFailed,PID data source failed to startup: {0},PID data source failed to startup: {0},PID資料來源無法啟動：{0}
pid,pid.event.pointSetFailure,Point set failed,Point set failed,點集失敗
pid,pid.event.discoveryAutoShutoff,"Discovery auto shut-off due to system reaching set point, reduce discovery output or increase setpoint","Discovery auto shut-off due to system reaching set point, reduce discovery output or increase setpoint",發現由於系統到達設定點而導致的自動關閉，減少發現輸出或增加設定點
pid,pid.event.discoveryToRunning,Mode changed to Running after Discovery mode completed,Mode changed to Running after Discovery mode completed,在發現模式完成後，模式更改為執行
pid,pid.event.modeChange,Mode automatically changed,Mode automatically changed,模式自動更改
pid,pid.event.noValueSet,No value set for point,No value set for point,沒有值設定的值
pid,pid.dox.pidDS,PID Data Source Properties,PID Data Source Properties,PID資料來源屬性
pid,pid.dox.pidPP,PID Point Properties,PID Point Properties,PID點屬性
pid,pid.dox.pidDiscovery,PID Discovery Tool,PID Discovery Tool,PID發現工具
pointLinks,point-links.description,Page for creating and editing links between points with optional scripted conversion,Page for creating and editing links between points with optional scripted conversion,用於建立和編輯鏈接的頁面，並通過可選的腳本轉換來建立和編輯鏈接
pointLinks,annotation.pointLink,Point link set by point with xid ''{0}'',Point link set by point with xid ''{0}'',用XID''{0}''按點設定的點鏈接
pointLinks,js.disabledPointLink,Disabled point link,Disabled point link,禁用點鏈接
pointLinks,dox.pointLinks,Point links,Point links,點鏈接
pointLinks,emport.pointLink.prefix,Point link ''{0}'': {1},Point link ''{0}'': {1},點鏈接''{0}''：{1}
pointLinks,events.editPointLink,Edit point link,Edit point link,編輯點鏈接
pointLinks,header.pointLinks,Point links,Point links,點鏈接
pointLinks,pointLinks.pointLinks,Point links,Point links,點鏈接
pointLinks,pointLinks.pointLink,Point link,Point link,點鏈接
pointLinks,pointLinks.details,Point link details,Point link details,點鏈接詳細資訊
pointLinks,pointLinks.source,Source point,Source point,源點
pointLinks,pointLinks.target,Target point,Target point,目標點
pointLinks,pointLinks.script,Script,Script,腳本
pointLinks,pointLinks.event,Event,Event,事件
pointLinks,pointLinks.logLevel,Log level,Log level,日誌級別
pointLinks,pointLinks.validate.sourceRequired,Source point is required,Source point is required,源點需要
pointLinks,pointLinks.validate.targetRequired,Target point is required,Target point is required,目標點需要
pointLinks,pointLinks.validate.samePoint,Source and target points cannot be the same,Source and target points cannot be the same,來源和目標點不能相同
pointLinks,pointLinks.pointLinkAdded,Point link added,Point link added,新增了點鏈接
pointLinks,pointLinks.pointLinkSaved,Point link saved,Point link saved,保存點鏈接
pointLinks,pointLinks.validate.success,Script result: {0},Script result: {0},腳本結果：{0}
pointLinks,pointLinks.validate.successTs,"Script result: {0}, timestamp={1}","Script result: {0}, timestamp={1}",腳本結果：{0}，timestamp = {1}
pointLinks,pointLinks.validate.successNoValue,"Script result: Success, no value set to target.","Script result: Success, no value set to target.",腳本結果：成功，沒有設定目標的值。
pointLinks,pointLinks.validate.scriptError,Script error: {0},Script error: {0},腳本錯誤：{0}
pointLinks,internal.monitor.POINT_LINK_COUNT,Point link count,Point link count,點鏈接計數
pointLinks,event.system.pointLinkAlreadyRunningSpecific,Point link {0} already running,Point link {0} already running,點鏈接{0}已經在執行
pointLinks,event.system.pointLinkAlreadyRunning,Point link already running,Point link already running,點鏈接已經在執行
pointLinks,event.system.pointLinkSpecific,Point link {0} failure,Point link {0} failure,點鏈接{0}失敗
pointLinks,event.system.pointLink,Point link failure,Point link failure,點鏈接故障
pointLinks,event.audit.pointLink,Point link,Point link,點鏈接
pointLinks,event.pointLink.duplicateRuns,Cannot execute point link because it is currently running,Cannot execute point link because it is currently running,無法執行點鏈接，因為它當前正在執行
pointLinks,event.pointLink.sourceUnavailable,Point link source is unavailable,Point link source is unavailable,點鏈接源不可用
pointLinks,event.pointLink.targetUnavailable,Point link target is unavailable,Point link target is unavailable,點鏈接目標不可用
pointLinks,event.pointLink.targetNotSettable,Point link target is not settable,Point link target is not settable,點鏈接目標無法設定
pointLinks,event.pointLink.recursionFailure,The point link was not performed due to a recursion overflow. There may be an infinite recursion loop in your configuration.,The point link was not performed due to a recursion overflow. There may be an infinite recursion loop in your configuration.,由於遞歸溢出，未執行點鏈接。您的配置中可能有無限的遞歸循環。
pointLinks,event.pointLink.nullResult,Script returned null. Ignoring result.,Script returned null. Ignoring result.,腳本返回null。忽略結果。
pointLinks,event.pointLink.convertError,Source data type does not match target data type,Source data type does not match target data type,源資料類型與目標資料類型不符合
pointLinks,emport.error.link.invalid,Point link has an invalid ''{0}'' value of ''{1}''. Valid values are {2},Point link has an invalid ''{0}'' value of ''{1}''. Valid values are {2},點鏈接具有無效的'{0}'''{1}''的值。有效值為{2}
pointLinks,pointLinks.permission.view,Point Link View Permission,Point Link View Permission,點鏈接視圖權限
pointLinks,pointLinks.writeAnnotation,Write annotation,Write annotation,寫入註釋
pointLinks,pointLinks.set.permissionDenied,Point link {0} denied permissions setting point {1},Point link {0} denied permissions setting point {1},點鏈接{0}拒絕權限設定點{1}
pointLinks,pointLinks.setTest.permissionDenied,Permissions failure setting point {0},Permissions failure setting point {0},權限故障設定點{0}
pop3,pop3.description,Data source for parsing content from emails,Data source for parsing content from emails,從電子郵件中解析內容的資料來源
pop3,dox.pop3DS,POP3 data source,POP3 data source,POP3資料來源
pop3,dsEdit.pop3,POP3 Email,POP3 Email,POP3電子郵件
pop3,dsEdit.pop3Point,POP3 Email Data Point,POP3 Email Data Point,POP3電子郵件資料點
pop3,dsEdit.pop3.dpconn,Regex: {0},Regex: {0},正規表示式：{0}
pop3,dsEdit.pop3.regex,RegEx,RegEx,正規表示式
pop3,dsEdit.pop3.binary0Value,Binary 0 value,Binary 0 value,二進制0值
pop3,dsEdit.pop3.numberFormat,Number format,Number format,數字格式
pop3,dsEdit.pop3.checkPeriod,Inbox check period,Inbox check period,收件箱檢查期
pop3,dsEdit.pop3.port,POP3 port,POP3 port,POP3埠號
pop3,dsEdit.pop3.testContent,Test content,Test content,測試內容
pop3,dsEdit.pop3.findInSubject,Find in subject,Find in subject,在主題中找到
pop3,dsEdit.pop3.valueRegex,Value RegEx,Value RegEx,數值正規表示式
pop3,dsEdit.pop3.testValue,Test value parameters against test data,Test value parameters against test data,測試值參數針對測試資料
pop3,dsEdit.pop3.ignoreIfMissing,Ignore if missing,Ignore if missing,如果缺少，請忽略
pop3,dsEdit.pop3.useMessageTime,Use message received time,Use message received time,使用收到的消息時間
pop3,dsEdit.pop3.timeRegex,Time RegEx,Time RegEx,時間正規表示式
pop3,dsEdit.pop3.testTime,Test time parameters against test data,Test time parameters against test data,測試時間參數針對測試資料
pop3,dsEdit.pop3.timeNotFound,Time not found in test data,Time not found in test data,測試資料中找不到的時間
pop3,dsEdit.pop3.valueNotFound,Value not found in test data,Value not found in test data,在測試資料中找不到值
pop3,dsEdit.pop.fileCheck,Check regex,Check regex,檢查正規表示式
pop3,dsEdit.pop3.valueRegexMatch,Value regex match,Value regex match,數值正規表示式符合
pop3,dsEdit.pop3.timeRegexMatch,Time regex match,Time regex match,時間正規表示式符合
pop3,dsEdit.pop3.validationError,Validation Error - {0},Validation Error - {0},驗證錯誤 -  {0}
reports,reports.description,Page for creating and editing point reports.,Page for creating and editing point reports.,用於建立和編輯點報告的頁面。
reports,reports.recipTestEmailMessage,This message was sent as a test of a report''s email recipient list,This message was sent as a test of a report''s email recipient list,此消息是作為對報告的電子郵件收件人列表的測試發送的
reports,reports.charts,View charts,View charts,檢視圖表
reports,reports.noPoints,No points have been added to the report,No points have been added to the report,報告沒有新增點
reports,reports.pointMap,Map Key,Map Key,地圖密鑰
reports,reports.commentList.type.point,Point,Point,點
reports,reports.commentList.typeKey,Type key,Type key,類型鍵
reports,reports.cron,cron,cron,克朗
reports,reports.startValue,Start value,Start value,開始值
reports,reports.statistics,Statistics,Statistics,統計資料
reports,reports.consolidated,Consolidated chart,Consolidated chart,合併圖表
reports,reports.dateRangeTo,to,to,到
reports,reports.user,User,User,用戶
reports,reports.validate.lessThan0,Cannot be less than zero,Cannot be less than zero,不能小於零
reports,reports.validate.greaterThan59,Cannot be greater than 59 minutes,Cannot be greater than 59 minutes,不能大於59分鐘
reports,reports.validate.needRecip,At least one recipient must be added,At least one recipient must be added,必須至少新增一個收件人
reports,reports.validate.required,Required,Required,必需的
reports,reports.validate.longerThan100,Cannot be longer than 100 characters,Cannot be longer than 100 characters,不能超過100個字符
reports,reports.validate.needPoint,At least one point must be added,At least one point must be added,至少必須新增一個點
reports,reports.validate.invalidDateRangeType,Invalid date range type,Invalid date range type,無效的日期範圍類型
reports,reports.validate.invalidRelativeDateType,Invalid relative date type,Invalid relative date type,無效的相對日期類型
reports,reports.validate.periodCountLessThan1,Period count cannot be less than 1,Period count cannot be less than 1,週期數不能小於1
reports,reports.validate.cron,Error in cron expression: {0},Error in cron expression: {0},cron表達式錯誤：{0}
reports,reports.validate.colour,Invalid colour: {0} for point with xid '{1}',Invalid colour: {0} for point with xid '{1}',無效的顏色：{0}用XID'{1}'點{0}
reports,reports.validate.weight,Point weight must be greater than 0,Point weight must be greater than 0,點重量必須大於0
reports,reports.validate.userDNE,User does not exist,User does not exist,用戶不存在
reports,reports.validate.template,Template file not found,Template file not found,找不到範本檔案
reports,reports.validate.pointPermissions,Point with xid '{1}' unavailable to user '{0}',Point with xid '{1}' unavailable to user '{0}',用XID'{1}'無法用戶'{0}'
reports,reports.vaildate.pointDNE,A report point does not exist,A report point does not exist,報告點不存在
reports,reports.license.notGateway,Reports module disabled on Gateway core licenses,Reports module disabled on Gateway core licenses,在網關核心授權上禁用模塊
reports,reports.points,Points,Points,點
reports,reports.schedulePeriod,Schedule period,Schedule period,時間表期
reports,systemSettings.workItemPriority,Work Item priority,Work Item priority,工作項目優先級
reports,systemSettings.reports.purgeSuccess,"{deleted, plural, =0{none to delete} =1{deleted 1 report} other{deleted # reports}}","{deleted, plural, =0{none to delete} =1{deleted 1 report} other{deleted # reports}}",{刪除，複數，= 0 {none delete} = 1 {刪除1報告}其他{刪除＃Reports}}}}
reports,reports.noSqlDatabaseSizeDesc,Get the size of the report data stored in the NoSQL database.,Get the size of the report data stored in the NoSQL database.,取得存儲在NOSQL資料庫中的報告資料的大小。
reports,reports.emport.duplicateXids,"Invalid, more than 1 report has xid of ''{0}''","Invalid, more than 1 report has xid of ''{0}''",無效，超過1個報告的XID為'{0}''
reports,reports.emport.pointDNE,Report point with xid '{0}' does not exist,Report point with xid '{0}' does not exist,XID'{0}'的報告點不存在
reports,reports.handler,Report,Report Event Handler,報告
reports,reports.handler.selectReports,Select reports,Select reports,選擇報告
reports,reports.handler.activeReport,Active report,Active report,活躍報告
reports,reports.handler.inactiveReport,Inactive report,Inactive report,不活動報告
reports,permission.reports.accessReport,User ''{0}'' does not have permission to access the report,User ''{0}'' does not have permission to access the report,用戶''{0}''無權存取報告
reports,permission.reports.accessReportInstance,User ''{0}'' does not have permission to access the report instance,User ''{0}'' does not have permission to access the report instance,用戶''{0}''沒有權限存取報告實體
reports,reports.components.selectAReport,Select a report,Select a report,選擇報告
scheduledEvents,scheduledEvents.type.cron,cron,cron,克朗
scheduledEvents,scheduledEvents.validate.activeCron,Error in active cron expression: {0},Error in active cron expression: {0},活動cron表達式中的錯誤：{0}
scheduledEvents,scheduledEvents.validate.inactiveCron,Error in inactive cron expression: {0},Error in inactive cron expression: {0},無效的cron表達式錯誤：{0}
scheduledEvents,scheduledEvents.validate.activeTrigger,Error creating active trigger: {0},Error creating active trigger: {0},錯誤建立活動觸發器：{0}
scheduledEvents,scheduledEvents.validate.inactiveTrigger,Error creating inactive trigger: {0},Error creating inactive trigger: {0},錯誤建立非活動觸發器：{0}
scheduledEvents,emport.error.scheduledEvent.invalid,Scheduled event has an invalid ''{0}'' value of ''{1}''. Valid values are {2},Scheduled event has an invalid ''{0}'' value of ''{1}''. Valid values are {2},計劃事件具有無效的'{0}'''{1}''的值。有效值為{2}
scripting,scripting.description,Data source that gets its values from a schedule-run script.,Data source that gets its values from a schedule-run script.,從計劃執行腳本中取得其值的資料來源。
scripting,dox.scriptingDS,Scripting data source,Scripting data source,腳本資料來源
scripting,dox.scriptingPP,Scripting point properties,Scripting point properties,腳本點屬性
scripting,dox.mangoJavaScript,Mango Java Script ,Mango Java Script , Mango Java腳本
scripting,dsEdit.scripting,Scripting,Scripting,腳本
scripting,dsEdit.scriptingPoint,Scripting Point,Scripting Point,腳本點
scripting,dsEdit.script,Scripting,Scripting,腳本
scripting,dsEdit.script.desc,Scripting data source properties,Scripting data source properties,腳本資料來源屬性
scripting,dsEdit.script.scriptContext,External context points,External context,外部上下文點
scripting,dsEdit.script.script,Script,Script,腳本
scripting,dsEdit.script.cron,Cron pattern,Cron pattern,克朗模式
scripting,dsEdit.script.delay,Execution delay(seconds),Execution delay<br/>(seconds),執行延遲（秒）
scripting,dsEdit.script.varName,Variable name,Variable name,可變名稱
scripting,dsEdit.script.crons.min,every minute,every minute,每一分鐘
scripting,dsEdit.script.crons.15min,every 15 minutes,every 15 minutes,每15分鐘一次
scripting,dsEdit.script.crons.hour,every hour,every hour,每小時
scripting,dsEdit.script.crons.4hour,every 4 hours,every 4 hours,每4小時一次
scripting,dsEdit.script.crons.day,every day,every day,每天
scripting,dsEdit.script.noOutput,Script completed successfully,Script completed successfully,腳本成功完成
scripting,dsEdit.script.logLevel,Log level,Log level,日誌級別
scripting,dsEdit.script.logLevel.none,None,None,沒有任何
scripting,dsEdit.script.logLevel.trace,Trace,Trace,痕跡
scripting,dsEdit.script.logLevel.debug,Debug,Debug,偵錯
scripting,dsEdit.script.logLevel.info,Info,Info,資訊
scripting,dsEdit.script.logLevel.warn,Warn,Warn,警告
scripting,dsEdit.script.logLevel.error,Error,Error,錯誤
scripting,dsEdit.script.logLevel.fatal,Fatal,Fatal,致命的
scripting,dsEdit.script.logError.open,Could not open log at ''{0}''. {1},Could not open log at ''{0}''. {1},無法在''{0}''上打開日誌。 {1}
scripting,dsEdit.script.logError.trouble,There was a problem writing to the log.,There was a problem writing to the log.,日誌寫入作存在問題。
scripting,dsEdit.script.noPoints,No points have been added to the script context,No points have been added to the script context,腳本上下文中沒有新增要點
scripting,dsEdit.script.pointName,Point name,Point name,點名稱
scripting,dsEdit.script.historical,Saves historic,Saves historic,節省歷史性
scripting,dsEdit.script.updateEvent,Context update event,Context update event,上下文更新事件
scripting,dsEdit.script.updateEvent.update,Update,Update,更新
scripting,dsEdit.script.updateEvent.change,Change,Change,改變
scripting,dsEdit.script.updateEvent.logged,Logged,Logged,記錄
scripting,dsEdit.script.updatesContext,Updates context,Updates context,更新上下文
scripting,dsEdit.script.polling,Polling,Polling,輪詢
scripting,dsEdit.script.notPolling,Not polling,Not polling,不進行輪詢
scripting,event.script.typeError,"Script data type error setting point ""{0}"": {1}","Script data type error setting point ""{0}"": {1}",腳本資料類型錯誤設定點“ {0}”：{1}
scripting,scripting.annotation,Script,Script,腳本
scripting,scripting.validate.mustUpdate,Must have either be polling or have a point updating context,Must have either be polling or have a point updating context,必須進行輪詢或有一個更新上下文
scripting,script.set.permissionDenied,Script does not have set permission to point with xid ''{0}'',Script doesn't not have set permission to ''{0}'',腳本沒有設定權限以指向XID''{0}''
scripting,scripting.rhinoException,{0}<br/> at line: {1},{0}<br/>at line: {1},{0} <br/>在線：{1}
scripting,scripting.rhinoExceptionCol,"{0}<br/> at line: {1}, column: {2}","{0}<br/>at line: {1}, column: {2}",{0} <br/>在線：{1}，列：{2}
serial,serial.description,Serial Data Source,Serial Data Source,序列資料來源
serial,dsEdit.serial.desc,Serial Data Source,Serial Data Source,序列資料來源
serial,dsEdit.serial,Serial,Serial,系列
serial,dsEdit.serialPoint,Serial Data point,Serial Data point,序列資料點
serial,dsEdit.serial.choosePort,Choose Port,Choose Port,選擇埠號
serial,dsEdit.serial.readTimeout,Read Timeout (ms),Read Timeout (ms),讀取逾時（MS）
serial,dsEdit.serial.retries,Retries,Retries,重試
serial,dsEdit.serial.messageTerminator,Message terminator,Message terminator,消息終結者
serial,dsEdit.serial.useTerminator,Use terminator?,Use terminator?,使用終結器？
serial,dsEdit.serial.messageRegex,Message regex,Message regex,消息正規表示式
serial,dsEdit.serial.pointIdentifierIndex,Point identifier group,Point identifier group,點標識符組
serial,dsEdit.serial.pointIdentifier,Point identifier,Point identifier,點標識符
serial,dsEdit.serial.valueIndex,Value group,Value group,數值組
serial,dsEdit.serial.valueRegex,Value regex,Value regex,數值正規表示式
serial,dsEdit.serial.hex,Configuration is in hex,Configuration is in hex,配置在十六進制中
serial,dsEdit.serial.logIO,Log I/O,Log I/O,日誌I/O。
serial,dsEdit.serial.maxMessageSize,Maximum size of message,Maximum size of message,消息的最大大小
serial,dsEdit.serial.logIOFileSize,Log file size (Mbytes),Log file size (Mbytes),日誌檔案大小（mbytes）
serial,dsEdit.serial.logIOFiles,Number of log files to keep,Number of log files to keep,保留日誌檔案的數量
serial,dsEdit.serial.string,String,String,字串
serial,dsEdit.serial.submitTestString,Test String,Test String,測試字符串
serial,dsEdit.serial.log,Log will be written to<br/>{0},Log will be written to<br/>{0},日誌將寫入入<br/> {0}
serial,dsEdit.serial.testStringError,Error - {0},Error - {0},錯誤 -  {0}
serial,serial.connection,Serial port: {0},Serial port: {0},串行埠號：{0}
serial,serial.point.configuration,Serial point {0},Serial point {0},序列{0}
serial,serial.validate.emptyMatch,Cannot match 0 length string,Cannot match 0 length string,無法符合0長的字符串
serial,serial.validate.badRegex,Regex syntax error: {0} ,Regex syntax error: {0} ,正規表示式語法錯誤：{0}
serial,serial.validate.notHex,Not a valid hex value,Not a valid hex value,不是有效的十六進制值
serial,serial.test.consumed,Point {0} would have consumed message {1},Point {0} would have consumed message {1},點{0}會消耗消息{1}
serial,serial.test.noMessageMatch,No match for message regex,No match for message regex,消息正規表示式無符合
serial,serial.test.noTerminator,Terminator not found but enabled,Terminator not found but enabled,找不到終結者，但已啟用
serial,serial.test.needsSave,The test function requires a saved data source.,The test function requires a saved data source.,測試功能需要保存的資料來源。
serial,serial.test.noPointValueMatch,No point values matched for identifier {0},No point values matched for identifier {0},標識符{0}的無點值符合
serial,serial.test.noIdentifierFound,No identifier found,No identifier found,找不到標識符
serial,serial.test.noPointRegexMatch,Point regex mismatch,Point regex mismatch,點正規表示式不符合
serial,event.serial.connectFailed,Connection failed because: {0},Connection failed because: {0},連接失敗是因為：{0}
serial,event.serial.invalidPort,Invalid port,Invalid port,無效埠號
serial,event.serial.portInUse,Port {0} is in use,Port {0} is in use,埠號{0}正在使用
serial,event.serial.writeFailed,Write failed because: {0},Write failed because: {0},寫入失敗是因為：{0}
serial,event.serial.writeFailedPortNotSetup,Write failed because port is not configured correctly,Write failed because port is not configured correctly,寫入失敗，因為埠號未正確配置
serial,event.serial.readFailed,Read failed because: {0},Read failed because: {0},讀失敗是因為：{0}
serial,event.serial.readFailedPortNotSetup,Read failed because port is not configured correctly,Read failed because port is not configured correctly,讀取失敗，因為埠號未正確配置
serial,event.serial.noSuchPort,No port with name: {0},No port with name: {0},沒有名稱的埠號：{0}
serial,event.serial.patternMismatchException,Pattern mismatch exception,Pattern mismatch exception,模式不符合的例外
serial,event.serial.patternMismatch,Received message: {0} does not match pattern: {1},Received message: {0} does not match pattern: {1},接收消息：{0}不符合模式：{1}
serial,event.serial.invalidValue,Unable to parse value for point with XID: {0},Unable to parse value for point with XID: {0},無法用XID解析點：{0}
serial,event.serial.notHex,Value not a HEX string,Value not a HEX string,數值不是十六進製字符串
serial,dox.serialDS,Serial Data Source Properties,Serial Data Source Properties,序列資料來源屬性
serial,dox.serialPP,Serial Point Locator Properties,Serial Point Locator Properties,串行點定位器屬性
slackPublisher,slack.description,Publish event and log messages to a Slack channel,Publish event and log messages to a Slack channel,將事件和記錄消息發佈到Slack頻道
slackPublisher,dox.slackSettings,Slack log settings,Slack log settings,鬆弛日誌設定
slackPublisher,dox.slackMessage,Slack message,Slack message,鬆弛消息
slackPublisher,systemSettings.slack.settingsSaved,Settings saved,Settings saved,設定保存
slackPublisher,systemSettings.slack.log4jLevel,Log level,Log level,日誌級別
slackPublisher,systemSettings.slack.log4jChannelName,Log message channel,Log message channel,日誌消息頻道
slackPublisher,slack.botToken,Slack bot token,Slack bot token,鬆弛的機器人令牌
slackPublisher,slack.channel,Channel,Channel,頻道
slackPublisher,eventHandlers.type.slackMessage,Slack message,Slack message,鬆弛消息
snmp,snmp.description,Data source for SNMP,Data source for SNMP,SNMP的資料來源
snmp,dox.snmpDS,SNMP data source,SNMP data source,SNMP資料來源
snmp,dsEdit.snmp,SNMP data source,SNMP,SNMP資料來源
snmp,dsEdit.snmpPoint,SNMP data point,SNMP data point,SNMP資料點
snmp,dsEdit.snmp.oid,OID,OID,OID
snmp,dsEdit.snmp.community,Community,Community,社區
snmp,dsEdit.snmp.readCommunity,Read community,Read community,讀取社區
snmp,dsEdit.snmp.writeCommunity,Write community,Write community,寫入社區
snmp,dsEdit.snmp.authPassphrase,Auth passphrase,Auth passphrase,auth passphrase
snmp,dsEdit.snmp.privProtocol,Priv protocol,Priv protocol,私有協議
snmp,dsEdit.snmp.privPassphrase,Priv passphrase,Priv passphrase,Priv密碼
snmp,dsEdit.snmp.engineId,Engine ID,Engine ID,發動機ID
snmp,dsEdit.snmp.contextEngine,Context engine,Context engine,上下文引擎
snmp,dsEdit.snmp.contextName,Context name,Context name,上下文名稱
snmp,dsEdit.snmp.maxRequestVars,Maximum vars per request,Maximum vars per request,每個請求最大VAR
snmp,dsEdit.snmp.binary0Value,Binary 0 value,Binary 0 value,二進制0值
snmp,dsEdit.snmp.setType.int,Integer 32,Integer 32,整數32
snmp,dsEdit.snmp.setType.string,Octet string,Octet string,八位字字符串
snmp,dsEdit.snmp.setType.oid,Object identifier,Object identifier,對象標識符
snmp,dsEdit.snmp.setType.ipAddress,IP address,IP address,IP地址
snmp,dsEdit.snmp.setType.counter,Counter 32,Counter 32,計數器32
snmp,dsEdit.snmp.setType.gauge,Gauge 32,Gauge 32,量規32
snmp,dsEdit.snmp.setType.ticks,Time ticks,Time ticks,時間滴答
snmp,dsEdit.snmp.setType.opaque,Opaque,Opaque,不透明
snmp,dsEdit.snmp.setType.counter64,Counter 64,Counter 64,櫃檯64
snmp,dsEdit.snmp.polling,Polling,Polling,輪詢
snmp,dsEdit.snmp.polling.pollTrap,Poll and trap,Poll and trap,輪詢和陷阱
snmp,dsEdit.snmp.polling.trap,Trap only,Trap only,僅陷阱
snmp,dsEdit.snmp.multiplicand,Multiplicand,Multiplicand,乘法
snmp,dsEdit.snmp.augend,Augend,Augend,預言
snmp,dsEdit.snmp.mibFile,MIB file: ,MIB file: ,MIB檔案：
snmp,dsEdit.snmp.walk,SNMP walk,SNMP walk,SNMP步行
snmp,event.snmp.ioex,IO exception: {0},IO exception: {0},io例外：{0}
snmp,event.snmp.pduOidError,"PDU received with error in OID {0}, text={1}","PDU received with error in OID {0}, text={1}",pdu在OID {0}中誤差收到，text = {1}
snmp,event.snmp.pduErrorStatus,"PDU received with error status of {0}, text={1}","PDU received with error status of {0}, text={1}",PDU已接收到{0}的錯誤狀態，text = {1}
snmp,event.snmp.oidError,OID error in {0}: {1}: {2},OID error in {0}: {1}: {2},{0}中的OID錯誤：{1}：{2}
snmp,event.snmp.unknownOid,Found unrequested OID {0} in response from host {1},Found unrequested OID {0} in response from host {1},在主機{1}的響應中找到了未要求的OID {0}
snmp,event.snmp.noBinding,No binding for OID {0} in response from host {1},No binding for OID {0} in response from host {1},從主機{1}響應中的OID {0}沒有綁定
snmp,event.snmp.arrayIndexError,Array Index error trying to get PDU error at index: {0},Array Index error trying to get PDU error at index: {0},數組索引錯誤試圖在索引上取得PDU錯誤：{0}
snmp,snmp.filestore.description,SNMP MIB filestore,SNMP MIB filestore,SNMP MIB檔案
snmp,snmp.filestore.permission.write,SNMP MIB filestore write permission,SNMP MIB filestore write permission,SNMP MIB檔案遺產許可
snmp,snmp.filestore.permission.read,SNMP MIB filestore read permission ,SNMP MIB filestore read permission ,SNMP MIB檔案讀取許可
snmp,snmp.bindException,Unable to bind to trap port,Unable to bind to trap port,無法綁定到陷阱埠號
snmp,snmp.bindException.permission,Unable to bind to trap port. Permission denied.,Unable to bind to trap port. Permission denied.,無法綁定到陷阱埠號。沒有權限。
snmp,snmp.bindException.other,Unable to bind to trap port: {0},Unable to bind to trap port: {0},無法綁定到陷阱埠號：{0}
snmp,snmp.rest.sourceNotRunning,Data source not running,Data source not running,資料來源未執行
snmp,snmp.rest.fileSubmittedSuccessfully,File submitted successfully,File submitted successfully,檔案成功提交
snmp,snmp.rest.fileSubmissionError,File submission returned error code:,File submission returned error code:,檔案提交返回錯誤代碼：
snmp,snmp.rest.submissionError,Submission returned error code:,Submission returned error code:,提交返回錯誤代碼：
snmp,snmp.rest.statusRedirectToMonitor,Redirecting to monitor... refresh monitor page for updates,Redirecting to monitor... refresh monitor page for updates,重定向到監視...更新監視頁面以取得更新
snmp,snmp.rest.noPermissionsToResource,You do not have permissions to this resource.,You do not have permissions to this resource.,您沒有此資源的權限。
snmp,snmp.rest.errorReadingTemporaryResource,Error polling temporary resource,Error polling temporary resource,錯誤輪詢臨時資源
snmp,snmp.rest.mibFilestoreFileNotFound,File with name {0} is not in the filestore,File with name {0} is not in the filestore,名稱{0}的檔案不在檔案中
snmp,snmp.ui.enterDataSourceName,Enter a name for the data source,Enter a name for the data source,輸入資料來源的名稱
snmp,snmp.ui.errorCreatingDataSource,Error creating data source: {0},Error creating data source: {0},錯誤建立資料來源：{0}
snmp,snmp.ui.successfullyCreatedDataSource,"Successfully created data source ""{0}""","Successfully created data source ""{0}""",成功建立了資料來源“ {0}”
snmp,snmp.ui.xMIBFilesSelected,"Using {0, plural, =0{no information files} =1{1 information file} other{# information files}}","Using {0, plural, =0{no information files} =1{1 information file} other{# information files}}",使用{0，複數，= 0 {無資訊檔案} = 1 {1資訊檔案}其他{＃資訊檔案}}
snmp,snmp.ui.hideExistingOids,Hide OIDs with existing points,Hide OIDs with existing points,隱藏現有點的OID
snmp,snmp.ui.snmpWalkError,Error retrieving SNMP walk results: {0},Error retrieving SNMP walk results: {0},錯誤檢索SNMP步行結果：{0}
snmp,snmp.ui.errorReadingExistingOids,Error reading existing OIDs: {0},Error reading existing OIDs: {0},錯誤讀取現有的OID：{0}
snmp,snmp.ui.mapPointProperties,Map point properties,Map point properties,地圖點屬性
snmp,snmp.ui.previewAndCreatePoints,Preview and create points,Preview and create points,預覽和建立點
snmp,snmp.ui.createPoints,Create Mango points,Create Mango points,建立 Mango 點
snmp,snmp.ui.existingOidStrategy,Existing OID strategy,Existing OID strategy,現有的OID策略
snmp,snmp.ui.startOver,Start over,Start over,重新開始
snmp,snmp.ui.xPointsSelected,"{0, plural, =1 {1 point} other {{0} points}} selected","{0, plural, =1 {1 point} other {{0} points}} selected",{0，複數，= 1 {1點}其他{{0}點}}}}}
snmp,snmp.ui.existingXid,Existing Mango XID,Existing Mango XID,現有的 Mango XID
snmp,snmp.ui.generated,Generated,Generated,生成
snmp,snmp.ui.regex,Regex pattern,Regex pattern,正規表示式模式
snmp,snmp.ui.oidFilter,OID starts with,OID starts with,OID始於
snmp,snmp.ui.xOidsSelected,"{0, plural, =0{No points} =1{1 point} other{# points}} selected","{0, plural, =0{No points} =1{1 point} other{# points}} selected",{0，複數，= 0 {no point} = 1 {1點}其他{＃point}}選擇
snmp,snmp.ui.fixedValue,Fixed value,Fixed value,固定值
snmp,snmp.ui.noneFixedValue,None (fixed value),None (fixed value),無（固定值）
snmp,snmp.ui.walkStoppedDueToError,Walk stopped due to error: {0},Walk stopped due to error: {0},由於錯誤而停止行走：{0}
snmp,snmp.ui.cols.symbolWithIndex,Symbol with index,Symbol with index,帶有索引的符號
snmp,snmp.ui.cols.oid,OID,OID,OID
snmp,snmp.ui.cols.variableSyntax,Variable syntax,Variable syntax,可變語法
snmp,snmp.ui.cols.currentValue,Current value,Current value,當前值
snmp,snmp.ui.cols.accessible,Accessible,Accessible,可存取
snmp,snmp.ui.cols.symbol,Symbol,Symbol,象徵
snmp,snmp.ui.oids.sysObjectID,Object ID,Object ID,對象ID
snmp,snmp.ui.columnFor.oid,Column for OID,Column for OID,OID的列
snmp,snmp.ui.columnFor.deviceName,Column for Device Name,Column for Device Name,設備名稱的列
snmp,snmp.ui.columnFor.name,Column for Name,Column for Name,名稱的列
snmp,snmp.ui.columnFor.xid,Column for XID,Column for XID,XID的列
snmp,snmp.ui.columnFor.settable,Column for Settable,Column for Settable,列可設定
snmp,snmp.ui.columnFor.unit,Column for Unit,Column for Unit,單元的列
snmp,snmp.ui.columnFor.dataType,Column for Data Type,Column for Data Type,資料類型的列
sqlConsole,sqlConsole.description,SQL statement submission console,SQL statement submission console,SQL語句提交控制台
sqlConsole,header.sql,SQL console,SQL console,SQL控制台
sqlConsole,sql.warning,Warning: use this facility at your own risk. Incorrect usage may result in corrupted data and/or system failures. ,"<span class=""formError"">Warning:</span> use this facility at your own risk. Incorrect usage may result in corrupted data and/or system failures. ",警告：使用此設施自負。不正確的用法可能導致資料損壞的資料和/或系統故障。
sqlConsole,sql.sql,SQL,SQL,SQL
sqlConsole,sql.query,Submit query,Submit query,提交查詢
sqlConsole,sql.update,Submit update,Submit update,提交更新
sqlConsole,sql.runSelectedSql,Run selected SQL,Run selected SQL,執行選定的SQL
sqlConsole,sql.rowsUpdated,{0} record(s) updated.,{0} records(s) updated.,{0}記錄（S）更新。
sqlConsole,sql.serializedData,Serialized data      ,Serialized data      ,序列化資料
sqlConsole,sql.tableList,Get table list,Get table list,取得表列表
sqlConsole,sql.makeQuery,Make a query,Make a query,進行查詢
sqlConsole,sql.emptySelection,There is no selected text,There is no selected text,沒有選定的文本
sqlConsole,dox.directQuerying,Direct Mango Automation database querying,Direct Mango Automation database querying,直接 Mango 自動化資料庫查詢
sqlConsole,sql.queryAfterUpdate,Run query after update,Run query after update,更新後執行查詢
sqlConsole,sql.runSelectedUpdate,Run selected SQL as update,Run selected SQL as update,執行選定的SQL作為更新
sqlConsole,sql.queryHeader,SQL query,SQL query,SQL查詢
sqlConsole,sql.updateHeader,SQL update,SQL update,SQL更新
sqlds,sqlds.description,Data source for SQL databases,Data source for SQL databases,SQL資料庫的資料來源
sqlds,dox.sqlPP,SQL point properties,SQL point properties,SQL點屬性
sqlds,dox.sqlDS,SQL data source,SQL data source,SQL資料來源
sqlds,dsEdit.sql,SQL,SQL,SQL
sqlds,dsEdit.sqlPoint,SQL point,SQL point,SQL點
sqlds,dsEdit.sql.tools,SQL DS tools,SQL DS tools,SQL DS工具
sqlds,dsEdit.sql.testing,Executing select statement...,Executing select statement...,執行選擇語句...
sqlds,dsEdit.sql.rowId,Row identifier,Row identifier,行標識符
sqlds,dsEdit.sql.columnName,Column name,Column name,列名
sqlds,dsEdit.sql.desc,SQL properties,SQL properties,SQL屬性
sqlds,dsEdit.sql.driverClassName,Driver class name,Driver class name,驅動程序類名稱
sqlds,dsEdit.sql.connectionString,Connection string,Connection string,連接字符串
sqlds,dsEdit.sql.username,Username,Username,使用者名稱
sqlds,dsEdit.sql.password,Password,Password,密碼
sqlds,dsEdit.sql.select,Select statement,Select statement,選擇語句
sqlds,dsEdit.sql.rowQuery,Row-based query,Row-based query,基於行的查詢
sqlds,dsEdit.sql.deleteWarn,Delete points to change this value,Delete points to change this value,刪除要更改此值的點
sqlds,dsEdit.sql.test,Statement test,Statement test,語句測試
sqlds,dsEdit.sql.execute,Execute,Execute,執行
sqlds,dsEdit.sql.timeColumn,Time override column,Time override column,時間覆蓋列
sqlds,dsEdit.sql.update,Update statement,Update statement,更新語句
sqlds,dsEdit.sql.tester.columnName,Column name,Column name,列名
sqlds,dsEdit.sql.tester.columnType,Column type,Column type,列類型
sqlds,dsEdit.sql.tester.value,Value,Value,數值
sqlds,dsEdit.sql.parameters,Parameters,Parameters,參數
sqlds,dsEdit.sql.noParameters,No Parameters,No Parameters,沒有參數
sqlds,dsEdit.sql.parameterType,Type,Type,類型
sqlds,dsEdit.sql.parameterOrder,Order,Order,命令
sqlds,dsEdit.sql.dateFormat,Date Format,Date Format,日期格式
sqlds,dsEdit.sql.tableModifier,Modify Table Only,Modify Table Only,僅修改表
sqlds,dsEdit.sql.data,Data,Data,資料
sqlds,dsEdit.sql.useMangoDatabase,Use Mango database,Use Mango database,使用 Mango 資料庫
sqlds,dsEdit.sql.parameter.type.double,Double,Double,雙倍的
sqlds,dsEdit.sql.parameter.type.integer,Integer,Integer,整數
sqlds,dsEdit.sql.parameter.type.string,String,String,字串
sqlds,dsEdit.sql.parameter.type.boolean,Boolean,Boolean,布爾
sqlds,dsEdit.sql.parameter.type.datetime,Date and Time,Date and Time,日期和時間
sqlds,dsEdit.sql.parameter.type.date,Date,Date,日期
sqlds,dsEdit.sql.parameter.type.time,Time,Time,時間
sqlds,dsEdit.sql.parameter.type.bigint,Bit Integer,Bit Integer,位整數
sqlds,dsEdit.sql.invalidDriverClass,Driver not valid SQL driver,Driver not valid SQL driver,驅動程序沒有有效的SQL驅動程序
sqlds,dsEdit.sql.driverClassProblem,Driver class loading problem {0},Driver class loading problem {0},驅動程序類載入問題{0}
sqlds,event.sql.noRowsUpdated,No rows updated setting point {0},No rows updated setting point {0},沒有行更新的設定點{0}
sqlds,event.sql.setError,Exception while setting point {0}: {1},Exception while setting point {0}: {1},設定點{0}時異常：{1}
sqlds,event.sql.timeNotFound,"Time override field ""{0}"" not found in result set","Time override field ""{0}"" not found in result set",時間覆蓋字段“ {0}”在結果集中找不到
sqlds,event.sql.noData,No data returned from select query,No data returned from select query,沒有從選擇查詢返回的資料
sqlds,event.sql.noDataPoint,"No data point found for row identifier ""{0}"" in result set","No data point found for row identifier ""{0}"" in result set",在結果集中找不到行標識符“ {0}”的資料點
sqlds,event.sql.dataTypeNotSupported,"Time override field data type ""{0}"" ({1}) not supported","Time override field data type ""{0}"" ({1}) not supported",時間覆蓋字段資料類型“ {0}”（{1}）不支持
sqlds,event.sql.unsupportedParameterType,"Unsupported Parameter Type ""{0}"" at position {1} in SQL for data point: {2} ","Unsupported Parameter Type ""{0}"" at position {1} in SQL for data point: {2} ",sql中的位置{1} in sql中的不支持參數類型“ {0}”用於資料點：{2}
sqlds,event.sql.noStartParenthesis,Sql values must start with '(' values string: {0},Sql values must start with '(' values string: {0},SQL值必須以'（'值字符串：{0}
sqlds,event.sql.noEndParenthesis,Sql values must end with ')' values string: {0},Sql values must end with ')' values string: {0},SQL值必須以'）'值字符串結尾：{0}
sqlds,event.sql.invalidNumberOfParameters,Sql values string of: {0} has wrong number of parameters.  Expected {1} but found {2},Sql values string of: {0} has wrong number of parameters.  Expected {1} but found {2},SQL值字符串的字符串：{0}的參數數錯誤。  預期{1}，但找到{2}
sqlds,event.sql.invalidTimestampFormat,Invalid Timestamp format. Format is: {0} and supplied date is: {1},Invalid Timestamp format. Format is: {0} and supplied date is: {1},無效時間戳格式。格式為：{0}，提供的日期為：{1}
ssh,ssh.description,Data Source to execute commands and log responses over SSH,Data Source to execute commands and log responses over SSH,通過SSH執行命令和日誌響應的資料來源
ssh,dsEdit.ssh.connectionDescription,ssh://{0}:{1},ssh://{0}:{1},ssh：// {0}：{1}
ssh,dsEdit.ssh.desc,ssh,ssh,SSH
ssh,dsEdit.ssh,SSH,SSH,SSH
ssh,dsEdit.sshPoint,SSH Data Point,SSH Data Point,SSH資料點
ssh,dsEdit.ssh.privateKeyPath,Path to private key (RSA),path to private key (RSA),通往私鑰的路徑（RSA）
ssh,dsEdit.ssh.logIO,Log session,log session,日誌會話
ssh,dsEdit.ssh.log,Logfile location: {0},logfile location: {0},logfile位置：{0}
ssh,dsEdit.ssh.privateKeyFileDNE,Private key file not found,private key file not found,找不到私鑰檔案
ssh,ssh.point.configuration,Point configuration,Mapping imports from {0} to {1},點配置
ssh,ssh.point.configuration.queryAndSet,"query({0}), set({1})","query({0}), set({1})",查詢（{0}），set（{1}）
ssh,ssh.point.configuration.query,query({0}),query({0}),查詢（{0}）
ssh,ssh.point.configuration.set,set({0}),set({0}),設定（{0}）
ssh,ssh.point.configuration.invalid,Configuration invalid,Configuration invalid,配置無效
ssh,ssh.point.queryCommand,Query command,Query Command,查詢命令
ssh,ssh.point.queryable,Queryable,Queryable,可查詢
ssh,ssh.point.validate.settableOrQueryable,"ssh points must be settable, queryable, or both","ssh points must be settable, queryable, or both",SSH點必須是可設定的，可查詢的，或兩者兼而有之
ssh,ssh.point.validate.settableNotEmpty,Set command of settable point cannot be empty,Set command of settable point cannot be empty,設定可設定點的命令不能為空
ssh,ssh.point.validate.queryableNotEmpty,Query command of queryable point cannot be empty,Query command of queryable point cannot be empty,查詢點的查詢命令不能為空
ssh,ssh.event.sessionOpenFailed,Could not open ssh session: {0},Could not open ssh session: {0},無法打開SSH會話：{0}
ssh,ssh.event.logError,Log Error,Log Error,日誌錯誤
ssh,ssh.event.commandReturnedErrorCode,Command Returned Error Code,Command Returned Error Code,命令返回錯誤代碼
ssh,ssh.event.commandReturnedErrorCodeMessage,Command for point: {0} returned error code {1},Command for point: {0} returned error code {1},點的命令：{0}返回錯誤代碼{1}
ssh,ssh.event.nullSshChannel,Null ssh channel,Null ssh channel,NULL SSH頻道
ssh,ssh.read.badDataType,Bad Data Type: {0},Bad Data Type: {0},不良資料類型：{0}
sstGlobalScripts,sstGlobalScripts.description,Javascript functions for general M2M2 scripting,Javascript functions for general M2M2 scripting,通用M2M2腳本的JavaScript功能
sstGlobalScripts,event.audit.globalScript,Global script,Global script,全局腳本
sstGlobalScripts,events.editGlobalScript,Edit global script,Edit global script,編輯全局腳本
sstGlobalScripts,header.globalScripts,Global scripts,Global scripts,全局腳本
sstGlobalScripts,emport.globalScript.prefix,Global script ''{0}'': {1},Global script ''{0}'': {1},全局腳本''{0}''：{1}
sstGlobalScripts,dox.globalScripts,Global scripts,Global scripts,全局腳本
sstGlobalScripts,globalScript.title,Global scripts,Global scripts,全局腳本
sstGlobalScripts,globalScript.select,Select global script,Select global script,選擇全局腳本
sstGlobalScripts,globalScript.list,Global scripts list,Global scripts list,全局腳本列表
sstGlobalScripts,globalScript.editScript,Edit script '{0}',Edit script '{0}',編輯腳本'{0}'
sstGlobalScripts,globalScript.newScript,New global script,New global script,新的全局腳本
sstGlobalScripts,globalScript.createNewScript,Create new global script,Create new global script,建立新的全局腳本
sstGlobalScripts,globalScript.scriptSetup,Script setup,Script setup,腳本設定
sstGlobalScripts,globalScript.validate,Validate,Validate,證實
sstGlobalScripts,globalScript.name,Name,Name,名稱
sstGlobalScripts,globalScript.script,Script,Script,腳本
sstGlobalScripts,globalScript.rhinoException,{0}<br/>at line: {1},{0}<br/>at line: {1},{0} <br/>在線：{1}
sstGlobalScripts,globalScript.rhinoExceptionCol,"{0}<br/>at line: {1}, column: {2}","{0}<br/>at line: {1}, column: {2}",{0} <br/>在線：{1}，列：{2}
sstGlobalScripts,globalScript.scriptAdded,Script added,Script added,新增了腳本
sstGlobalScripts,globalScript.scriptSaved,Script saved,Script saved,腳本保存
sstGlobalScripts,globalScript.scriptNotSaved,Script not saved - {0},Script not saved - {0},腳本未保存 -  {0}
sstGlobalScripts,globalScript.confirmDeleteScript,Are you sure you want to delete the script?,Are you sure you want to delete the script?,您確定要刪除腳本嗎？
sstGlobalScripts,globalScript.scriptDeleted,Script deleted,Script deleted,腳本已刪除
sstGlobalScripts,globalScript.scriptNotDeleted,Script not deleted,Script not deleted,腳本未刪除
sstGlobalScripts,globalScript.scriptValid,Script validated,Script validated,腳本已驗證
sstGlobalScripts,globalScript.mustFinish,Must not return before the end of the script,Must not return before the end of the script,腳本結束前不能返回
sstGlobalScripts,globalScript.test.pointPermissionsFailure,Permissions failure setting point {0},Permissions failure setting point {0},權限故障設定點{0}
sstGlobalScripts,globalScript.test.pointNotSettable,Point {0} not settable,Point {0} not settable,點{0}不設定
sstGlobalScripts,globalScript.test.setPointValue,Setting point {0} to {1} @ {2},Setting point {0} to {1} @ {2},設定點{0} to {1} @ {2}
sstGraphics,sst-graphics.description,Serotonin Software default graphics,Serotonin Software default graphics,5-羥色胺軟件預設圖形
TCPIP,tcpip.description,Data Source to treat specific TCP/IP traffic as a data,Data Source to treat specific TCP/IP traffic as a data,將特定TCP/IP流量視為資料的資料來源
TCPIP,dsEdit.tcpip.desc,TcpIp,TcpIp,TCPIP
TCPIP,tcpip.point.readCommand,Read Command,Read Command,讀取命令
TCPIP,tcpip.point.splitIndex,Split Index,Split Index,拆分索引
TCPIP,tcpip.point.split,Split,Split,分裂
TCPIP,tcpip.point.splitDelimiter,Split Delimiter,Split Delimiter,拆分定界符
TCPIP,tcpip.point.queryable,Queryable,Queryable,可查詢
TCPIP,tcpip.point.writeCommand,Write Command,Write Command,寫入命令
TCPIP,tcpip.point.valueRegex,Value Regex,Value Regex,數值正規表示式
TCPIP,tcpip.point.valueIndex,Value Index,Value Index,數值索引
TCPIP,dsEdit.tcpip.connectionDesc,TCP/IP @ {0} : {1},TCP/IP @ {0} : {1},tcp/ip @ {0}：{1}
TCPIP,dsEdit.tcpip.tools,TCP/IP tools,TCP/IP tools,TCP/IP工具
TCPIP,dsEdit.tcpip.host,Host,Host,主機
TCPIP,dsEdit.tcpip.port,Port,Port,埠號
TCPIP,dsEdit.tcpip.delimiter,Delimiter,Delimiter,定界符
TCPIP,dsEdit.tcpip.timeout,Timeout,Timeout,暫停
TCPIP,dsEdit.tcpip.hex,Configuration is in hex,Configuration is in hex,配置在十六進制中
TCPIP,dsEdit.tcpip.logIO,Log I/O,Log I/O,日誌I/O。
TCPIP,dsEdit.tcpip.test.mustEnable,Data Source must be enabled.,Data Source must be enabled.,必須啟用資料來源。
TCPIP,dsEdit.tcpip.logIOFileSize,Log file size (Mbytes),Log file size (Mbytes),日誌檔案大小（mbytes）
TCPIP,dsEdit.tcpip.logIOFiles,Number of log files to keep,Number of log files to keep,保留日誌檔案的數量
TCPIP,dsEdit.tcpip.responseBufferSize,Maximum size of message,Maximum size of message,消息的最大大小
TCPIP,dsEdit.tcpip.socketRetries,Socket Retries,Socket Retries,套筒恢復
TCPIP,dsEdit.tcpip.testUtility,Test Utility,Test Utility,測試實用程序
TCPIP,dsEdit.tcpip.testUtilityResult,Result:,Result:,結果：
TCPIP,dsEdit.tcpip.testString,Test String,Test String,測試字符串
TCPIP,dsEdit.tcpip.testRegex,Test Regex,Test Regex,測試正規表示式
TCPIP,dsEdit.tcpip.testUtilityParsedResult,Regex Capture:,Regex Capture:,正規表示式擷取：
TCPIP,tcpip.event.badDataTypeId,Bad Data Type Id: {0},Bad Data Type Id: {0},不良資料類型ID：{0}
TCPIP,tcpip.event.badResponse,Unintelligible HtServer response,Unintelligible HtServer response,難以理解的HTServer響應
TCPIP,tcpip.event.insufficientGroups,The Regex captured fewer groups than expected,The Regex captured fewer groups than expected,正規表示式擷取的組比預期的少
TCPIP,tcpip.event.noMatch,Regex did not find a match,Regex did not find a match,Regex找不到比賽
TCPIP,tcpip.event.cannotConnect,Attempted connection threw IOException: {0},Attempted connection threw IOException: {0},嘗試連接投擲ioException：{0}
TCPIP,tcpip.event.noResponse,No response received for point with XID: {0},No response received for point with XID: {0},XID沒有收到點的回應：{0}
TCPIP,tcpip.event.notHex,Value not a HEX string,Value not a HEX string,數值不是十六進製字符串
TCPIP,tcpip.dox.tcpipDS,TCP/IP Data Source,TCP/IP Data Source,TCP/IP資料來源
TCPIP,tcpip.dox.tcpipDP,TCP/IP Data Point,TCP/IP Data Point,TCP/IP資料點
TCPIP,tcpip.testUtil.invalidRegex,Regex value invalid,Regex value invalid,正規表示式值無效
TCPIP,tcpip.testUtil.groupMissing,Group index not in matched result,Group index not in matched result,組索引不符合結果
templateConfig,header.templateConfig,Template Configuration Import,Template Configuration Import,範本配置導入
twilio,twilio.desc,Publish Mango data as SMS Message via Twilio,Publish Mango data as SMS Message via Twilio,通過Twilio發布 Mango 資料作為SMS消息
twilio,publisherEdit.twilioSender.mediaUrl,Media URL,Media URL,媒體URL
twilio,publisherEdit.twilioSender.raiseResultWarning,Raise result warning,Raise result warning,提高結果警告
twilio,publisherEdit.twilioSender.staticHeaders,Static headers,Static headers,靜態標頭
twilio,publisherEdit.twilioSender.headerKey,Header name,Header name,標題名稱
twilio,publisherEdit.twilioSender.headerValue,Header value,Header value,標題值
twilio,publisherEdit.twilioSender.addStaticHeader,Add header,Add header,新增標題
twilio,publisherEdit.twilioSender.noStaticHeaders,No headers defined,No headers defined,沒有標題定義
twilio,publisherEdit.twilioSender.staticParams,Static URL query parameters,Static URL query parameters,靜態URL查詢參數
twilio,publisherEdit.twilioSender.paramKey,URL query parameter,URL query parameter,URL查詢參數
twilio,publisherEdit.twilioSender.paramValue,URL query parameter value,URL query parameter value,URL查詢參數值
twilio,publisherEdit.twilioSender.addStaticParam,Add URL query parameter,Add URL query parameter,新增URL查詢參數
twilio,publisherEdit.twilioSender.noStaticParams,No URL query parameters defined,No URL query parameters defined,未定義的網址查詢參數
virtualDS,virtualDS.description,Data source that generates deterministic or random values,Data source that generates deterministic or random values,生成確定性或隨機值的資料來源
virtualDS,VIRTUAL.dataSource,Virtual data source,Virtual data source,虛擬資料來源
virtualDS,virtual.changeType.incompatible,The change type is incompatible with the data type,The change type is incompatible with the data type,更改類型與資料類型不相容
virtualDS,dsEdit.virtual,Virtual data source,Virtual Data Source,虛擬資料來源
virtualDS,dsEdit.virtualPoint,Virtual data point,Virtual data point,虛擬資料點
virtualDS,dsEdit.virtual.errorParsingValue,Error parsing value,Error parsing value,錯誤解析值
virtualDS,dsEdit.virtual.invalidValue,List already contains the value,List already contains the value,列表已經包含值
virtualDS,dsEdit.virtual.desc,Virtual data source properties,Virtual data source properties,虛擬資料來源屬性
virtualDS,dsEdit.virtual.changeType,Change type,Change type,更改類型
virtualDS,dsEdit.virtual.startValue,Start value,Start value,開始值
virtualDS,dsEdit.virtual.min,Minimum,Minimum,最低限度
virtualDS,dsEdit.virtual.max,Maximum,Maximum,最大限度
virtualDS,dsEdit.virtual.maxChange,Maximum change,Maximum change,最大變化
virtualDS,dsEdit.virtual.change,Change,Change,改變
virtualDS,dsEdit.virtual.roll,Roll,Roll,卷
virtualDS,dsEdit.virtual.values,Values,Values,值
virtualDS,dsEdit.virtual.volatility,Volatility,Volatility,Volatility
virtualDS,dsEdit.virtual.attractionPoint,Attraction point,Attraction point,Attraction point
virtualDS,dsEdit.virtual.amplitude,Amplitude,Amplitude,Amplitude
virtualDS,dsEdit.virtual.offset,Offset,Offset,Offset
virtualDS,dsEdit.virtual.period,Period,Period,Period
virtualDS,dsEdit.virtual.phaseShift,Phase shift,Phase shift,Phase shift
virtualDS,dsEdit.virtual.changeType.alternate,Alternate,Alternate,Alternate
virtualDS,dsEdit.virtual.changeType.attractor,Attractor,Attractor,Attractor
virtualDS,dsEdit.virtual.changeType.brownian,Brownian,Brownian,Brownian
virtualDS,dsEdit.virtual.changeType.increment,Increment,Increment,增量
virtualDS,dsEdit.virtual.changeType.noChange,No change,No change,沒有改變
virtualDS,dsEdit.virtual.changeType.random,Random,Random,隨機的
virtualDS,dsEdit.virtual.changeType.sinusoidal,Sinusoidal,Sinusoidal,正弦
virtualDS,dsEdit.virtual.performPolling,Enable polling,Perform polls,啟用輪詢
virtualDS,virtual.error.attractor.missingPoint,Data point with ''{0}'' XID ''{1}'' not found,Data point with ''{0}'' XID ''{1}'' not found,帶有''{0}'XID''{1}''的資料點
virtualDS,dox.virtualPP,Virtual point properties,Virtual point properties,虛擬點屬性
virtualDS,dox.virtualDS,Virtual data source,Virtual data source,虛擬資料來源
vmstat,vmstat.description,Data source that reads vmstat data,Data source that reads vmstat data,讀取VMSTAT資料的資料來源
vmstat,dox.vmstatDS,VMStat data source,VMStat data source,VMSTAT資料來源
vmstat,dox.vmstatPP,VMStat point properties,VMStat point properties,VMSTAT點屬性
vmstat,dsEdit.vmstat,VMStat Data Source,VMStat Data Source,VMSTAT資料來源
vmstat,dsEdit.vmstatPoint,VMStat Data Point,VMStat Data Point,VMSTAT資料點
vmstat,dsEdit.vmstat.dsconn,Poll seconds: {0},Poll seconds: {0},輪詢秒：{0}
vmstat,dsEdit.vmstat.desc,VMStat data source properties,VMStat data source properties,VMSTAT資料來源屬性
vmstat,dsEdit.vmstat.pollSeconds,Poll seconds,Poll seconds,輪詢秒
vmstat,dsEdit.vmstat.outputScale,Output scale,Output scale,輸出量表
vmstat,dsEdit.vmstat.attribute,Attribute,Attribute,屬性
vmstat,dsEdit.vmstat.attr.procsR,processes waiting for run time (r),processes waiting for run time (r),等待執行時間（R）的過程
vmstat,dsEdit.vmstat.attr.procsB,processes in uninterruptible sleep (b),processes in uninterruptible sleep (b),不間斷睡眠的過程（b）
vmstat,dsEdit.vmstat.attr.memorySwpd,virtual memory used (swpd),virtual memory used (swpd),使用的虛擬內存（SWPD）
vmstat,dsEdit.vmstat.attr.memoryFree,idle memory (free),idle memory (free),空閒內存（免費）
vmstat,dsEdit.vmstat.attr.memoryBuff,memory used as buffers (buff),memory used as buffers (buff),內存用作緩衝區（buff）
vmstat,dsEdit.vmstat.attr.memoryCache,memory used as cache (cache),memory used as cache (cache),內存用作緩存（緩存）
vmstat,dsEdit.vmstat.attr.swapSi,memory swapped in from disk (si),memory swapped in from disk (si),從磁盤（SI）交換的內存
vmstat,dsEdit.vmstat.attr.swapSo,memory swapped to disk (so),memory swapped to disk (so),記憶交換為磁盤（因此）
vmstat,dsEdit.vmstat.attr.ioBi,blocks received from a block device (bi),blocks received from a block device (bi),從塊設備（BI）收到的塊
vmstat,dsEdit.vmstat.attr.ioBo,blocks sent to a block device (bo),blocks sent to a block device (bo),發送到塊設備（BO）的塊
vmstat,dsEdit.vmstat.attr.systemIn,interrupts per second (in),interrupts per second (in),每秒中斷（in）
vmstat,dsEdit.vmstat.attr.systemCs,context switches per second (cs),context switches per second (cs),上下文開關每秒（CS）
vmstat,dsEdit.vmstat.attr.cpuUs,cpu % running non-kernel code - (us),cpu % running non-kernel code - (us),CPU％執行非內核代碼 - （我們）
vmstat,dsEdit.vmstat.attr.cpuSy,cpu % running kernel code (sy),cpu % running kernel code (sy),CPU％執行內核代碼（SY）
vmstat,dsEdit.vmstat.attr.cpuId,cpu % idle (id),cpu % idle (id),CPU％空閒（ID）
vmstat,dsEdit.vmstat.attr.cpuWa,cpu % waiting for IO (wa),cpu % waiting for IO (wa),CPU％等待IO（WA）
vmstat,dsEdit.vmstat.attr.cpuSt,cpu % stolen from a virtual machine (st),cpu % stolen from a virtual machine (st),CPU％從虛擬機（ST）偷走了
vmstat,dsEdit.vmstat.scale.none,None (bytes),None (bytes),None (bytes)
vmstat,dsEdit.vmstat.scale.k,k (1000),k (1000),k (1000)
vmstat,dsEdit.vmstat.scale.K,K (1024),K (1024),K (1024)
vmstat,dsEdit.vmstat.scale.m,m (1000000),m (1000000),m (1000000)
vmstat,dsEdit.vmstat.scale.M,M (1048576),M (1048576),M (1048576)
vmstat,event.vmstat.process,vmstat process failed: {0},vmstat process failed: {0},VMSTAT進程失敗：{0}
vmstat,event.vmstat.attributeNotFound,"Attribute ""{0}"" not found in vmstat data","Attribute ""{0}"" not found in vmstat data",屬性“ {0}”在VMSTAT資料中找不到
watchlists,watchlists.description,Page for dynamically adding points to lists to monitor their values via AJAX,Page for dynamically adding points to lists to monitor their values via AJAX,頁面用於動態新增點列表以通過AJAX監視其值
watchlists,dox.watchList,Watch list,Watch list,觀看列表
watchlists,dox.watchListPoints,Watch list points,Watch list points,觀看列表點
watchlists,emport.watchList.prefix,Watch list ''{0}'': {1},Watch list ''{0}'': {1},觀看列表''{0}''：{1}
watchlists,header.watchlist,Watch list,Watch list,觀看列表
watchlists,header.watchLists,Watch lists,Watch lists,觀看列表
watchlists,watchlist.points,Points,Points,點
watchlists,watchlist.watchlist,Watch list,Watch list,觀看列表
watchlists,watchlist.consolidatedChart,Include in consolidated chart,Include in consolidated chart,包括合併圖表
watchlists,watchlist.lookupInst,Enter partial point name:,Enter partial point name:,輸入部分點名稱：
watchlists,watchlist.addAllToChart,Toggle add to chart,Toggle add to chart,切換新增到圖表
watchlists,event.audit.watchlist,Watchlist,Watchlist,監視列表
zwave,dsEdit.zwave,Z-Wave,Z-Wave,Z波
zwave,dsEdit.zwavePoint,Z-Wave Data Point,Z-Wave Data Point,z波資料點
zwave,dsEdit.zwave.desc,Z-Wave,Z-Wave,Z波
zwave,dsEdit.zwave.commPortId,Comm Port Id,Comm Port Id,通信埠號ID
zwave,dsEdit.zwave.nodeId,Node id,Node id,節點ID
zwave,dsEdit.zwave.genre,Genre,Genre,類型
zwave,dsEdit.zwave.commandClass,Command class,Command class,命令類
zwave,dsEdit.zwave.instance,Instance,Instance,實體
zwave,dsEdit.zwave.index,Index,Index,指數
zwave,dsEdit.zwave.homeId,Home ID,Home ID,家庭ID
zwave,dsEdit.zwave.dataType,Z-Wave Data Type,Z-Wave Data Type,Z波資料類型
zwave,dsEdit.zwave.label,Label,Label,標籤
zwave,dsEdit.zwave.value,Current Value,Current Value,當前值
zwave,dsEdit.zwave.addPoint,Add point,Add point,新增點
zwave,zwave.point.description,Description for point locator,Description for point locator,描述點定位器
zwave,zwave.tester.description,Scan Z-Wave Network,Scan Z-Wave Network,掃描Z-WAVE網路
zwave,zwave.tester.startScan,Scan Network,Scan Network,掃描網路
zwave,zwave.tester.scanning,Scanning Network,Scanning Network,掃描網路
zwave,zwave.tester.auto,Network Scan auto shut off,Network Scan auto shut off,網路掃描自動關閉
zwave,zwave.tester.cancelled,Scan cancelled,Scan cancelled,掃描取消
zwave,zwave.tester.copyHomeId,Copy Home ID,Copy Home ID,複製主頁ID
zwave,zwave.tester.scanningNetwork,Scanning Network,Scanning Network,掃描網路
zwave,zwave.tester.idle,Idle,Idle,閒置的
zwave,zwave.tester.state,State,State,狀態
zwave,zwave.tester.timeoutSeconds,Timeout (s),Timeout (s),逾時
zwave,zwave.tester.readWaitSeconds,Wait time for responses (s),Wait time for responses (s),等待回复的時間
zwave,zwave.tester.saveConfiguration,Save configuration to disk,Save configuration to disk,將配置保存到磁盤
zwave,zwave.tester.readNode,Read Node,Read Node,讀取節點
zwave,zwave.tester.message.unableToWriteConfiguration,"Unable to write configuration, discovery in progress","Unable to write configuration, discovery in progress",無法編寫入配置，發現正在進行中
zwave,zwave.tester.message.configurationWritten,Configuration written to disk,Configuration written to disk,配置寫入在磁盤上
zwave,zwave.tester.message.testerNotRunning,Tester not running,Tester not running,測試儀不執行
zwave,zwave.tester.message.unableToReadNode,"Unable to read node, scan still running or utility is off","Unable to read node, scan still running or utility is off",無法讀取節點，掃描仍在執行或實用程序關閉
zwave,zwave.tester.message.nodeRead,Node read,Node read,節點讀取
zwave,zwave.unsupported.datatype,Unsupported data type: {0},Unsupported data type: {0},不支持的資料類型：{0}
zwave,zwave.validate.incompatibleZwaveDataType,Zwave data type not compatible with point data type,Zwave data type not compatible with point data type,Zwave資料類型與點資料類型不兼容
zwave,zwave.event.message.driverFailed,Driver failed,Driver failed,驅動程式失敗
zwave,zwave.event.message.driverReset,Driver reset,Driver reset,驅動程式重置
zwave,zwave.event.message.awakeNodesQueried,All awake nodes queried,All awake nodes queried,所有清醒的節點都詢問
zwave,zwave.event.message.allNodesQueried,All nodes queried,All nodes queried,所有節點都查詢
zwave,zwave.event.message.allNodesQueriedSomeDead,"All nodes queried, some dead","All nodes queried, some dead",所有節點都詢問，有些節點死了
zwave,zwave.event.message.cannotSetPointDriverNotReady,"Unable to set point, driver not ready","Unable to set point, driver not ready",無法設定點，驅動程序還沒有準備好
zwave,dox.zwaveDS,Z-Wave Data Source Properties,Z-Wave Data Source Properties,z波資料來源屬性
zwave,dox.zwaveTool,Z-Wave Discovery Tool,Z-Wave Discovery Tool,Z波發現工具
zwave,dox.zwavePP,Z-Wave Point Locator Properties,Z-Wave Point Locator Properties,z波點定位器屬性
zwave,dsEdit.zwave.basic,Basic,Basic,基本的
zwave,dsEdit.zwave.config,Config,Config,config
zwave,dsEdit.zwave.count,Count,Count,數數
zwave,dsEdit.zwave.system,System,System,系統
zwave,dsEdit.zwave.user,User,User,用戶
zwave,dsEdit.zwave.bool,Bool,Bool,布爾
zwave,dsEdit.zwave.byte,Byte,Byte,位元組
zwave,dsEdit.zwave.decimal,Decimal,Decimal,十進制
zwave,dsEdit.zwave.int,Int,Int,int
zwave,dsEdit.zwave.list,List,List,列表
zwave,dsEdit.zwave.schedule,Schedule,Schedule,排程
zwave,dsEdit.zwave.short,Short,Short,短的
zwave,dsEdit.zwave.string,String,String,字串
zwave,dsEdit.zwave.button,Button,Button,按鈕
zwave,dsEdit.zwave.raw,Raw,Raw,Raw
