module,key,old_zh,proposed_translation,action
BACnet,mod.bacnet,BACNET的資料來源和發布者,BACNET的資料來源和發布者,no_change
BACnet,mod.bacnet.dsconn,設備ID：{0},設備ID：{0},no_change
BACnet,mod.bacnet.id,本地設備ID,本地設備ID,no_change
BACnet,mod.bacnet.sendingWhoIs,發送什麼...,發送什麼...,no_change
BACnet,mod.bacnet.getDetails,取得詳細資訊,取得詳細資訊,no_change
BACnet,mod.bacnet.exportObjectList,導出對象列表,導出對象列表,no_change
BACnet,mod.bacnet.addPoint,新增點,新增點,no_change
BACnet,mod.bacnet.presentValue,目前數值,目前數值,no_change
BACnet,mod.bacnet.listenerStopped,監聽器停了下來,監聽器停了下來,no_change
BACnet,mod.bacnet.device,裝置,裝置,no_change
BACnet,mod.bacnet.deviceId,設備ID,設備ID,no_change
BACnet,mod.bacnet.strict,嚴格的設備比較,嚴格的設備比較,no_change
BACnet,mod.bacnet.localNetworkNumber,本地網路號,本地網路號,no_change
BACnet,mod.bacnet.timeout,逾時（MS）,逾時（MS）,no_change
BACnet,mod.bacnet.segmentTimeout,細分逾時（MS）,細分逾時（MS）,no_change
BACnet,mod.bacnet.segmentWindow,段窗口,段窗口,no_change
BACnet,mod.bacnet.retries,重試,重試,no_change
BACnet,mod.bacnet.covLease,COV租賃時間（分鐘）,COV租賃時間（分鐘）,no_change
BACnet,mod.bacnet.discovery,BACNET發現,BACNET發現,no_change
BACnet,mod.bacnet.sendWhoIs,發送whois,發送whois,no_change
BACnet,mod.bacnet.objectList,遠端設備對象列表,遠端設備對象列表,no_change
BACnet,mod.bacnet.sendObjList,發送對象列表請求,發送對象列表請求,no_change
BACnet,mod.bacnet.gettingDeviceDetails,取得設備詳細資訊...,取得設備詳細資訊...,no_change
BACnet,mod.bacnet.remoteDeviceNetworkNumber,網路號,網路號,no_change
BACnet,mod.bacnet.remoteDeviceMac,蘋果,蘋果,no_change
BACnet,mod.bacnet.remoteDeviceInstanceNumber,設備實體號,設備實體號,no_change
BACnet,mod.bacnet.modelName,模型名稱,模型名稱,no_change
BACnet,mod.bacnet.objectName,對象名稱,對象名稱,no_change
BACnet,mod.bacnet.address,地址,地址,no_change
BACnet,mod.bacnet.systemStatus,地位,地位,no_change
BACnet,mod.bacnet.objectType,對像類型,對像類型,no_change
BACnet,mod.bacnet.objectDescription,對象描述,對象描述,no_change
BACnet,mod.bacnet.propertyIdentifier,屬性標識符,屬性標識符,no_change
BACnet,mod.bacnet.reuseAddress,重用地址,重用地址,no_change
BACnet,mod.bacnetMstp.dataTypeSupport,資料類型支持,資料類型支持,no_change
BACnet,mod.bacnet.objectType.accumulator,累加器,累加器,no_change
BACnet,mod.bacnet.objectType.analogInput,類比輸入,類比輸入,no_change
BACnet,mod.bacnet.objectType.analogOutput,類比輸出,類比輸出,no_change
BACnet,mod.bacnet.objectType.analogValue,類比值,類比值,no_change
BACnet,mod.bacnet.objectType.averaging,平均,平均,no_change
BACnet,mod.bacnet.objectType.binaryInput,二進制輸入,二進制輸入,no_change
BACnet,mod.bacnet.objectType.binaryOutput,二進制輸出,二進制輸出,no_change
BACnet,mod.bacnet.objectType.binaryValue,二進制值,二進制值,no_change
BACnet,mod.bacnet.objectType.lifeSafetyPoint,生命安全點,生命安全點,no_change
BACnet,mod.bacnet.objectType.lifeSafetyZone,生命安全區,生命安全區,no_change
BACnet,mod.bacnet.objectType.loop,環形,環形,no_change
BACnet,mod.bacnet.objectType.multiStateInput,多州輸入,多州輸入,no_change
BACnet,mod.bacnet.objectType.multiStateOutput,多狀態輸出,多狀態輸出,no_change
BACnet,mod.bacnet.objectType.multiStateValue,多態值,多態值,no_change
BACnet,mod.bacnet.objectType.pulseConverter,脈沖轉換器,脈沖轉換器,no_change
BACnet,mod.bacnet.objectType.calendar,日曆,日曆,no_change
BACnet,mod.bacnet.objectType.command,命令,命令,no_change
BACnet,mod.bacnet.objectType.device,裝置,裝置,no_change
BACnet,mod.bacnet.objectType.eventEnrollment,事件註冊,事件註冊,no_change
BACnet,mod.bacnet.objectType.file,檔案,檔案,no_change
BACnet,mod.bacnet.objectType.group,團體,團體,no_change
BACnet,mod.bacnet.objectType.notificationClass,通知類,通知類,no_change
BACnet,mod.bacnet.objectType.program,程式,程式,no_change
BACnet,mod.bacnet.objectType.schedule,日程,日程,no_change
BACnet,mod.bacnet.objectType.trendLog,趨勢日誌,趨勢日誌,no_change
BACnet,mod.bacnet.objectType.eventLog,事件日誌,事件日誌,no_change
BACnet,mod.bacnet.objectType.globalGroup,全球小組,全球小組,no_change
BACnet,mod.bacnet.objectType.trendLogMultiple,趨勢日誌多重,趨勢日誌多重,no_change
BACnet,mod.bacnet.objectType.loadControl,負載控制,負載控制,no_change
BACnet,mod.bacnet.objectType.structuredView,結構化視圖,結構化視圖,no_change
BACnet,mod.bacnet.objectType.accessDoor,進入門,進入門,no_change
BACnet,mod.bacnet.objectType.timer,計時器,計時器,no_change
BACnet,mod.bacnet.objectType.accessCredential,存取憑證,存取憑證,no_change
BACnet,mod.bacnet.objectType.accessPoint,存取點,存取點,no_change
BACnet,mod.bacnet.objectType.accessRights,存取權利,存取權利,no_change
BACnet,mod.bacnet.objectType.accessUser,存取用戶,存取用戶,no_change
BACnet,mod.bacnet.objectType.accessZone,存取區,存取區,no_change
BACnet,mod.bacnet.objectType.credentialDataInput,憑證資料輸入,憑證資料輸入,no_change
BACnet,mod.bacnet.objectType.networkSecurity,網路安全,網路安全,no_change
BACnet,mod.bacnet.objectType.bitstringValue,Bitstring值,Bitstring值,no_change
BACnet,mod.bacnet.objectType.characterstringValue,字符字符串值,字符字符串值,no_change
BACnet,mod.bacnet.objectType.datePatternValue,日期模式值,日期模式值,no_change
BACnet,mod.bacnet.objectType.dateValue,日期值,日期值,no_change
BACnet,mod.bacnet.objectType.datetimePatternValue,DateTime模式值,DateTime模式值,no_change
BACnet,mod.bacnet.objectType.datetimeValue,DateTime值,DateTime值,no_change
BACnet,mod.bacnet.objectType.integerValue,整數值,整數值,no_change
BACnet,mod.bacnet.objectType.largeAnalogValue,大類比值,大類比值,no_change
BACnet,mod.bacnet.objectType.octetstringValue,八位位字符串值,八位位字符串值,no_change
BACnet,mod.bacnet.objectType.positiveIntegerValue,正整數值,正整數值,no_change
BACnet,mod.bacnet.objectType.timePatternValue,時間模式值,時間模式值,no_change
BACnet,mod.bacnet.objectType.timeValue,時間值,時間值,no_change
BACnet,mod.bacnet.objectType.notificationForwarder,通知轉發器,通知轉發器,no_change
BACnet,mod.bacnet.objectType.alertEnrollment,警報註冊,警報註冊,no_change
BACnet,mod.bacnet.objectType.channel,頻道,頻道,no_change
BACnet,mod.bacnet.objectType.lightingOutput,照明輸出,照明輸出,no_change
BACnet,mod.bacnet.objectType.binaryLightingOutput,二進制照明輸出,二進制照明輸出,no_change
BACnet,mod.bacnet.objectType.networkPort,網路埠號,網路埠號,no_change
BACnet,mod.bacnet.objectType.elevatorGroup,電梯組,電梯組,no_change
BACnet,mod.bacnet.objectType.escalator,電扶梯,電扶梯,no_change
BACnet,mod.bacnet.objectType.lift,舉起,舉起,no_change
BACnet,mod.bacnet.all,全部,全部,no_change
BACnet,mod.bacnet.none,沒有任何,沒有任何,no_change
BACnet,mod.bacnet.addSel,新增選擇,新增選擇,no_change
BACnet,mod.bacnet.objects,對象,對象,no_change
BACnet,mod.bacnet.adding,新增選定的對象...,新增選定的對象...,no_change
BACnet,mod.bacnet.objListRunning,在啟動另一個之前，取消執行對象列表請求。,在啟動另一個之前，取消執行對象列表請求。,no_change
BACnet,mod.bacnet.objectTypeNumber,類型ID,類型ID,no_change
BACnet,mod.bacnet.deviceObjects,設備對象,設備對象,no_change
BACnet,mod.bacnet.remoteDevice,遠端設備,遠端設備,no_change
BACnet,mod.bacnet.deviceName,設備名稱,設備名稱,no_change
BACnet,mod.bacnet.deviceDescription,設備描述,設備描述,no_change
BACnet,mod.bacnet.units,單位,單位,no_change
BACnet,mod.bacnet.objectInstanceId,對象實體ID,對象實體ID,no_change
BACnet,mod.bacnet.useObjectName,使用新點的對象名稱,使用新點的對象名稱,no_change
BACnet,mod.bacnet.useObjectDescription,使用對象描述新點,使用對象描述新點,no_change
BACnet,mod.bacnet.refreshProperties,更新屬性列表,更新屬性列表,no_change
BACnet,mod.bacnet.refreshDataTypes,更新資料類型,更新資料類型,no_change
BACnet,mod.bacnet.objectInstanceNumber,對象實體號,對象實體號,no_change
BACnet,mod.bacnet.useCov,使用COV訂閱,使用COV訂閱,no_change
BACnet,mod.bacnet.writePriority,寫入優先,寫入優先,no_change
BACnet,mod.bacnet.tester.auto,Auto-shutoff,Auto-shutoff,no_change
BACnet,mod.bacnet.tester.listening,正在監聽訊息...,正在監聽訊息...,no_change
BACnet,mod.bacnet.tester.cancelled,取消,取消,no_change
BACnet,mod.bacnet.tester.indexNotFound,找不到遠端設備索引,找不到遠端設備索引,no_change
BACnet,mod.bacnet.tester.sendObjectList,發送對象列表請求...,發送對象列表請求...,no_change
BACnet,event.bacnet.deviceError,設備在{0}中無響應，點啟動失敗：{1},設備在{0}中無響應，點啟動失敗：{1},no_change
BACnet,event.bacnet.readError,{0}的錯誤讀取值：{1},{0}的錯誤讀取值：{1},no_change
BACnet,event.bacnet.iamError,IAM廣播失敗：{0},IAM廣播失敗：{0},no_change
BACnet,event.bacnet.whoisError,WHOIS廣播失敗：{0},WHOIS廣播失敗：{0},no_change
BACnet,event.bacnet.whoisPoint,在初始點{0}的初始化期間失敗：{1},在初始點{0}的初始化期間失敗：{1},no_change
BACnet,event.bacnet.readDevice,從{0}失敗的設備讀取屬性：{1},從{0}失敗的設備讀取屬性：{1},no_change
BACnet,event.bacnet.covFailed,cov訂閱失敗在{0}，點{1}，帶有錯誤：{2},cov訂閱失敗在{0}，點{1}，帶有錯誤：{2},no_change
BACnet,event.bacnet.dataTypeError,無法將{0}轉換為 Mango 資料類型{1}，值未保存為{2},無法將{0}轉換為 Mango 資料類型{1}，值未保存為{2},no_change
BACnet,dox.bacnetPP,BACNET點特性,BACNET點特性,no_change
BACnet,mod.bacnet.ds.unsupportedObjectType,BACNET資料來源不支持：{0}的對像類型,BACNET資料來源不支持：{0}的對像類型,no_change
BACnet,dox.bacnetIpDS,BACNET/IP資料來源,BACNET/IP資料來源,no_change
BACnet,mod.bacnetIp.dataSource,BACNET/IP,BACNET/IP,no_change
BACnet,mod.bacnetIp.dataPoint,BACNET/IP資料點,BACNET/IP資料點,no_change
BACnet,mod.bacnetIp.desc,BACNET/IP屬性,BACNET/IP屬性,no_change
BACnet,mod.bacnetIp.localDevice,本地設備,本地設備,no_change
BACnet,mod.bacnetIp.localBindAddress,本地綁定地址,本地綁定地址,no_change
BACnet,mod.bacnetIp.broadcastAddress,廣播地址,廣播地址,no_change
BACnet,mod.bacnetIp.subnet,子網,子網,no_change
BACnet,mod.bacnetIp.port,埠號,埠號,no_change
BACnet,mod.bacnetIp.cdesc,IP {1}：{0},IP {1}：{0},no_change
BACnet,dox.foreignDevices,外國設備註冊,外國設備註冊,no_change
BACnet,dox.bacnetMstpDS,BACNET MS/TP資料來源,BACNET MS/TP資料來源,no_change
BACnet,mod.bacnetMstp.dataSource,BACNET MS/TP,BACNET MS/TP,no_change
BACnet,mod.bacnetMstp.dataPoint,BACNET MS/TP資料點,BACNET MS/TP資料點,no_change
BACnet,mod.bacnetMstp.desc,BACNET MS/TP性質,BACNET MS/TP性質,no_change
BACnet,mod.bacnetMstp.commPortId,通信埠號ID,通信埠號ID,no_change
BACnet,mod.bacnetMstp.baudRate,Baud rate,Baud rate,no_change
BACnet,mod.bacnetMstp.thisStation,此站台ID,此站台ID,no_change
BACnet,mod.bacnetMstp.retryCount,框架錯誤重試計數,框架錯誤重試計數,no_change
BACnet,mod.bacnetMstp.cdesc,MS/TP {0},MS/TP {0},no_change
BACnet,mod.bacnetMstp.maxMaster,Max Master,Max Master,no_change
BACnet,mod.bacnetMstp.maxInfoFrames,最大資訊框架,最大資訊框架,no_change
BACnet,mod.bacnetMstp.usageTimeout,使用逾時,使用逾時,no_change
BACnet,mod.bacnetMstp.useRealtime,使用實時驅動程序,使用實時驅動程序,no_change
BACnet,mod.bacnetMstp.responseTimeoutMs,響應逾時（MS）,響應逾時（MS）,no_change
BACnet,mod.bacnetMstp.driverFileLocation,通往內核驅動程序的路徑,通往內核驅動程序的路徑,no_change
BACnet,mod.bacnetMstp.configProgramLocation,驅動程序配置程序的路徑,驅動程序配置程序的路徑,no_change
BACnet,mod.bacnet.badMac,無效的Mac ID,無效的Mac ID,no_change
BACnet,mod.bacnet.settings.header,BACNET本地設備,BACNET本地設備,no_change
BACnet,mod.bacnet.settings.listTitle,本地設備,本地設備,no_change
BACnet,mod.bacnet.settings.newLocalDevice,新的本地設備,新的本地設備,no_change
BACnet,mod.bacnet.settings.createNewLocalDevice,建立新的本地設備,建立新的本地設備,no_change
BACnet,mod.bacnet.settings.select,選擇本地設備,選擇本地設備,no_change
BACnet,mod.bacnet.settings.setup,BACNET本地設備設定,BACNET本地設備設定,no_change
BACnet,dox.bacnetDevices,BACNET本地設備,BACNET本地設備,no_change
BACnet,mod.bacnet.settings.details,設備配置,設備配置,no_change
BACnet,mod.bacnet.settings.saved,設備配置保存,設備配置保存,no_change
BACnet,mod.bacnet.settings.deleted,設備配置已刪除,設備配置已刪除,no_change
BACnet,mod.bacnet.settings.notSaved,設備配置未保存 -  {0},設備配置未保存 -  {0},no_change
BACnet,mod.bacnet.settings.notDeleted,設備配置未刪除 -  {0},設備配置未刪除 -  {0},no_change
BACnet,mod.bacnet.foreignBBMDAddress,BBMD地址,BBMD地址,no_change
BACnet,mod.bacnet.foreignBBMDPort,BBMD埠號,BBMD埠號,no_change
BACnet,mod.bacnet.foreignBBMDTimeToLive,BBMD註冊間隔（秒）,BBMD註冊間隔（秒）,no_change
BACnet,mod.bacnet.settings.registerNow,註冊為外國設備,註冊為外國設備,no_change
BACnet,mod.bacnet.settings.selectDevice,首先選擇設備,首先選擇設備,no_change
BACnet,mod.bacnet.tools.saveFirst,設備必須先保存,設備必須先保存,no_change
BACnet,mod.bacnet.tools.mustBeIp,只有IP網路可能具有外國設備,只有IP網路可能具有外國設備,no_change
BACnet,mod.bacnet.tools.registeredAsForeign,成功發送了外國設備註冊,成功發送了外國設備註冊,no_change
BACnet,mod.bacnet.tools.illegalArgument,地址包含非法參數：{0}：{1},地址包含非法參數：{0}：{1},no_change
BACnet,mod.bacnet.tools.bacnetException,BACNET異常發送消息：{0},BACNET異常發送消息：{0},no_change
BACnet,mod.bacnet.tools.exceptionGettingDevice,例外取得設備：{0},例外取得設備：{0},no_change
BACnet,mod.bacnet.tools.exceptionReleasingDevice,異常釋放設備：{0},異常釋放設備：{0},no_change
BACnet,mod.bacnet.tools.sendNow,發送外國設備註冊,發送外國設備註冊,no_change
BACnet,mod.bacnet.networkType,網路類型,網路類型,no_change
BACnet,mod.bacnet.networkType.ip,IP,IP,no_change
BACnet,mod.bacnet.networkType.mstp,MS/TP,MS/TP,no_change
BACnet,mod.bacnet.networkMatch,具有相同網路標識符的本地設備已經存在,具有相同網路標識符的本地設備已經存在,no_change
BACnet,mod.bacnet.localDeviceConfig,本地設備,本地設備,no_change
BACnet,mod.bacnet.configNotFound,找不到本地設備。檢查配置。,找不到本地設備。檢查配置。,no_change
BACnet,mod.bacnet.settings.deleteConfirm,您確定要刪除此本地設備嗎？,您確定要刪除此本地設備嗎？,no_change
BACnet,mod.bacnet.deviceEmport.idRequired,BACNET本地設備一個“ ID”值。被忽略。,BACNET本地設備一個“ ID”值。被忽略。,no_change
BACnet,mod.bacnet.deviceEmport.prefix,BACNET本地設備''{0}''：{1},BACNET本地設備''{0}''：{1},no_change
BACnet,mod.bacnet.pub,BACNET,BACNET,no_change
BACnet,mod.bacnet.pub.event.init,BACNET初始化例外,BACNET初始化例外,no_change
BACnet,mod.bacnet.pub.event.service,BACNET服務例外,BACNET服務例外,no_change
BACnet,mod.bacnet.pub.event.pointInit,無法初始化點{0}：{1},無法初始化點{0}：{1},no_change
BACnet,mod.bacnet.pub.props,BACNET發布者屬性,BACNET發布者屬性,no_change
BACnet,dox.bacnetPublisher,BACNET出版商,BACNET出版商,no_change
BACnet,mod.bacnet.pub.instanceNumber.cannotBeNegative,實體號不能為負,實體號不能為負,no_change
BACnet,mod.bacnet.pub.instanceNumber.taken,實體號''{0}''已經由同一類型的另一點使用,實體號''{0}''已經由同一類型的另一點使用,no_change
BACnet,mod.bacnet.pub.objectName.required,需要對象名稱,需要對象名稱,no_change
BACnet,mod.bacnet.pub.objectName.taken,另一個點已經使用了對象名稱'{0}'',另一個點已經使用了對象名稱'{0}'',no_change
BACnet,mod.bacnet.pub.writeSource,Bacnet Pub：{0},Bacnet Pub：{0},no_change
BACnet,mod.bacnet.pub.unknownObjectType,對像類型''{0}''未知,對像類型''{0}''未知,no_change
BACnet,ui.mod.bacnet.localDeviceConfig,本地設備,本地設備,no_change
BACnet,mod.bacnet.selectSerialPort,選擇串行埠號,選擇串行埠號,no_change
BACnet,mod.bacnet.invalidRequestBody,無效的請求類型,無效的請求類型,no_change
BACnet,mod.bacnet.deviceBrowser,設備瀏覽器,設備瀏覽器,no_change
BACnet,mod.bacnet.bacnetDeviceBrowser,BACNET設備瀏覽器,BACNET設備瀏覽器,no_change
BACnet,mod.bacnet.presentValueDisplay,值{0},值{0},no_change
BACnet,mod.bacnet.presentValueUnitDisplay,值{0} {1},值{0} {1},no_change
BACnet,mod.bacnet.startWhoIs,開始誰,開始誰,no_change
BACnet,mod.bacnet.cancelWhoIs,取消誰,取消誰,no_change
BACnet,mod.bacnet.discoveringDevices,發現設備... {0}％,發現設備... {0}％,no_change
BACnet,mod.bacnet.sequenceLength,{0}項目的序列,{0}項目的序列,no_change
BACnet,mod.bacnet.propertiesSelected,{0，複數，= 0 {no properties} = 1 {1 propert}其他{＃properties}}選擇,{0，複數，= 0 {no properties} = 1 {1 propert}其他{＃properties}}選擇,no_change
BACnet,mod.bacnet.addProperties,新增選定屬性的資料點,新增選定屬性的資料點,no_change
BACnet,mod.bacnet.errorResponse,BACNET錯誤類'{0}'（id {1}），代碼'{2}'（id {3}）,BACNET錯誤類'{0}'（id {1}），代碼'{2}'（id {3}）,no_change
BACnet,mod.bacnet.dataTypes,BACNET資料類型,BACNET資料類型,no_change
BACnet,mod.bacnet.preferObjectName,喜歡對象名稱,喜歡對象名稱,no_change
BACnet,mod.bacnet.preferObjectDescription,喜歡對象描述,喜歡對象描述,no_change
BACnet,mod.bacnet.addTags,新增標籤,新增標籤,no_change
BACnet,mod.bacnet.addPoints,新增點,新增點,no_change
BACnet,mod.bacnet.errorGettingProperties,錯誤取得屬性 -  {0},錯誤取得屬性 -  {0},no_change
BACnet,mod.bacnet.errorGettingObjectTypes,錯誤取得對像類型 -  {0},錯誤取得對像類型 -  {0},no_change
BACnet,mod.bacnet.exception.timeout,BACNET設備逾時，嘗試增加本地設備逾時設定,BACNET設備逾時，嘗試增加本地設備逾時設定,no_change
BACnet,mod.bacnet.exception.errorReadingObjectList,錯誤讀取對象列表,錯誤讀取對象列表,no_change
BACnet,mod.bacnet.exception.errorReadingPropertyList,錯誤讀取屬性列表,錯誤讀取屬性列表,no_change
Haystack,haystack.description,Haystack協議的資料來源和發布者,Haystack協議的資料來源和發布者,no_change
Haystack,dox.haystackDS,Haystack 資料來源,Haystack 資料來源,no_change
Haystack,dox.haystackPP,Haystack 點屬性,Haystack 點屬性,no_change
Haystack,dox.haystackPublisher,Haystack Publisher,Haystack Publisher,no_change
Haystack,header.haystackHistoryImport,Haystack 歷史導入,Haystack 歷史導入,no_change
Haystack,header.haystackPointImport,Haystack 點導入,Haystack 點導入,no_change
Haystack,dsEdit.haystack,Haystack,Haystack,no_change
Haystack,dsEdit.haystackPoint,Haystack 資料點,Haystack 資料點,no_change
Haystack,dsEdit.haystack.uri,Uri,Uri,no_change
Haystack,dsEdit.haystack.username,使用者名稱,使用者名稱,no_change
Haystack,dsEdit.haystack.password,密碼,密碼,no_change
Haystack,dsEdit.haystack.connectTimeout,連接逾時,連接逾時,no_change
Haystack,dsEdit.haystack.readTimeout,讀取逾時,讀取逾時,no_change
Haystack,dsEdit.haystack.id,ID,ID,no_change
Haystack,event.ds.haystack.setPointFailLabel,設定點故障,設定點故障,no_change
Haystack,event.ds.haystack.pointReadErrorLabel,點讀取錯誤,點讀取錯誤,no_change
Haystack,event.ds.haystack.watchError,觀看錯誤：{0},觀看錯誤：{0},no_change
Haystack,event.ds.haystack.valueCoercionError,由於{1},由於{1},no_change
Haystack,event.ds.haystack.valueNotCoercible,類型之間不可固化的數值,類型之間不可固化的數值,no_change
Haystack,event.ds.haystack.setPointFail,在{0}點上設定點故障，因為{1},在{0}點上設定點故障，因為{1},no_change
Haystack,event.ds.haystack.setPointFailEventType,設定點故障,設定點故障,no_change
Haystack,event.ds.haystack.unknownNamePoint,點{1}上的未知列{0},點{1}上的未知列{0},no_change
Haystack,event.ds.haystack.unknownNameRow,{1}上的未知列{0},{1}上的未知列{0},no_change
Haystack,haystack.history.noHistory,點沒有歷史,點沒有歷史,no_change
Haystack,publisherEdit.haystack,Haystack,Haystack,no_change
Haystack,publisherEdit.haystack.uri,Uri,Uri,no_change
Haystack,publisherEdit.haystack.username,使用者名稱,使用者名稱,no_change
Haystack,publisherEdit.haystack.password,密碼,密碼,no_change
Haystack,haystack.ui.filter,篩選,篩選,no_change
Haystack,haystack.ui.limit,限制,限制,no_change
Haystack,haystack.ui.chooseDs,選擇Haystack DataSource,選擇Haystack DataSource,no_change
Haystack,haystack.ui.timezone,資料選擇器的時區,資料選擇器的時區,no_change
Haystack,haystack.ui.fromDatePreset,匯入日期預設,匯入日期預設,no_change
Haystack,haystack.ui.fromDate,從日期匯入,從日期匯入,no_change
Haystack,haystack.ui.toDate,匯入到日期,匯入到日期,no_change
Haystack,haystack.ui.import,匯入,匯入,no_change
Haystack,haystack.ui.pointXidResults,資料點{0},資料點{0},no_change
Haystack,haystack.ui.importedXValues,導入{0}點值,導入{0}點值,no_change
Haystack,haystack.ui.regex,正規表示式模式,正規表示式模式,no_change
Haystack,haystack.ui.downloadAs,下載為{0},下載為{0},no_change
Haystack,haystack.ui.rowsImported,{0，複數，= 1 {1點}其他{{0} point}}的點值導入,{0，複數，= 1 {1點}其他{{0} point}}的點值導入,no_change
Haystack,haystack.ui.selectHaystackPoints,選擇Haystack 點,選擇Haystack 點,no_change
Haystack,haystack.ui.mapColumns,地圖列,地圖列,no_change
Haystack,haystack.ui.createPoints,建立 Mango 點,建立 Mango 點,no_change
Haystack,haystack.ui.importHistory,匯入歷史,匯入歷史,no_change
Haystack,haystack.ui.skipped,跳過,跳過,no_change
Haystack,haystack.ui.newXid,新XID,新XID,no_change
Haystack,haystack.ui.existingIdStrategy,現有的干草堆ID策略,現有的干草堆ID策略,no_change
Haystack,haystack.ui.skip,跳過,跳過,no_change
Haystack,haystack.ui.updateKeepXid,更新（保留XID）,更新（保留XID）,no_change
Haystack,haystack.ui.update,更新（更改XID）,更新（更改XID）,no_change
Haystack,haystack.ui.importStatus,導入狀態,導入狀態,no_change
Haystack,haystack.ui.startOver,重新開始,重新開始,no_change
Haystack,haystack.ui.updated,更新,更新,no_change
Haystack,haystack.ui.created,建立,建立,no_change
Haystack,haystack.ui.replace,更換文本,更換文本,no_change
Haystack,haystack.ui.unit,單元,單元,no_change
Haystack,haystack.ui.haystackId,Haystack ID,Haystack ID,no_change
Haystack,haystack.ui.previewOfFirstPoint,預覽,預覽,no_change
Haystack,haystack.ui.xPointsSelected,{0，複數，= 1 {1點}其他{{0}點}}}}},{0，複數，= 1 {1點}其他{{0}點}}}}},no_change
Haystack,haystack.ui.hideExistingPoints,隱藏此資料來源上已經存在的干草堆點,隱藏此資料來源上已經存在的干草堆點,no_change
Haystack,haystack.ui.existingXid,現有的 Mango XID,現有的 Mango XID,no_change
Haystack,haystack.ui.errorReadingExistingHaystackIds,錯誤讀取現有的干草堆ID,錯誤讀取現有的干草堆ID,no_change
Haystack,haystack.ui.errorQueryingHaystack,錯誤查詢乾草：{0},錯誤查詢乾草：{0},no_change
Haystack,haystack.ui.noRowsToDisplay,沒有行顯示,沒有行顯示,no_change
Haystack,haystack.ui.generated,生成,生成,no_change
Haystack,haystack.ui.columnFor.haystackId,Haystack ID的列,Haystack ID的列,no_change
Haystack,haystack.ui.columnFor.name,點名稱的列,點名稱的列,no_change
Haystack,haystack.ui.columnFor.deviceName,設備名稱的列,設備名稱的列,no_change
Haystack,haystack.ui.columnFor.xid,點XID列,點XID列,no_change
Haystack,haystack.ui.columnFor.unit,單元的列,單元的列,no_change
Haystack,haystack.ui.columnFor.settable,列可設定,列可設定,no_change
Haystack,rest.error.haystack.invalidHello,無效的Hello消息，缺少用戶名,無效的Hello消息，缺少用戶名,no_change
Haystack,rest.error.haystack.badFirstMsgNoData,不良客戶端率第一消息，沒有資料,不良客戶端率第一消息，沒有資料,no_change
Haystack,rest.error.haystack.badFirstMsgNoHandshakeToken,不好的客戶端率第一消息，沒有handshaketoken,不好的客戶端率第一消息，沒有handshaketoken,no_change
Haystack,rest.error.haystack.badFirstMsgNoHelloSentFirst,不好的客戶端率第一消息，沒有你打招呼,不好的客戶端率第一消息，沒有你打招呼,no_change
Haystack,rest.error.haystack.badAuthorizationMessage,不良授權消息,不良授權消息,no_change
Haystack,haystack.permission.server,存取Mango Haystack伺服器,存取Mango Haystack伺服器,no_change
MangoIOTools,mangoIOTools.forth.description,Mango 工具,Mango 工具,no_change
MangoIOTools,mangoIOTools.forth.permissionDeniedAdmin,拒絕許可，只有管理員才能使用Forth Bridge,拒絕許可，只有管理員才能使用Forth Bridge,no_change
MangoIOTools,mangoIOTools.forth.cannotGetModbusMaster,非Modbus用戶使用的串行埠號,非Modbus用戶使用的串行埠號,no_change
MangoIOTools,mangoIOTools.forth.writeExceptionResponse,異常返回寫入：{0},異常返回寫入：{0},no_change
MangoIOTools,mangoIOTools.forth.transportException,Modbus Transperion異常：{0},Modbus Transperion異常：{0},no_change
MangoIOTools,mangoIOTools.forth.modbusInitException,異常初始化modbus master：{0},異常初始化modbus master：{0},no_change
MangoIOTools,mangoIOTools.forth.responseException,收到例外響應,收到例外響應,no_change
MangoIOTools,mangoIOTools.forth.firmwareReadyError,錯誤讀取FirmWarestatus寄存器：{0},錯誤讀取FirmWarestatus寄存器：{0},no_change
MangoIOTools,mangoIOTools.forth.firmwareNoStatus,沒有響應讀取FirmWarestatus登記冊。,沒有響應讀取FirmWarestatus登記冊。,no_change
MangoIOTools,mangoIOTools.forth.ioException,ioException讀取檔案資料：{0},ioException讀取檔案資料：{0},no_change
MangoIOTools,mangoIOTools.forth.parseRequestException,錯誤地讀取請求中的合併和從屬字段,錯誤地讀取請求中的合併和從屬字段,no_change
MangoIOTools,mangoIOTools.forth.formParsingFailure,失敗解析在形式提交中的求解和從屬，commportid：{0}和從屬：{1},失敗解析在形式提交中的求解和從屬，commportid：{0}和從屬：{1},no_change
MangoIOTools,mangoIOTools.forth.noFileInUpload,在固件檔案上傳中找不到檔案,在固件檔案上傳中找不到檔案,no_change
MangoIOTools,mangoIOTools.forth.noFirmwareTaskOnPort,沒有針對埠號{0}找到固件更新任務,沒有針對埠號{0}找到固件更新任務,no_change
MangoIOTools,mangoIOTools.header,Mango 工具,Mango 工具,no_change
MangoIOTools,mangoIOTools.menuText,Mango 工具,Mango 工具,no_change
TCPIP,tcpip.description,將特定TCP/IP流量視為資料的資料來源,將特定TCP/IP流量視為資料的資料來源,no_change
TCPIP,dsEdit.tcpip.desc,TCPIP,TCPIP,no_change
TCPIP,tcpip.point.readCommand,讀取命令,讀取命令,no_change
TCPIP,tcpip.point.splitIndex,拆分索引,拆分索引,no_change
TCPIP,tcpip.point.split,分裂,分裂,no_change
TCPIP,tcpip.point.splitDelimiter,拆分定界符,拆分定界符,no_change
TCPIP,tcpip.point.queryable,可查詢,可查詢,no_change
TCPIP,tcpip.point.writeCommand,寫入命令,寫入命令,no_change
TCPIP,tcpip.point.valueRegex,數值正規表示式,數值正規表示式,no_change
TCPIP,tcpip.point.valueIndex,數值索引,數值索引,no_change
TCPIP,dsEdit.tcpip.connectionDesc,tcp/ip @ {0}：{1},tcp/ip @ {0}：{1},no_change
TCPIP,dsEdit.tcpip.tools,TCP/IP工具,TCP/IP工具,no_change
TCPIP,dsEdit.tcpip.host,主機,主機,no_change
TCPIP,dsEdit.tcpip.port,埠號,埠號,no_change
TCPIP,dsEdit.tcpip.delimiter,定界符,定界符,no_change
TCPIP,dsEdit.tcpip.timeout,暫停,暫停,no_change
TCPIP,dsEdit.tcpip.hex,配置在十六進制中,配置在十六進制中,no_change
TCPIP,dsEdit.tcpip.logIO,日誌I/O。,日誌I/O。,no_change
TCPIP,dsEdit.tcpip.test.mustEnable,必須啟用資料來源。,必須啟用資料來源。,no_change
TCPIP,dsEdit.tcpip.logIOFileSize,日誌檔案大小（mbytes）,日誌檔案大小（mbytes）,no_change
TCPIP,dsEdit.tcpip.logIOFiles,保留日誌檔案的數量,保留日誌檔案的數量,no_change
TCPIP,dsEdit.tcpip.responseBufferSize,消息的最大大小,消息的最大大小,no_change
TCPIP,dsEdit.tcpip.socketRetries,套筒恢復,套筒恢復,no_change
TCPIP,dsEdit.tcpip.testUtility,測試實用程序,測試實用程序,no_change
TCPIP,dsEdit.tcpip.testUtilityResult,結果：,結果：,no_change
TCPIP,dsEdit.tcpip.testString,測試字符串,測試字符串,no_change
TCPIP,dsEdit.tcpip.testRegex,測試正規表示式,測試正規表示式,no_change
TCPIP,dsEdit.tcpip.testUtilityParsedResult,正規表示式擷取：,正規表示式擷取：,no_change
TCPIP,tcpip.event.badDataTypeId,不良資料類型ID：{0},不良資料類型ID：{0},no_change
TCPIP,tcpip.event.badResponse,難以理解的HTServer響應,難以理解的HTServer響應,no_change
TCPIP,tcpip.event.insufficientGroups,正規表示式擷取的組比預期的少,正規表示式擷取的組比預期的少,no_change
TCPIP,tcpip.event.noMatch,Regex找不到比賽,Regex找不到比賽,no_change
TCPIP,tcpip.event.cannotConnect,嘗試連接投擲ioException：{0},嘗試連接投擲ioException：{0},no_change
TCPIP,tcpip.event.noResponse,XID沒有收到點的回應：{0},XID沒有收到點的回應：{0},no_change
TCPIP,tcpip.event.notHex,數值不是十六進製字符串,數值不是十六進製字符串,no_change
TCPIP,tcpip.dox.tcpipDS,TCP/IP資料來源,TCP/IP資料來源,no_change
TCPIP,tcpip.dox.tcpipDP,TCP/IP資料點,TCP/IP資料點,no_change
TCPIP,tcpip.testUtil.invalidRegex,正規表示式值無效,正規表示式值無效,no_change
TCPIP,tcpip.testUtil.groupMissing,組索引不符合結果,組索引不符合結果,no_change
abeip,abeip.description,Allen-Bradley以太網/IP設備的資料來源,Allen-Bradley以太網/IP設備的資料來源,no_change
abeip,dsEdit.abeip,Allen-Bradley E/IP,Allen-Bradley E/IP,no_change
abeip,dsedit.abeip.properties,Allen-Bradley E/IP屬性,Allen-Bradley E/IP屬性,no_change
abeip,dsEdit.abeip.dsconn,主機{0},主機{0},no_change
abeip,dsEdit.abeip.event.dataSourceException,資料來源錯誤,資料來源錯誤,no_change
abeip,dsEdit.abeip.event.connectTimeout,連接逾時,連接逾時,no_change
abeip,dsEdit.abeip.event.noSession,PLC會話錯誤,PLC會話錯誤,no_change
abeip,dsEdit.abeip.event.readFail,讀取失敗,讀取失敗,no_change
abeip,dsEdit.abeip.event.writeFail,寫入失敗,寫入失敗,no_change
abeip,dsEdit.abeip.event.licenseExceeded,點計數超過授權許可,點計數超過授權許可,no_change
abeip,dsEdit.abeip.msg.dataSourceException,資料來源錯誤,資料來源錯誤,no_change
abeip,dsEdit.abeip.msg.connectTimeout,連接時機,連接時機,no_change
abeip,dsEdit.abeip.msg.noSession,無法與PLC進行會話,無法與PLC進行會話,no_change
abeip,dsEdit.abeip.msg.readFail,讀取失敗,讀取失敗,no_change
abeip,dsEdit.abeip.msg.writeFail,寫入失敗,寫入失敗,no_change
abeip,dsEdit.abeip.msg.readFailTag,讀取失敗，標籤：{0},讀取失敗，標籤：{0},no_change
abeip,dsEdit.abeip.msg.writeFailTag,寫入失敗，標籤：{0},寫入失敗，標籤：{0},no_change
abeip,dsEdit.abeip.timeout,逾時（MS）,逾時（MS）,no_change
abeip,dsEdit.abeip.retries,重試,重試,no_change
abeip,dsEdit.abeip.hostName,主機名,主機名,no_change
abeip,dsEdit.abeip.portNumber,埠號,埠號,no_change
abeip,dsEdit.abeip.rackNumber,機架,機架,no_change
abeip,dsEdit.abeip.slotNumber,插槽,插槽,no_change
abeip,dsEdit.abeip.dpconn,標籤{0},標籤{0},no_change
abeip,dsEdit.abeip.tag,標籤名稱,標籤名稱,no_change
abeip,dsEdit.abeip.program,程序名稱,程序名稱,no_change
abeip,dsEdit.abeip.tagType,標籤類型,標籤類型,no_change
abeip,dsEdit.abeip.multistate,多層,多層,no_change
abeip,dsEdit.abeip.tag_types.bool,布爾（1位）,布爾（1位）,no_change
abeip,dsEdit.abeip.tag_types.sint,SINT（8位簽名的整數）,SINT（8位簽名的整數）,no_change
abeip,dsEdit.abeip.tag_types.int,int（16位簽名的整數）,int（16位簽名的整數）,no_change
abeip,dsEdit.abeip.tag_types.dint,DINT（32位簽名的整數）,DINT（32位簽名的整數）,no_change
abeip,dsEdit.abeip.tag_types.real,真實（32位浮點）,真實（32位浮點）,no_change
abeip,dsEdit.abeip.tag_types.string,STRING,STRING,no_change
abeip,dsEdit.abeip.writeType,寫入類型,寫入類型,no_change
abeip,dsEdit.abeip.write_types.read_only,唯讀,唯讀,no_change
abeip,dsEdit.abeip.write_types.read_write,讀寫,讀寫,no_change
abeip,dsEdit.abeip.write_types.write_only,只寫,只寫,no_change
abeip,abeip.dox.ds,A-B E/IP資料來源,A-B E/IP資料來源,no_change
abeip,abeip.dox.pp,A-B E/IP點,A-B E/IP點,no_change
abpccc,abpccc.description,Allen-Bradley PCCC（SLC系列）以太網設備的資料來源,Allen-Bradley PCCC（SLC系列）以太網設備的資料來源,no_change
abpccc,dsEdit.abpccc,艾倫·布拉德利PCCC,艾倫·布拉德利PCCC,no_change
abpccc,dsedit.abpccc.properties,Allen-Bradley PCCC屬性,Allen-Bradley PCCC屬性,no_change
abpccc,dsEdit.abpccc.dsconn,主機{0},主機{0},no_change
abpccc,dsEdit.abpccc.event.dataSourceException,資料來源錯誤,資料來源錯誤,no_change
abpccc,dsEdit.abpccc.event.connectTimeout,連接逾時,連接逾時,no_change
abpccc,dsEdit.abpccc.event.noSession,PLC會話錯誤,PLC會話錯誤,no_change
abpccc,dsEdit.abpccc.event.readFail,讀取失敗,讀取失敗,no_change
abpccc,dsEdit.abpccc.event.writeFail,寫入失敗,寫入失敗,no_change
abpccc,dsEdit.abpccc.event.licenseExceeded,點計數超過授權許可,點計數超過授權許可,no_change
abpccc,dsEdit.abpccc.msg.dataSourceException,資料來源錯誤,資料來源錯誤,no_change
abpccc,dsEdit.abpccc.msg.connectTimeout,連接時機,連接時機,no_change
abpccc,dsEdit.abpccc.msg.noSession,無法與PLC進行會話,無法與PLC進行會話,no_change
abpccc,dsEdit.abpccc.msg.readFail,讀取失敗,讀取失敗,no_change
abpccc,dsEdit.abpccc.msg.writeFail,寫入失敗,寫入失敗,no_change
abpccc,dsEdit.abpccc.msg.readFailTag,讀取失敗，標籤：{0},讀取失敗，標籤：{0},no_change
abpccc,dsEdit.abpccc.msg.writeFailTag,寫入失敗，標籤：{0},寫入失敗，標籤：{0},no_change
abpccc,dsEdit.abpccc.timeout,逾時（MS）,逾時（MS）,no_change
abpccc,dsEdit.abpccc.retries,重試,重試,no_change
abpccc,dsEdit.abpccc.hostName,主機名,主機名,no_change
abpccc,dsEdit.abpccc.portNumber,埠號,埠號,no_change
abpccc,dsEdit.abpccc.rackNumber,機架,機架,no_change
abpccc,dsEdit.abpccc.slotNumber,插槽,插槽,no_change
abpccc,dsEdit.abpccc.dpconn,標籤{0},標籤{0},no_change
abpccc,dsEdit.abpccc.tag,地址,地址,no_change
abpccc,dsEdit.abpccc.plcType,PLC類型,PLC類型,no_change
abpccc,dsEdit.abpccc.plc_types.slc505,SLC 5/05,SLC 5/05,no_change
abpccc,dsEdit.abpccc.plc_types.plc5,PLC-5,PLC-5,no_change
abpccc,dsEdit.abpccc.plc_types.micrologix,微學分,微學分,no_change
abpccc,dsEdit.abpccc.multistate,多層,多層,no_change
abpccc,dsEdit.abpccc.writeType,寫入類型,寫入類型,no_change
abpccc,dsEdit.abpccc.write_types.read_only,唯讀,唯讀,no_change
abpccc,dsEdit.abpccc.write_types.read_write,讀寫入,讀寫入,no_change
abpccc,dsEdit.abpccc.write_types.write_only,只寫入,只寫入,no_change
abpccc,abpccc.dox.ds,A-B PCCC資料來源,A-B PCCC資料來源,no_change
abpccc,abpccc.dox.pp,A-B PCCC點,A-B PCCC點,no_change
advancedComponents,advancedComponents.description,Angularjs高級組件,Angularjs高級組件,no_change
advancedScheduler,advancedSchedule.events.subTypeActiveDefault,排程有效,排程有效,no_change
advancedScheduler,advancedSchedule.events.subTypeErrorDefault,排程錯誤,排程錯誤,no_change
advancedScheduler,advancedSchedule.events.subTypeActiveDefault,排程有效,排程有效,no_change
advancedScheduler,advancedSchedule.events.subTypeErrorDefault,排程錯誤,排程錯誤,no_change
advancedScheduler,advancedScheduler.validate.offsetsOutOfOrder,偏移不是按時順序,偏移不是按時順序,no_change
advancedScheduler,advancedScheduler.validate.userDNE,分配給時間表的用戶不存在,分配給時間表的用戶不存在,no_change
advancedScheduler,advancedScheduler.rt.event,{0},{0},no_change
advancedScheduler,advancedScheduler.rt.initializationError,附表{0}無法初始化，因為{1},附表{0}無法初始化，因為{1},no_change
advancedScheduler,advancedScheduler.rt.stateChangeError,附表{0}無法更改狀態，因為{1},附表{0}無法更改狀態，因為{1},no_change
advancedScheduler,advancedScheduler.rt.terminationError,附表{0}遇到問題，因為{1},附表{0}遇到問題，因為{1},no_change
advancedScheduler,advancedScheduler.rt.persistDataError,附表{0}無法將其狀態保存到資料庫，因為{1},附表{0}無法將其狀態保存到資料庫，因為{1},no_change
advancedScheduler,advancedScheduler.dateRangeRule.invalidYears,開始和結束年必須是特定的或不明確的,開始和結束年必須是特定的或不明確的,no_change
advancedScheduler,advancedScheduler.dateRangeRule.invalidMonths,開始和結束月必須是特定的或不明確的,開始和結束月必須是特定的或不明確的,no_change
advancedScheduler,advancedScheduler.dateRangeRule.invalidDays,開始和結束的日子必須是特定的或不明確的,開始和結束的日子必須是特定的或不明確的,no_change
advancedScheduler,advancedScheduler.dateRangeRule.invalidDayOfWeek,不支持一周中的範圍,不支持一周中的範圍,no_change
advancedScheduler,advancedScheduler.ui.roundTo,圓,圓,no_change
advancedScheduler,advancedScheduler.ui.editNamePermissions,編輯名稱，權限和警報級別,編輯名稱，權限和警報級別,no_change
asciiFile,file.desc,讀取和解析ASCII文本檔案,讀取和解析ASCII文本檔案,no_change
asciiFile,dsEdit.asciiFile,ASCII檔案資料來源,ASCII檔案資料來源,no_change
asciiFile,dsEdit.asciiFilePoint,ASCII檔案資料點,ASCII檔案資料點,no_change
asciiFile,dsEdit.file,檔案,檔案,no_change
asciiFile,dsEdit.file.exampleText,示例文本,示例文本,no_change
asciiFile,dsEdit.file.pathIsNotCanonical,路徑不是規範的,路徑不是規範的,no_change
asciiFile,dsEdit.file.ioexceptionCanonical,試圖將給定的檔案路徑{0}轉換為規範路徑的IOException,試圖將給定的檔案路徑{0}轉換為規範路徑的IOException,no_change
asciiFile,dsEdit.file.test.match,符合,符合,no_change
asciiFile,dsEdit.file.test.noMatch,沒有符合,沒有符合,no_change
asciiFile,file.path,{0},{0},no_change
asciiFile,file.event.obsDestroy,由於：{0},由於：{0},no_change
asciiFile,file.event.patternMismatch,收到的消息：{0}不符合模式：{1},收到的消息：{0}不符合模式：{1},no_change
asciiFile,file.event.fileNotFound,找不到檔案：{0},找不到檔案：{0},no_change
asciiFile,file.event.notNumber,擷取的值不是數字：{0},擷取的值不是數字：{0},no_change
asciiFile,file.event.dateParseFailed,無法解析日期：{0},無法解析日期：{0},no_change
asciiFile,file.event.insufficientGroups,符合的組不足：{0},符合的組不足：{0},no_change
asciiFile,file.validate.noCaptureGroup,需要擷取組,需要擷取組,no_change
asciiFile,file.validate.invalidDateFormat,無效的日期格式''{0}'產生異常：{1},無效的日期格式''{0}'產生異常：{1},no_change
cloudConnect,cloudConnect.description,雲端連接,雲端連接,no_change
cloudConnect,cloudConnect.algorithm,密鑰算法,密鑰算法,no_change
cloudConnect,cloudConnect.dateConnected,連接日期,連接日期,no_change
cloudConnect,cloudConnect.dateDisconnected,日期斷開連接,日期斷開連接,no_change
cloudConnect,cloudConnect.ipAddress,IP地址,IP地址,no_change
cloudConnect,cloudConnect.coreVersion,核心版本,核心版本,no_change
cloudConnect,cloudConnect.moduleVersion,雲端連接版本,雲端連接版本,no_change
cloudConnect,cloudConnect.mangoWebPort,Mango 網路埠號,Mango 網路埠號,no_change
cloudConnect,cloudConnect.sshPort,SSH埠號,SSH埠號,no_change
cloudConnect,cloudConnect.otherForwards,其他埠號向前,其他埠號向前,no_change
cloudConnect,cloudConnect.requiresRestart,需要重新啟動,需要重新啟動,no_change
cloudConnect,cloudConnect.requiresReload,需要重新載入,需要重新載入,no_change
cloudConnect,cloudConnect.clientConnected,連接,連接,no_change
cloudConnect,cloudConnect.proxy.name,代理人,代理人,no_change
cloudConnect,cloudConnect.proxy.settings,代理設定,代理設定,no_change
cloudConnect,cloudConnect.proxy.localAuthentication,代理身份驗證,代理身份驗證,no_change
cloudConnect,cloudConnect.proxy.remoteAuthentication,遠端身份驗證,遠端身份驗證,no_change
cloudConnect,cloudConnect.proxy.enabled,啟用代理,啟用代理,no_change
cloudConnect,cloudConnect.proxy.proxyDomain,代理域,代理域,no_change
cloudConnect,cloudConnect.proxy.requiresAuthentication,需要身份驗證,需要身份驗證,no_change
cloudConnect,cloudConnect.proxy.requiresPermission,需要許可,需要許可,no_change
cloudConnect,cloudConnect.proxy.injectAuthenticationToken,注入身份驗證令牌,注入身份驗證令牌,no_change
cloudConnect,cloudConnect.proxy.fixedToken,修復了身份驗證令牌,修復了身份驗證令牌,no_change
cloudConnect,cloudConnect.proxy.fixedUsername,修復了用戶名,修復了用戶名,no_change
cloudConnect,cloudConnect.proxy.syncUser,從伺服器到客戶端端同步用戶,從伺服器到客戶端端同步用戶,no_change
cloudConnect,cloudConnect.proxy.syncUserPassword,同步用戶的密碼,同步用戶的密碼,no_change
cloudConnect,cloudConnect.proxy.serveStaticResources,從此 Mango 安裝中提供靜態資源（不要委託這些檔案的請求）,從此 Mango 安裝中提供靜態資源（不要委託這些檔案的請求）,no_change
cloudConnect,cloudConnect.proxy.clientConnectTimeout,HTTP客戶端端連接逾時（秒）,HTTP客戶端端連接逾時（秒）,no_change
cloudConnect,cloudConnect.proxy.clientIdleTimeout,HTTP客戶端端閒置逾時（秒）,HTTP客戶端端閒置逾時（秒）,no_change
cloudConnect,cloudConnect.proxy.proxyRequestTimeout,代理請求逾時（秒）,代理請求逾時（秒）,no_change
cloudConnect,cloudConnect.proxy.error.rewriteFailed,重寫入請求失敗\ U2014''{0}'',重寫入請求失敗\ U2014''{0}'',no_change
cloudConnect,cloudConnect.proxy.error.serverNotRunning,雲端連接伺服器未執行,雲端連接伺服器未執行,no_change
cloudConnect,cloudConnect.proxy.error.requestDidntStartWithServletPath,代理請求不是從servlet路徑開始,代理請求不是從servlet路徑開始,no_change
cloudConnect,cloudConnect.proxy.error.errorParsingRequestUri,錯誤解析請求URI,錯誤解析請求URI,no_change
cloudConnect,cloudConnect.proxy.error.noWebPort,客戶端端不受客戶端轉發的網路埠號,客戶端端不受客戶端轉發的網路埠號,no_change
cloudConnect,cloudConnect.proxy.error.errorConstructingUri,構建URI的錯誤,構建URI的錯誤,no_change
cloudConnect,cloudConnect.proxy.error.clientNotFound,用GUID'{0}''客戶端端未連接,用GUID'{0}''客戶端端未連接,no_change
cloudConnect,cloudConnect.proxy.error.proxyDisabled,雲端連接代理被禁用,雲端連接代理被禁用,no_change
cloudConnect,cloudConnect.client.name,客戶端,客戶端,no_change
cloudConnect,cloudConnect.client.settings,客戶端設定,客戶端設定,no_change
cloudConnect,cloudConnect.client.enabled,用 Mango 開始客戶端,用 Mango 開始客戶端,no_change
cloudConnect,cloudConnect.client.username,使用者名稱,使用者名稱,no_change
cloudConnect,cloudConnect.client.host,主機,主機,no_change
cloudConnect,cloudConnect.client.port,埠號,埠號,no_change
cloudConnect,cloudConnect.client.forward.web.enabled,向前 Mango 網路埠號,向前 Mango 網路埠號,no_change
cloudConnect,cloudConnect.client.forward.web.host,Web前向主機,Web前向主機,no_change
cloudConnect,cloudConnect.client.forward.web.port,Web向前埠號,Web向前埠號,no_change
cloudConnect,cloudConnect.client.forward.ssh.enabled,向前SSH埠號,向前SSH埠號,no_change
cloudConnect,cloudConnect.client.forward.ssh.host,SSH前鋒主機,SSH前鋒主機,no_change
cloudConnect,cloudConnect.client.forward.ssh.port,SSH向前埠號,SSH向前埠號,no_change
cloudConnect,cloudConnect.client.advancedPortForwarding,顯示高級埠號轉發設定,顯示高級埠號轉發設定,no_change
cloudConnect,cloudConnect.client.localPortForwards,本地埠號向前（綁定到本地埠號，並將連接到遙控地址）,本地埠號向前（綁定到本地埠號，並將連接到遙控地址）,no_change
cloudConnect,cloudConnect.client.remotePortForwards,遠端埠號向前（遠端伺服器綁定到埠號並將連接轉發到本地地址）,遠端埠號向前（遠端伺服器綁定到埠號並將連接轉發到本地地址）,no_change
cloudConnect,cloudConnect.client.dynamicPortForwards,動態埠號轉發,動態埠號轉發,no_change
cloudConnect,cloudConnect.client.dynamicForward,襪子綁定地址（綁定到本地埠號，並使用襪子動態轉發連接到遠端地址）,襪子綁定地址（綁定到本地埠號，並使用襪子動態轉發連接到遠端地址）,no_change
cloudConnect,cloudConnect.client.portForwardingSettings,埠號轉發設定,埠號轉發設定,no_change
cloudConnect,cloudConnect.client.nameLabel,名稱 /標籤,名稱 /標籤,no_change
cloudConnect,cloudConnect.client.remoteAddress,遠端地址,遠端地址,no_change
cloudConnect,cloudConnect.client.localAddress,本地地址,本地地址,no_change
cloudConnect,cloudConnect.client.localBindAddress,本地綁定地址,本地綁定地址,no_change
cloudConnect,cloudConnect.client.remoteBindAddress,遠端綁定地址,遠端綁定地址,no_change
cloudConnect,cloudConnect.client.addRemoteForward,向前新增遠端,向前新增遠端,no_change
cloudConnect,cloudConnect.client.addLocalForward,新增本地向前,新增本地向前,no_change
cloudConnect,cloudConnect.client.noLocalForwards,沒有本地前鋒,沒有本地前鋒,no_change
cloudConnect,cloudConnect.client.noRemoteForwards,沒有遠端前鋒,沒有遠端前鋒,no_change
cloudConnect,cloudConnect.client.knownHostsPath,已知主機檔案,已知主機檔案,no_change
cloudConnect,cloudConnect.client.privateKeyPath,私鑰檔案,私鑰檔案,no_change
cloudConnect,cloudConnect.client.acceptUnkownHosts,接受未知的主機,接受未知的主機,no_change
cloudConnect,cloudConnect.client.newKeyPairConfirm,私鑰檔案將被覆蓋。您需要將客戶端端的新公共密鑰新增到伺服器的授權密鑰中。,私鑰檔案將被覆蓋。您需要將客戶端端的新公共密鑰新增到伺服器的授權密鑰中。,no_change
cloudConnect,cloudConnect.client.publicKey,客戶端公鑰,客戶端公鑰,no_change
cloudConnect,cloudConnect.client.knownHosts,已知的主人,已知的主人,no_change
cloudConnect,cloudConnect.client.addKnownHost,新增已知主機,新增已知主機,no_change
cloudConnect,cloudConnect.client.connected,連接,連接,no_change
cloudConnect,cloudConnect.client.connecting,連接...,連接...,no_change
cloudConnect,cloudConnect.client.connectionAttempt,連接嘗試號碼{0}。,連接嘗試號碼{0}。,no_change
cloudConnect,cloudConnect.client.lastConnectionError,最後一個連接錯誤\ U2014 {0},最後一個連接錯誤\ U2014 {0},no_change
cloudConnect,cloudConnect.client.connectAlarmLevel,連接事件級別,連接事件級別,no_change
cloudConnect,cloudConnect.client.connectFailedAlarmLevel,連接失敗的事件級別,連接失敗的事件級別,no_change
cloudConnect,cloudConnect.client.serverProperty,財產,財產,no_change
cloudConnect,cloudConnect.client.serverValue,伺服器值,伺服器值,no_change
cloudConnect,cloudConnect.client.serverValueUnknown,未知,未知,no_change
cloudConnect,cloudConnect.server.name,伺服器,伺服器,no_change
cloudConnect,cloudConnect.server.settings,伺服器設定,伺服器設定,no_change
cloudConnect,cloudConnect.server.openWebInterface,打開Web界面,打開Web界面,no_change
cloudConnect,cloudConnect.server.closeSession,關閉會話,關閉會話,no_change
cloudConnect,cloudConnect.server.removeSession,刪除會話,刪除會話,no_change
cloudConnect,cloudConnect.server.enabled,使用 Mango 啟動伺服器,使用 Mango 啟動伺服器,no_change
cloudConnect,cloudConnect.server.bind,綁定地址,綁定地址,no_change
cloudConnect,cloudConnect.server.port,埠號,埠號,no_change
cloudConnect,cloudConnect.server.authorizedKeysPath,授權密鑰檔案,授權密鑰檔案,no_change
cloudConnect,cloudConnect.server.privateKeyPath,私鑰檔案,私鑰檔案,no_change
cloudConnect,cloudConnect.server.portAllocationRange.from,埠號分配範圍（來自）,埠號分配範圍（來自）,no_change
cloudConnect,cloudConnect.server.portAllocationRange.to,埠號分配範圍（TO）,埠號分配範圍（TO）,no_change
cloudConnect,cloudConnect.server.newKeyPairConfirm,私鑰檔案將被覆蓋。您將需要使用伺服器的新公共密鑰更新每個客戶端端的已知主機。,私鑰檔案將被覆蓋。您將需要使用伺服器的新公共密鑰更新每個客戶端端的已知主機。,no_change
cloudConnect,cloudConnect.server.publicKey,伺服器公鑰,伺服器公鑰,no_change
cloudConnect,cloudConnect.server.authorizedKeys,授權鍵,授權鍵,no_change
cloudConnect,cloudConnect.server.addAuthorizedKey,新增授權密鑰,新增授權密鑰,no_change
cloudConnect,cloudConnect.server.connectedClients,客戶端端列表,客戶端端列表,no_change
cloudConnect,cloudConnect.server.sessionOpenException,會話開放，首先關閉會話,會話開放，首先關閉會話,no_change
cloudConnect,cloudConnect.server.connectAlarmLevel,客戶端連接的事件級別,客戶端連接的事件級別,no_change
cloudConnect,cloudConnect.server.disconnectAlarmLevel,客戶端斷開事件級別,客戶端斷開事件級別,no_change
cloudConnect,cloudConnect.server.disconnectAlarmDelay,客戶端斷開事件延遲,客戶端斷開事件延遲,no_change
cloudConnect,cloudConnect.server.disconnectAlarmDelayUnit,客戶端斷開事件延遲單元,客戶端斷開事件延遲單元,no_change
cloudConnect,cloudConnect.server.forwardListenLoopbackOnly,遠端向前的客戶端端只能收聽回環,遠端向前的客戶端端只能收聽回環,no_change
cloudConnect,cloudConnect.server.forwardListenAllocatedPortsOnly,遠端向前的客戶端端可以在分配的埠號上收聽,遠端向前的客戶端端可以在分配的埠號上收聽,no_change
cloudConnect,cloudConnect.server.forwardConnectLoopbackOnly,客戶端的本地前鋒只能連接到環回,客戶端的本地前鋒只能連接到環回,no_change
cloudConnect,cloudConnect.serviceException.notStarted,服務沒有開始,服務沒有開始,no_change
cloudConnect,cloudConnect.serviceException.failedToStart,未能開始,未能開始,no_change
cloudConnect,cloudConnect.serviceException.failedToStop,無法停止,無法停止,no_change
cloudConnect,cloudConnect.serviceException.terminated,服務已終止,服務已終止,no_change
cloudConnect,cloudConnect.serviceException.noClientInfo,未找到會話的客戶端資訊：{0},未找到會話的客戶端資訊：{0},no_change
cloudConnect,cloudConnect.serviceException.failedToReloadSettings,無法重新載入設定,無法重新載入設定,no_change
cloudConnect,cloudConnect.serviceException.failedToLoadKeyPair,無法載入密鑰對,無法載入密鑰對,no_change
cloudConnect,cloudConnect.serviceException.alreadyStopped,服務已經停止,服務已經停止,no_change
cloudConnect,cloudConnect.serviceException.alreadyStarted,服務已經開始,服務已經開始,no_change
cloudConnect,cloudConnect.serviceException.clientLicenseFailure,客戶端許可失敗。 Mango 核必須獲得許可。,客戶端許可失敗。 Mango 核必須獲得許可。,no_change
cloudConnect,cloudConnect.serviceException.serverLicenseFailure,伺服器許可失敗。免費版本僅允許{0}啟動伺服器，每個啟動僅限於{1}分鐘。,伺服器許可失敗。免費版本僅允許{0}啟動伺服器，每個啟動僅限於{1}分鐘。,no_change
cloudConnect,cloudConnect.serviceException.serverLicenseFailureSessions,伺服器許可失敗。免費版本僅允許{3}活動 session。,伺服器許可失敗。免費版本僅允許{3}活動 session。,no_change
cloudConnect,cloudConnect.serviceException.noServerInfo,未找到會話的伺服器資訊：{0},未找到會話的伺服器資訊：{0},no_change
cloudConnect,cloudConnect.uiError.failedToStart,無法啟動\ U2014 {0},無法啟動\ U2014 {0},no_change
cloudConnect,cloudConnect.uiError.failedToStop,無法停止\ U2014 {0},無法停止\ U2014 {0},no_change
cloudConnect,cloudConnect.uiError.failedToRestart,無法重新啟動\ U2014 {0},無法重新啟動\ U2014 {0},no_change
cloudConnect,cloudConnect.uiError.failedToReload,無法重新載入\ U2014 {0},無法重新載入\ U2014 {0},no_change
cloudConnect,cloudConnect.startState.STOPPED,停止,停止,no_change
cloudConnect,cloudConnect.startState.STARTING,正在開始,正在開始,no_change
cloudConnect,cloudConnect.startState.STARTED,開始,開始,no_change
cloudConnect,cloudConnect.startState.STOPPING,停下來,停下來,no_change
cloudConnect,cloudConnect.clientEvent.description,雲端連接客戶端端事件,雲端連接客戶端端事件,no_change
cloudConnect,cloudConnect.clientEvent.disabled,雲端連接客戶端端停止,雲端連接客戶端端停止,no_change
cloudConnect,cloudConnect.clientEvent.connected,客戶端連接,客戶端連接,no_change
cloudConnect,cloudConnect.clientEvent.connectFailed,連接失敗,連接失敗,no_change
cloudConnect,cloudConnect.clientEvent.connectedEventMessage,雲端連接客戶端端連接到伺服器''{0}：{1}'',雲端連接客戶端端連接到伺服器''{0}：{1}'',no_change
cloudConnect,cloudConnect.clientEvent.connectFailedEventMessage,雲端連接客戶端端連接失敗了伺服器''{0}：{1}'\ u2014 {2},雲端連接客戶端端連接失敗了伺服器''{0}：{1}'\ u2014 {2},no_change
cloudConnect,cloudConnect.serverEvent.description,雲端連接伺服器事件,雲端連接伺服器事件,no_change
cloudConnect,cloudConnect.serverEvent.disabled,雲端連接伺服器停止,雲端連接伺服器停止,no_change
cloudConnect,cloudConnect.serverEvent.connected,客戶端連接,客戶端連接,no_change
cloudConnect,cloudConnect.serverEvent.disconnected,客戶端斷開連接,客戶端斷開連接,no_change
cloudConnect,cloudConnect.serverEvent.connectedEventMessage,雲端連接客戶端端''{0}''從ip {2}，client guid {1}連接,雲端連接客戶端端''{0}''從ip {2}，client guid {1}連接,no_change
cloudConnect,cloudConnect.serverEvent.disconnectedEventMessage,雲端連接客戶端端''{0}''斷開連接{1}，client guid {2},雲端連接客戶端端''{0}''斷開連接{1}，client guid {2},no_change
cloudConnect,cloudConnect.serverEvent.disconnectedEventMessageNoTime,雲端連接客戶端端''{0}''斷開連接，客戶端端guid {1},雲端連接客戶端端''{0}''斷開連接，客戶端端guid {1},no_change
cloudConnect,cloudConnect.timeUnit.SECONDS,{0}幾秒鐘前,{0}幾秒鐘前,no_change
cloudConnect,cloudConnect.timeUnit.MINUTES,{0}分鐘前,{0}分鐘前,no_change
cloudConnect,cloudConnect.timeUnit.HOURS,{0}小時前,{0}小時前,no_change
cloudConnect,cloudConnect.timeUnit.DAYS,{0}天前,{0}天前,no_change
controlcore,controlcore.description,TCP/IP到串行橋，允許遠端編程（http://www.isquared.ca）串行設備。,TCP/IP到串行橋，允許遠端編程（http://www.isquared.ca）串行設備。,no_change
controlcore,dsEdit.controlcore.desc,控制核心橋,控制核心橋,no_change
controlcore,dsEdit.controlcore,控制核心橋,控制核心橋,no_change
controlcore,dsEdit.controlcorePoint,控制核心橋資料點,控制核心橋資料點,no_change
controlcore,dsEdit.controlcore.port,Port,Port,no_change
controlcore,dsEdit.controlcore.baud,Baud rate,Baud rate,no_change
controlcore,dsEdit.controlcore.flowControlIn,Flow control in,Flow control in,no_change
controlcore,dsEdit.controlcore.flowControlOut,Flow control out,Flow control out,no_change
controlcore,dsEdit.controlcore.dataBits,Data bits,Data bits,no_change
controlcore,dsEdit.controlcore.stopBits,Stop bits,Stop bits,no_change
controlcore,dsEdit.controlcore.parity,Parity,Parity,no_change
controlcore,dsEdit.controlcore.readTimeout,485讀取逾時（MS）,485讀取逾時（MS）,no_change
controlcore,dsEdit.controlcore.responseTimeout,485響應逾時（MS）,485響應逾時（MS）,no_change
controlcore,dsEdit.controlcore.serialBaudRate,485波特率,485波特率,no_change
controlcore,dsEdit.controlcore.socketTimeout,插座逾時,插座逾時,no_change
controlcore,dsEdit.controlcore.allowedClients,允許客戶端,允許客戶端,no_change
controlcore,dsEdit.controlcore.portNumber,接收埠號號,接收埠號號,no_change
controlcore,dsEdit.controlcore.connection,tcp/ip埠號{0} ==> comm {1},tcp/ip埠號{0} ==> comm {1},no_change
controlcore,controlcore.error.serverSocketError,無法打開伺服器Socket {0},無法打開伺服器Socket {0},no_change
controlcore,controlcore.error.clientError,客戶端端錯誤{0},客戶端端錯誤{0},no_change
controlcore,controlcore.error.serverError,伺服器錯誤{0},伺服器錯誤{0},no_change
controlcore,controlcore.error.clientError,客戶端端錯誤{0},客戶端端錯誤{0},no_change
controlcore,controlcore.error.serverError,伺服器錯誤{0},伺服器錯誤{0},no_change
controlcore,controlcore.error.commPortError,通信埠號錯誤。 {0},通信埠號錯誤。 {0},no_change
controlcore,controlcore.error.clientSocketError,客戶端端Socket 錯誤。 {0},客戶端端Socket 錯誤。 {0},no_change
controlcore,controlcore.error.clientSocketHeaderBad,無效的TCP標頭,無效的TCP標頭,no_change
controlcore,controlcore.error.clientSocketHeaderLengthBad,標題長度錯誤預期12但收到{0}字節,標題長度錯誤預期12但收到{0}字節,no_change
controlcore,controlcore.error.clientSocketHeaderSignatureBad,標題簽名不正確,標題簽名不正確,no_change
controlcore,controlcore.error.clientSocketPayloadBad,消息有效載荷不好。預期{0}，但僅收到{1}字節,消息有效載荷不好。預期{0}，但僅收到{1}字節,no_change
controlcore,controlcore.error.invalidMessageType,消息類型{0}是未知的,消息類型{0}是未知的,no_change
controlcore,controlcore.error.portInUse,串行埠號{0}已經在使用,串行埠號{0}已經在使用,no_change
controlcore,controlcore.error.noSuchPort,串行埠號{0}不存在,串行埠號{0}不存在,no_change
controlcore,controlcore.error.invalidChecksum,在串行埠號上收到了無效的校驗和,在串行埠號上收到了無效的校驗和,no_change
controlcore,controlcore.error.modbusTimeout,逾時等待modbus響應,逾時等待modbus響應,no_change
controlcore,controlcore.error.serverErrorDesc,伺服器錯誤,伺服器錯誤,no_change
controlcore,controlcore.error.clientErrorDesc,客戶端端錯誤,客戶端端錯誤,no_change
controlcore,dox.controlcoreDS,控制核心資料來源幫助,控制核心資料來源幫助,no_change
controlcore,dox.controlcorePP,控制核心資料點幫助,控制核心資料點幫助,no_change
dashboardDesigner,dashboardDesigner.description,儀表板設計工具,儀表板設計工具,no_change
dashboardDesigner,dashboardDesigner.pointFromWatchList,監視列表的點,監視列表的點,no_change
dashboardDesigner,dashboardDesigner.flexbox,Flexbox,Flexbox,no_change
dashboardDesigner,dashboardDesigner.watchListComponents,觀看列表,觀看列表,no_change
dashboardDesigner,dashboardDesigner.uiSref,鏈接到狀態,鏈接到狀態,no_change
dataFile,datafile.description,將導入資料檔案處理到現有 Mango 點的模塊,將導入資料檔案處理到現有 Mango 點的模塊,no_change
dataFile,datafile.point.configuration,映射從{0}導入到{1},映射從{0}導入到{1},no_change
dataFile,dsEdit.datafile,資料檔案,資料檔案,no_change
dataFile,dsEdit.datafilePoint,資料檔案點,資料檔案點,no_change
dataFile,dsEdit.datafile.desc,資料檔案,資料檔案,no_change
dataFile,dsEdit.datafile.path,資料檔案或檔案夾的路徑,資料檔案或檔案夾的路徑,no_change
dataFile,dsEdit.datafile.connection,檔案：{0},檔案：{0},no_change
dataFile,dsEdit.datafile.check,檢查,檢查,no_change
dataFile,dsEdit.datafile.deleteAfterImport,導入後刪除檔案,導入後刪除檔案,no_change
dataFile,dsEdit.datafile.createPoints,建立缺失點,建立缺失點,no_change
dataFile,dsEdit.datafile.importedPrefix,重命名的檔案前綴,重命名的檔案前綴,no_change
dataFile,dsEdit.datafile.mappingPoint,地圖到外點,地圖到外點,no_change
dataFile,dsEdit.datafile.fileType,檔案類型,檔案類型,no_change
dataFile,dsEdit.datafile.template,範本,範本,no_change
dataFile,dsEdit.datafile.toXid,導入指向XID,導入指向XID,no_change
dataFile,dsEdit.datafile.fromIdentifier,導入文檔中的標識符,導入文檔中的標識符,no_change
dataFile,dsEdit.datafile.toPoint,指嚮導入值,指嚮導入值,no_change
dataFile,dsEdit.datafile.useCron,使用Cron模式,使用Cron模式,no_change
dataFile,dsEdit.datafile.xmlType,XML,XML,no_change
dataFile,dsEdit.datafile.csvType,CSV,CSV,no_change
dataFile,dsEdit.datafile.excelType,Excel,Excel,no_change
dataFile,dsEdit.datafile.excelWorkbookType,Excel工作簿,Excel工作簿,no_change
dataFile,dsEdit.datafile.binaryType,二進制,二進制,no_change
dataFile,dsEdit.datafile.sortValues,排序值,排序值,no_change
dataFile,dsEdit.datafile.pollClass,輪詢類別,輪詢類別,no_change
dataFile,dsEdit.datafile.pollArguments,輪詢參數,輪詢參數,no_change
dataFile,dsEdit.datafile.additionalClasspath,附加的class路徑,附加的class路徑,no_change
dataFile,dsEdit.datafile.fileBelowFilesStoreRoot,檔案在filestore根下面,檔案在filestore根下面,no_change
dataFile,dsEdit.datafile.tools,資料檔案工具,資料檔案工具,no_change
dataFile,dsEdit.datafile.uploadTemplate,上傳範本/輪詢類,上傳範本/輪詢類,no_change
dataFile,dsEdit.datafile.importSuccess,匯入成功,匯入成功,no_change
dataFile,dsEdit.datafile.filenameMatchRegex,檔案名符合正規表示式,檔案名符合正規表示式,no_change
dataFile,dsEdit.datafile.invalidRegex,無效的正直：{0},無效的正直：{0},no_change
dataFile,dsEdit.datafile.fileExists,檔案存在,檔案存在,no_change
dataFile,dsEdit.datafile.fileDoesNotExist,檔案不存在,檔案不存在,no_change
dataFile,dsEdit.datafile.canRead,檔案可以讀取,檔案可以讀取,no_change
dataFile,dsEdit.datafile.pathIsNotCanonical,路徑不是規範的,路徑不是規範的,no_change
dataFile,dsEdit.datafile.cannotRead,檔案不能讀取或不存在,檔案不能讀取或不存在,no_change
dataFile,dsEdit.datafile.compile,編譯新範本,編譯新範本,no_change
dataFile,dsEdit.dataFile.compilerNotFound,找不到編譯器。您在JRE上執行嗎？,找不到編譯器。您在JRE上執行嗎？,no_change
dataFile,dsEdit.datafile.importFile,從檔案導入資料,從檔案導入資料,no_change
dataFile,datafile.event.fileNotFound,找不到檔案,找不到檔案,no_change
dataFile,datafile.event.renameFailed,重命名失敗：{0},重命名失敗：{0},no_change
dataFile,datafile.event.cantCreate,指向XID：{0}存在於其他地方,指向XID：{0}存在於其他地方,no_change
dataFile,datafile.event.csvImportProblem,錯誤讀取CSV,錯誤讀取CSV,no_change
dataFile,datafile.event.ioException,ioException：{0},ioException：{0},no_change
dataFile,datafile.event.jaxbException,jaxbexception：{0},jaxbexception：{0},no_change
dataFile,datafile.event.instantiationException,實體化例外：{0},實體化例外：{0},no_change
dataFile,datafile.event.failedToFind,未能找到所有預期點，具體：{0},未能找到所有預期點，具體：{0},no_change
dataFile,datafile.event.loadPollClassFailed,無法載入輪詢類別，有例外：{0},無法載入輪詢類別，有例外：{0},no_change
dataFile,datafile.event.pollClassEvent,輪詢類別：{0},輪詢類別：{0},no_change
dataFile,datafile.event.importClassEvent,來自導入類別的事件：{0},來自導入類別的事件：{0},no_change
dataFile,datafile.event.classpathFailure,失敗載入類路徑：{0},失敗載入類路徑：{0},no_change
dataFile,datafile.event.invokedClass,被調用課的例外,被調用課的例外,no_change
dataFile,datafile.event.pointsMissing,並非所有點都在檔案中找到,並非所有點都在檔案中找到,no_change
dataFile,datafile.templateFileStore.description,資料檔案資料來源範本檔案,資料檔案資料來源範本檔案,no_change
dataFile,datafile.templateFileStore.readPermission,資料檔案資料來源範本檔案錄製讀取權限,資料檔案資料來源範本檔案錄製讀取權限,no_change
dataFile,datafile.templateFileStore.writePermission,資料檔案資料來源範本檔案錄製許可,資料檔案資料來源範本檔案錄製許可,no_change
dataFile,datafile.compiledTemplateFileStore.description,資料檔案資料來源編譯範本檔案,資料檔案資料來源編譯範本檔案,no_change
dataFile,datafile.compiledTemplateFileStore.readPermission,資料檔案資料來源編譯範本檔案讀取權限,資料檔案資料來源編譯範本檔案讀取權限,no_change
dataFile,datafile.compiledTemplateFileStore.writePermission,資料檔案資料來源導入檔案filestore讀取權限,資料檔案資料來源導入檔案filestore讀取權限,no_change
dataFile,datafile.dox.dataFileDS,資料檔案資料來源屬性,資料檔案資料來源屬性,no_change
dataFile,datafile.dox.dataFilePP,資料檔案點屬性,資料檔案點屬性,no_change
dataFile,datafile.dox.xmlImporters,建立XML導入類別,建立XML導入類別,no_change
dataFile,datafile.dox.csvImporters,建立CSV導入類別,建立CSV導入類別,no_change
dataFile,datafile.dox.excelImporters,建立 Excel 導入類別,建立 Excel 導入類別,no_change
dataFile,datafile.dox.binaryImporters,建立二進制導入類別,建立二進制導入類別,no_change
dataFile,datafile.dox.pollClass,建立輪詢類,建立輪詢類,no_change
dataFile,datafile.dox.rest,上傳和處理檔案的休息權限,上傳和處理檔案的休息權限,no_change
dataFile,datafile.rest.permission,資料檔案資料來源上傳檔案上傳,資料檔案資料來源上傳檔案上傳,no_change
dataFile,datafile.rest.noFileSelected,未選擇檔案,未選擇檔案,no_change
dataFile,datafile.rest.sourceNotRunning,資料來源未執行,資料來源未執行,no_change
dataFile,datafile.rest.fileSubmittedSuccessfully,檔案成功提交,檔案成功提交,no_change
dataFile,datafile.rest.fileSubmissionError,檔案提交返回錯誤代碼：,檔案提交返回錯誤代碼：,no_change
dataFile,datafile.rest.statusRedirectToMonitor,重定向到監視...更新監視頁面以取得更新,重定向到監視...更新監視頁面以取得更新,no_change
dataFile,datafile.rest.error.atLeastOneFileNeeded,至少需要一個檔案,至少需要一個檔案,no_change
dataFile,datafile.rest.error.badStructureOrType,編譯地面檔案夾的類型找不到：{0},編譯地面檔案夾的類型找不到：{0},no_change
dataFile,datafile.rest.error.badTemplateFileType,只能將.ja​​va檔案上傳到未編譯的範本：{0},只能將.ja​​va檔案上傳到未編譯的範本：{0},no_change
dataFile,datafile.rest.error.emptyTemplateFileType,檔案{0}沒有內容，也沒有上傳,檔案{0}沒有內容，也沒有上傳,no_change
dataFile,datafile.rest.error.compileFailed,編譯失敗：{0},編譯失敗：{0},no_change
dataFile,datafile.rest.error.compileSuccess,編譯成功,編譯成功,no_change
dataFile,datafile.rest.error.unknownClassType,未知超類：{0},未知超類：{0},no_change
dataFile,datafile.rest.error.invalidCompiledTemplate,編譯範本{0}是無效的，因為{1},編譯範本{0}是無效的，因為{1},no_change
dataFile,datafile.rest.error.noFileStoreReadPermission,未讀取檔案{0},未讀取檔案{0},no_change
dataFile,datafile.rest.error.noFileStoreWritePermission,沒有寫入入filestore {0},沒有寫入入filestore {0},no_change
dataImport,dataImport.import.noPoints,導入檔案中沒有點。第一行必須包含日期標籤後的點XID,導入檔案中沒有點。第一行必須包含日期標籤後的點XID,no_change
dataImport,dataImport.import.invalidHeaders,標題數無效。預期{0}，但讀取{1},標題數無效。預期{0}，但讀取{1},no_change
dataImport,dataImport.import.badXid,無效的XID：{0}在行{1}上,無效的XID：{0}在行{1}上,no_change
dataImport,dataImport.import.xidNotFound,從行{1}找不到XID''{0}'',從行{1}找不到XID''{0}'',no_change
dataImport,dataImport.import.imported,匯入成功。 {0}處理。,匯入成功。 {0}處理。,no_change
dataImport,dataImport.import.invalidLength,行{0}有無效的列數,行{0}有無效的列數,no_change
dataPointDetailsView,datapointdetailsview.description,檢視資料點詳細資訊,檢視資料點詳細資訊,no_change
dataPointDetailsView,datapointdetailsview.rollup.accumulator,累加器,累加器,no_change
dataPointDetailsView,datapointdetailsview.rollup.delta,三角洲,三角洲,no_change
dataPointDetailsView,datapointdetailsview.rollup.sum,和,和,no_change
dataPointDetailsView,datapointdetailsview.rollup.integral,不可缺少的,不可缺少的,no_change
dataPointDetailsView,datapointdetailsview.graphType.step,步,步,no_change
dataPointDetailsView,datapointdetailsview.graphType.line,線,線,no_change
dataPointDetailsView,datapointdetailsview.graphType.smoothedLine,平滑線,平滑線,no_change
dataPointDetailsView,datapointdetailsview.graphType.column,酒吧,酒吧,no_change
dataPointDetailsView,datapointdetailsview.graphType.accumulator,累加器,累加器,no_change
dataPointDetailsView,datapointdetailsview.history.useInHistory,在歷史表中使用這些設定,在歷史表中使用這些設定,no_change
dataPointDetailsView,datapointdetailsview.history.realtime,實時歷史,實時歷史,no_change
dataPointDetailsView,datapointdetailsview.history.history,歷史,歷史,no_change
dataPointDetailsView,datapointdetailsview.history.noDataFound,找不到資料,找不到資料,no_change
dataPointDetailsView,datapointdetailsview.validate.incorrectFormat,這一點的格式不正確,這一點的格式不正確,no_change
dataPointDetailsView,datapointdetailsview.searchPointsBy,搜尋,搜尋,no_change
dataPointDetailsView,datapointdetailsview.error.tooManyPointValuesToChart,無法圖表{0}點值。限制為{1}。使用匯總或導出資料。,無法圖表{0}點值。限制為{1}。使用匯總或導出資料。,no_change
dataPointDetailsView,datapointdetailsview.error.errorSavingPoint,錯誤保存點值：'{0}'{1}。,錯誤保存點值：'{0}'{1}。,no_change
dataPointDetailsView,datapointdetailsview.error.errorSavingNote,錯誤保存注意：'{0}',錯誤保存注意：'{0}',no_change
dataPointDetailsView,datapointdetailsview.error.noData,沒有範圍的資料,沒有範圍的資料,no_change
dataPointDetailsView,datapointdetailsview.error.requestFailed,請求失敗：{0},請求失敗：{0},no_change
dataPointDetailsView,datapointdetailsview.error.errorLoadingData,載入資料有一個錯誤：{0},載入資料有一個錯誤：{0},no_change
dataPointDetailsView,datapointdetailsview.notes.noteTitle,{0}由{1},{0}由{1},no_change
dataPointDetailsView,datapointdetailsview.notes.enterANote,輸入註釋,輸入註釋,no_change
dataPointDetailsView,datapointdetailsview.notes.noNotes,找不到筆記,找不到筆記,no_change
dataPointDetailsView,datapointdetailsview.stats.startsAndRuntimes,概括,概括,no_change
dataPointDetailsView,datapointdetailsview.stats.proportion,部分,部分,no_change
dataPointDetailsView,datapointdetailsview.permissions,資料點詳細資訊檢視權限,資料點詳細資訊檢視權限,no_change
deviceConfig,deviceConfig.description,設備配置和範本,設備配置和範本,no_change
deviceConfig,deviceConfig.voltagePrimary,電壓初級,電壓初級,no_change
deviceConfig,deviceConfig.voltageSecondary,電壓次級,電壓次級,no_change
deviceConfig,deviceConfig.currentPrimary,當前主要,當前主要,no_change
deviceConfig,deviceConfig.currentSecondary,當前次要,當前次要,no_change
deviceConfig,deviceConfig.enerPowDivider,能量/功率分隔器,能量/功率分隔器,no_change
deviceConfig,deviceConfig.connectionParameters,連接參數,連接參數,no_change
deviceConfig,deviceConfig.useExistingDatasource,使用現有資料來源,使用現有資料來源,no_change
deviceConfig,deviceConfig.deviceId,設備ID,設備ID,no_change
deviceConfig,deviceConfig.slaveId,從＃{0},從＃{0},no_change
deviceConfig,deviceConfig.hwRevision,硬體修訂,硬體修訂,no_change
deviceConfig,deviceConfig.wye,懷,懷,no_change
deviceConfig,deviceConfig.delta,三角洲,三角洲,no_change
deviceConfig,deviceConfig.singlePhase,單相,單相,no_change
deviceConfig,deviceConfig.lineFrequency,線頻率,線頻率,no_change
deviceConfig,deviceConfig.dataScalar,資料標量,資料標量,no_change
deviceConfig,deviceConfig.ctAmpsMultiplier,CT {0} AMPS乘數,CT {0} AMPS乘數,no_change
dnp3,dnp3.description,DNP3資料來源,DNP3資料來源,no_change
dnp3,dsEdit.dnp3Ip,DNP3 IP,DNP3 IP,no_change
dnp3,dsEdit.dnp3IpPoint,DNP3 IP資料點,DNP3 IP資料點,no_change
dnp3,dsEdit.dnp3Serial,DNP3系列,DNP3系列,no_change
dnp3,dsEdit.dnp3SerialPoint,DNP3序列資料點,DNP3序列資料點,no_change
dnp3,dsEdit.dnp3.descIp,DNP3 IP屬性,DNP3 IP屬性,no_change
dnp3,dsEdit.dnp3.descSerial,DNP3串行屬性,DNP3串行屬性,no_change
dnp3,dsEdit.dnp3.synchPeriods,相對靜態資料輪詢比,相對靜態資料輪詢比,no_change
dnp3,dsEdit.dnp3.scanEventsOnSync,掃描靜態資料輪詢的所有課程,掃描靜態資料輪詢的所有課程,no_change
dnp3,dsEdit.dnp3.timeout,逾時（MS）,逾時（MS）,no_change
dnp3,dsEdit.dnp3.retries,重試,重試,no_change
dnp3,dsEdit.dnp3.sourceAddress,源地址,源地址,no_change
dnp3,dsEdit.dnp3.slaveAddress,從地址,從地址,no_change
dnp3,dsEdit.dnp3Ip.host,主機,主機,no_change
dnp3,dsEdit.dnp3Ip.port,埠號,埠號,no_change
dnp3,dsEdit.dnp3Serial.baud,波特率,波特率,no_change
dnp3,dsEdit.dnp3Serial.commPortId,埠號,埠號,no_change
dnp3,dsEdit.dnp3.index,指數,指數,no_change
dnp3,dsEdit.dnp3.dataType,資料類型,資料類型,no_change
dnp3,dsEdit.dnp3.binaryInput,二進制輸入,二進制輸入,no_change
dnp3,dsEdit.dnp3.binaryOutput,二進制輸出,二進制輸出,no_change
dnp3,dsEdit.dnp3.analogInput,類比輸入,類比輸入,no_change
dnp3,dsEdit.dnp3.analogOutput,類比輸出,類比輸出,no_change
dnp3,dsEdit.dnp3.runningCounter,櫃檯,櫃檯,no_change
dnp3,dsEdit.dnp3.addMany,新增多個資料點,新增多個資料點,no_change
dnp3,dsEdit.dnp3.minIndex,最小索引,最小索引,no_change
dnp3,dsEdit.dnp3.maxIndex,最大索引,最大索引,no_change
dnp3,dsEdit.dnp3.operateMode,操作模式,操作模式,no_change
dnp3,dsEdit.dnp3.controlCommand,控制命令,控制命令,no_change
dnp3,dsEdit.dnp3.timeOn,準時,準時,no_change
dnp3,dsEdit.dnp3.timeOff,OFF time,OFF time,no_change
dnp3,dsEdit.dnp3.validate.indexUsed,此DNP3組和索引已經在使用,此DNP3組和索引已經在使用,no_change
dnp3,dsEdit.dnp3.validate.mustReadOneClass,必須至少讀取一類資料,必須至少讀取一類資料,no_change
dnp3,dsEdit.dnp3.sbo,SBO,SBO,no_change
dnp3,dsEdit.dnp3.direct,Direct,Direct,no_change
dnp3,dsEdit.dnp3.directNoAck,Direct No Ack,Direct No Ack,no_change
dnp3,dsEdit.dnp3.closeTrip,Close Trip,Close Trip,no_change
dnp3,dsEdit.dnp3.pulse,Pulse,Pulse,no_change
dnp3,dsEdit.dnp3.latch,Latch,Latch,no_change
dnp3,dsEdit.dnp3.dataClass,Data class,Data class,no_change
dnp3,dsEdit.dnp3.dataClass0,Class 0,Class 0,no_change
dnp3,dsEdit.dnp3.dataClass1,Class 1,Class 1,no_change
dnp3,dsEdit.dnp3.dataClass2,Class 2,Class 2,no_change
dnp3,dsEdit.dnp3.dataClass3,Class 3,Class 3,no_change
dnp3,dsEdit.dnp3.analogOutputSetVariation,設定值格式,設定值格式,no_change
dnp3,dsEdit.dnp3.analogOutput32,32位整數,32位整數,no_change
dnp3,dsEdit.dnp3.analogOutput16,16位整數,16位整數,no_change
dnp3,dsEdit.dnp3.analogOutput32Float,32位浮點,32位浮點,no_change
dnp3,dsEdit.dnp3.analogOutput64Float,64位浮點,64位浮點,no_change
dnp3,dsEdit.dnp3.8bitIndex,8位索引,8位索引,no_change
dnp3,dsEdit.dnp3.16bitIndex,16位索引,16位索引,no_change
dnp3,dsEdit.dnp3.indexSize,索引地址大小,索引地址大小,no_change
dnp3,dsEdit.dnp3.multiplier,乘數,乘數,no_change
dnp3,dsEdit.dnp3.additive,新增劑,新增劑,no_change
dnp3,dsEdit.dnp3.multiplierOffsetCalculator,乘數和偏移計算器,乘數和偏移計算器,no_change
dnp3,dsEdit.dnp3.sensorMin,傳感器最小值,傳感器最小值,no_change
dnp3,dsEdit.dnp3.sensorMax,傳感器最大,傳感器最大,no_change
dnp3,dsEdit.dnp3.engineeringMin,工程最低,工程最低,no_change
dnp3,dsEdit.dnp3.engineeringMax,工程最大,工程最大,no_change
dnp3,dox.dnp3SerialDS,資料來源DNP3系列,資料來源DNP3系列,no_change
dnp3,dox.dnp3IpDS,資料來源DNP3 IP,資料來源DNP3 IP,no_change
dnp3,dox.dnp3PP,dnp3 pp,dnp3 pp,no_change
dnp3,dsEdit.dnp3.bulkDataPointCreate,批量資料點建立,批量資料點建立,no_change
dnp3,dsEdit.dnp3.createDataPoints,建立資料點,建立資料點,no_change
dnp3,dsEdit.dnp3.minIndexMaxIndexError,“ MinIndex”必須小於“ maxindex”,“ MinIndex”必須小於“ maxindex”,no_change
dnp3,dsEdit.dnp3Serial.dataBits,Data Bits,Data Bits,no_change
dnp3,dsEdit.dnp3Serial.stopBits,Stop Bits,Stop Bits,no_change
dnp3,dsEdit.dnp3Serial.parity,Parity,Parity,no_change
dnp3,dsEdit.dnp3.invalidCommand,無效的DNP3寫入命令。有效命令：1/0，True/fals，Pon/Poff，Lon/Loff，Close/Trip,無效的DNP3寫入命令。有效命令：1/0，True/fals，Pon/Poff，Lon/Loff，Close/Trip,no_change
dnp3,dsEdit.dnp3.internalIndication,內部指示收到,內部指示收到,no_change
dnp3,dsEdit.dnp3.internalIndication.deviceTrouble,設備故障收到,設備故障收到,no_change
dnp3,dsEdit.dnp3.internalIndication.codeNotSupported,不支持收到的代碼,不支持收到的代碼,no_change
dnp3,dsEdit.dnp3.internalIndication.objectUnknown,未知的對象收到,未知的對象收到,no_change
dnp3,dsEdit.dnp3.internalIndication.parameterError,收到的參數錯誤,收到的參數錯誤,no_change
dnp3,dsEdit.dnp3.internalIndication.eventBufferOverflow,事件緩衝區收到,事件緩衝區收到,no_change
dnp3,dsEdit.dnp3.internalIndication.configurationCorrupt,配置損壞收到,配置損壞收到,no_change
dnp3,dsEdit.dnp3.controlStatus.timeout,暫停,暫停,no_change
dnp3,dsEdit.dnp3.controlStatus.noSelect,必須首先選擇,必須首先選擇,no_change
dnp3,dsEdit.dnp3.controlStatus.formatError,格式錯誤,格式錯誤,no_change
dnp3,dsEdit.dnp3.controlStatus.notSupported,不支持,不支持,no_change
dnp3,dsEdit.dnp3.controlStatus.alreadyActive,已經活躍了,已經活躍了,no_change
dnp3,dsEdit.dnp3.controlStatus.hardwareError,硬體控制錯誤,硬體控制錯誤,no_change
dnp3,dsEdit.dnp3.controlStatus.local,設備處於本地模式,設備處於本地模式,no_change
dnp3,dsEdit.dnp3.controlStatus.tooManyObjs,請求中的對象太多,請求中的對象太多,no_change
dnp3,dsEdit.dnp3.controlStatus.notAuthorized,未經授權,未經授權,no_change
dnp3,dsEdit.dnp3.controlStatus.automationInhibit,自動化被抑制,自動化被抑制,no_change
dnp3,dsEdit.dnp3.controlStatus.processingLimited,電台處理有限公司,電台處理有限公司,no_change
dnp3,dsEdit.dnp3.controlStatus.outOfRange,超出範圍,超出範圍,no_change
dnp3,dsEdit.dnp3.controlStatus.notParticipating,不會執行,不會執行,no_change
egauge,egauge.desc,EGAUGE資料來源,EGAUGE資料來源,no_change
egauge,dsEdit.egauge,EGAUGE,EGAUGE,no_change
egauge,dsEdit.egaugePoint,EGAUGE資料點,EGAUGE資料點,no_change
egauge,egauge.connDesc,URI：{0},URI：{0},no_change
egauge,dsEdit.egauge.uri,Uri,Uri,no_change
egauge,dsEdit.egauge.historyPeriods,歷史時期,歷史時期,no_change
egauge,dsEdit.egauge.retries,重試,重試,no_change
egauge,dsEdit.egauge.timeoutSeconds,逾時秒,逾時秒,no_change
egauge,dsEdit.egauge.tot,總寄存器,總寄存器,no_change
egauge,dsEdit.egauge.noTeam,沒有團隊記錄,沒有團隊記錄,no_change
egauge,dsEdit.egauge.teamstat,團隊身份,團隊身份,no_change
egauge,dsEdit.egauge.inst,瞬時讀數,瞬時讀數,no_change
egauge,dsEdit.egauge.createPoints,建立缺失點,建立缺失點,no_change
egauge,dsEdit.egauge.configurationCount,配置計數器,配置計數器,no_change
egauge,dsEdit.egauge.plConfigDesc,名稱：{0},名稱：{0},no_change
egauge,dsEdit.egauge.queryHistory,查詢歷史記錄,查詢歷史記錄,no_change
egauge,dsEdit.egauge.convertToKwh,轉換為kwh,轉換為kwh,no_change
egauge,dsEdit.egauge.interpolateInstantaneous,插入瞬時,插入瞬時,no_change
egauge,dsEdit.egauge.readBufferSizeMB,歷史緩衝尺寸（MB）,歷史緩衝尺寸（MB）,no_change
egauge,dsEdit.egauge.immediateReadBufferSizeMB,緩衝區（MB）,緩衝區（MB）,no_change
egauge,dsEdit.egauge.registerName,登記名稱,登記名稱,no_change
egauge,dsEdit.egauge.totallingRegister,總寄存器,總寄存器,no_change
egauge,dsEdit.egauge.registerType,註冊類型,註冊類型,no_change
egauge,dsEdit.egauge.cumulative,累積,累積,no_change
egauge,dsEdit.egauge.instantaneous,瞬間,瞬間,no_change
egauge,dsEdit.egauge.query,詢問,詢問,no_change
egauge,dsEdit.egauge.sequentialQuery,順序查詢,順序查詢,no_change
egauge,dsEdit.egauge.querying,查詢...,查詢...,no_change
egauge,dsEdit.egauge.mustEnable,必須啟用資料來源以進行歷史記錄查詢,必須啟用資料來源以進行歷史記錄查詢,no_change
egauge,dsEdit.egauge.historyParsed,解析{0}歷史資料行,解析{0}歷史資料行,no_change
egauge,dsEdit.egauge.multiplier,乘數,乘數,no_change
egauge,dsEdit.egauge.offset,抵消,抵消,no_change
egauge,dsEdit.egauge.historyPeriod,歷史開始,歷史開始,no_change
egauge,dsEdit.egauge.historyPeriodEnd,相對端,相對端,no_change
egauge,egauge.event.error,錯誤 -  {0},錯誤 -  {0},no_change
egauge,egauge.event.retrievalFailure,無法檢索資料,無法檢索資料,no_change
egauge,egauge.event.historyGap,檢測到點歷史的差距,檢測到點歷史的差距,no_change
egauge,egauge.event.teamCommunicationFailure,團隊溝通中斷,團隊溝通中斷,no_change
egauge,egauge.event.configuration,配置更改,配置更改,no_change
egauge,egauge.event.badResponse,不良響應：狀態代碼{1}，來自uri {0},不良響應：狀態代碼{1}，來自uri {0},no_change
egauge,egauge.event.parseError,錯誤解析號：{0},錯誤解析號：{0},no_change
egauge,egauge.event.parseMetaError,錯誤解析消息資訊在歷史記錄查詢中。,錯誤解析消息資訊在歷史記錄查詢中。,no_change
egauge,egauge.event.parseErrorBuffer,歷史查詢解析錯誤，緩衝區足夠大嗎？,歷史查詢解析錯誤，緩衝區足夠大嗎？,no_change
egauge,egauge.event.parseErrorEvent,解析錯誤,解析錯誤,no_change
egauge,egauge.event.licenseRestriction,執行許可限制,執行許可限制,no_change
egauge,egauge.event.jaxbError,錯誤刪除資料流。您的EGAUGE是否允許V1格式化？,錯誤刪除資料流。您的EGAUGE是否允許V1格式化？,no_change
egauge,egauge.validate.multiplierCannotBeZero,不能使用零乘數。,不能使用零乘數。,no_change
egauge,egauge.dox.egaugeDS,EGAUGE資料來源,EGAUGE資料來源,no_change
egauge,egauge.dox.egaugePP,EGAUGE點屬性,EGAUGE點屬性,no_change
envcands,envcands.description,來自加拿大環境環境網頁的資料來源的資料來源,來自加拿大環境環境網頁的資料來源的資料來源,no_change
envcands,envcands.desc,加拿大環境部,加拿大環境部,no_change
envcands,envcands.dsconn,站台ID {0},站台ID {0},no_change
envcands,envcands.stationId,站台ID,站台ID,no_change
envcands,dsEdit.envcands,Environment Canada,Environment Canada,no_change
envcands,dsEdit.envcandsPoint,Environment Canada Data Point,Environment Canada Data Point,no_change
envcands,envcands.attr,屬性,屬性,no_change
envcands,envcands.attr.temp,溫度,溫度,no_change
envcands,envcands.attr.dewPointTemp,露點溫度,露點溫度,no_change
envcands,envcands.attr.relHum,相對濕度,相對濕度,no_change
envcands,envcands.attr.windDir,風向,風向,no_change
envcands,envcands.attr.windSpeed,風速,風速,no_change
envcands,envcands.attr.visibility,能見度,能見度,no_change
envcands,envcands.attr.stnPress,站台壓力,站台壓力,no_change
envcands,envcands.attr.humidex,humidex,humidex,no_change
envcands,envcands.attr.windChill,風冷,風冷,no_change
envcands,envcands.attr.weather,天氣,天氣,no_change
envcands,envcands.retrievalError,錯誤檢索天氣資料：{1},錯誤檢索天氣資料：{1},no_change
envcands,envcands.dataStartTime,資料開始時間,資料開始時間,no_change
envcands,envcands.event.noTemperatureData,資料開始時間沒有站台的溫度資料。,資料開始時間沒有站台的溫度資料。,no_change
envcands,dox.envCanDS,Environment Canada Data Source,Environment Canada Data Source,no_change
envcands,dox.envCanPP,Environment Canada Point Properties,Environment Canada Point Properties,no_change
excelReports,excelreports.description,用於建立和編輯點Excel報告的頁面。,用於建立和編輯點Excel報告的頁面。,no_change
excelReports,excelreports.email,電子郵件,電子郵件,no_change
excelReports,excelreports.emailModelScript,電子郵件模型腳本,電子郵件模型腳本,no_change
excelReports,excelreports.emailRecipients,電子郵件收件人,電子郵件收件人,no_change
excelReports,excelreports.emport.point.missingAttr,報告點缺少屬性''{0}''',報告點缺少屬性''{0}''',no_change
excelReports,excelreports.emport.pointDNE,不存在帶有XID'{0}'的Excel報告點,不存在帶有XID'{0}'的Excel報告點,no_change
excelReports,excelreports.event.licenseBreach,Excel報告模塊建立了太多範本， Mango 將在{0}關閉，請刪除範本並重新啟動。,Excel報告模塊建立了太多範本， Mango 將在{0}關閉，請刪除範本並重新啟動。,no_change
excelReports,excelreports.event.licenseViolated,Excel Reports Module的範本比存在更少的範本許可。刪除範本以再次具有模塊功能。,Excel Reports Module的範本比存在更少的範本許可。刪除範本以再次具有模塊功能。,no_change
excelReports,excelreports.failureReason,失敗：{0},失敗：{0},no_change
excelReports,excelreports.finishedReports,完成 /過程中報告,完成 /過程中報告,no_change
excelReports,excelreports.license.limitReached,達到{0}的許可限制，您已經有{1}範本（S）,達到{0}的許可限制，您已經有{1}範本（S）,no_change
excelReports,excelreports.noInstances,沒有報告實體列出,沒有報告實體列出,no_change
excelReports,excelreports.noPoints,沒有新增點,沒有新增點,no_change
excelReports,excelreports.noRecipientsToList,沒有收件人列出,沒有收件人列出,no_change
excelReports,excelreports.noTemplates,沒有列出的範本,沒有列出的範本,no_change
excelReports,excelreports.noTimePeriods,沒有列出的時間段,沒有列出的時間段,no_change
excelReports,excelreports.notSpecified,未指定,未指定,no_change
excelReports,excelreports.postProcessingScript,後處理腳本,後處理腳本,no_change
excelReports,excelreports.reportRecords,記錄,記錄,no_change
excelReports,excelreports.reportState,狀態,狀態,no_change
excelReports,excelreports.reportState.timePeriodNotSpecified,未指定一個或多個時間段。,未指定一個或多個時間段。,no_change
excelReports,excelreports.reportState.queued,排隊,排隊,no_change
excelReports,excelreports.runDuration,執行持續時間（MS）,執行持續時間（MS）,no_change
excelReports,excelreports.runTimeStart,執行時間開始,執行時間開始,no_change
excelReports,excelreports.scheduleThisTemplate,安排此範本要定期執行,安排此範本要定期執行,no_change
excelReports,excelreports.specific,具體的,具體的,no_change
excelReports,excelreports.template,範本,範本,no_change
excelReports,excelreports.templateEditPermission,編輯權限,編輯權限,no_change
excelReports,excelreports.templateFile,範本檔案,範本檔案,no_change
excelReports,excelreports.templates,報告範本,報告範本,no_change
excelReports,excelreports.timePeriod,時間段,時間段,no_change
excelReports,excelreports.timePeriodName,時間段{0},時間段{0},no_change
excelReports,excelreports.timePeriods,時間段,時間段,no_change
excelReports,excelreports.timeValuesLocation,時間值的位置,時間值的位置,no_change
excelReports,excelreports.uploading,上傳{0},上傳{0},no_change
excelReports,excelreports.current,當前的,當前的,no_change
excelReports,excelreports.ago,前,前,no_change
excelReports,excelreports.timeSeries,時間序列,時間序列,no_change
excelReports,excelreports.scheduledReport,計劃報告 -  {0},計劃報告 -  {0},no_change
excelReports,excelreports.setPointAnnotation,Excel報告XID {0},Excel報告XID {0},no_change
excelReports,excelreports.runReport,執行並下載報告“ {0}”,執行並下載報告“ {0}”,no_change
excelReports,excelreports.errorRunningReport,錯誤執行報告：{0},錯誤執行報告：{0},no_change
excelReports,excelreports.runExcelReport,執行Excel報告,執行Excel報告,no_change
excelReports,excelreports.filesCount,已完成的Excel報告實體檔案的數量,已完成的Excel報告實體檔案的數量,no_change
excelReports,excelreports.filesSize,Excel報告目錄的磁盤大小（字節）,Excel報告目錄的磁盤大小（字節）,no_change
excelReports,excelreports.templateFilesCount,Excel報告範本的數量,Excel報告範本的數量,no_change
excelReports,excelreports.templateFilesSize,Excel報告範本的磁盤尺寸（字節）,Excel報告範本的磁盤尺寸（字節）,no_change
excelReports,excelreports.pointsSelected,選擇資料點（{0}當前​​選擇的點）,選擇資料點（{0}當前​​選擇的點）,no_change
excelReports,excelreports.validate.dateRangeMustBeSpecified,預定報告所需的日期範圍,預定報告所需的日期範圍,no_change
excelReports,excelreports.validate.invalidMailingList,無效的郵件列表,無效的郵件列表,no_change
excelReports,excelreports.validate.invalidRelativeDateType,無效的相對日期類型,無效的相對日期類型,no_change
excelReports,excelreports.validate.invalidRollup,無效的匯總設定,無效的匯總設定,no_change
excelReports,excelreports.validate.invalidTimePeriod,無效時間,無效時間,no_change
excelReports,excelreports.validate.nameCannotBeEmpty,名稱不能為空,名稱不能為空,no_change
excelReports,excelreports.validate.needPoint,至少必須新增一個點,至少必須新增一個點,no_change
excelReports,excelreports.validate.needRecip,必須至少新增一個收件人,必須至少新增一個收件人,no_change
excelReports,excelreports.validate.needFile,必須新增有效的Excel檔案,必須新增有效的Excel檔案,no_change
excelReports,excelreports.validate.needEmailTemplate,必須新增有效的電子郵件範本檔案,必須新增有效的電子郵件範本檔案,no_change
excelReports,excelreports.validate.needTimeSerie,必須至少新增一個時間段,必須至少新增一個時間段,no_change
excelReports,excelreports.validate.needNamedRange,時間值必須填充,時間值必須填充,no_change
excelReports,excelreports.validate.periodCountLessThan1,週期數不能小於1,週期數不能小於1,no_change
excelReports,excelreports.validate.rangeAlreadyAssigned,範圍與已分配的名稱{0},範圍與已分配的名稱{0},no_change
excelReports,excelreports.validate.rangeDoesNotExist,範本中不存在命名範圍,範本中不存在命名範圍,no_change
excelReports,excelreports.validate.reportFileDNE,未找到報告檔案,未找到報告檔案,no_change
excelReports,excelreports.validate.scriptError,腳本中的語法錯誤：{0},腳本中的語法錯誤：{0},no_change
excelReports,excelreports.validate.templateDNE,未找到報告範本檔案,未找到報告範本檔案,no_change
excelReports,excelreports.validate.templateFileError,範本檔案錯誤{0},範本檔案錯誤{0},no_change
excelReports,excelreports.validate.templateInvalidFileType,範本檔案不是Excel檔案,範本檔案不是Excel檔案,no_change
excelReports,excelreports.validate.userDNE,用戶不存在,用戶不存在,no_change
excelReports,excelreports.validate.unmatchedNamedRange,沒有兼容的名稱範圍為“ {0}'',沒有兼容的名稱範圍為“ {0}'',no_change
excelReports,excelreports.validate.invalidNamedRangePeriod,命名範圍'{0}'''無效，否'。 '',命名範圍'{0}'''無效，否'。 '',no_change
excelReports,excelreports.validate.invalidNamedRangeEmpty,不能有空名稱範圍,不能有空名稱範圍,no_change
excelReports,excelreports.validate.incompatibleRollupForDataType,點{0}的資料類型的不兼容匯總,點{0}的資料類型的不兼容匯總,no_change
excelReports,excelreports.emport.templateVoDNE,未找到的XID {0}的報告範本,未找到的XID {0}的報告範本,no_change
excelReports,excelreports.emport.specificRangeIncomplete,您必須指定年開始和結束的年，每月，每日，小時，分鐘和第二個,您必須指定年開始和結束的年，每月，每日，小時，分鐘和第二個,no_change
excelReports,excelreports.ui.activeReportTemplate,ActiveRePortTeptlate,ActiveRePortTeptlate,no_change
excelReports,excelreports.ui.inactiveReportTemplate,InactiverePortTepplate,InactiverePortTepplate,no_change
excelReports,excelreports.ui.editTemplate,編輯範本'{0}',編輯範本'{0}',no_change
excelReports,excelreports.ui.periodType,週期類型,週期類型,no_change
excelReports,excelreports.ui.periodCount,時期計數,時期計數,no_change
excelReports,excelreports.ui.rollup,滾動,滾動,no_change
excelReports,excelreports.ui.rollupType,滾動類型,滾動類型,no_change
excelReports,excelreports.ui.rollupPeriod,匯總期,匯總期,no_change
excelReports,excelreports.ui.locationForTimeValues,時間值的位置,時間值的位置,no_change
excelReports,excelreports.ui.exportId,導出ID（XID）,導出ID（XID）,no_change
excelReports,excelreports.ui.reportTemplateNotSaved,報告範本未保存 -  {0},報告範本未保存 -  {0},no_change
excelReports,excelreports.ui.reportTemplateDeleted,報告範本已刪除,報告範本已刪除,no_change
excelReports,excelreports.ui.reportTemplateNotDeleted,報告範本未刪除,報告範本未刪除,no_change
excelReports,excelreports.ui.confirmDeleteTemplate,刪除範本？,刪除範本？,no_change
excelReports,excelreports.ui.watch,手錶,手錶,no_change
excelReports,excelreports.ui.selectTemplateFile,選擇範本檔案,選擇範本檔案,no_change
excelReports,excelreports.ui.editNameAndPermissions,編輯名稱，XID和權限,編輯名稱，XID和權限,no_change
excelReports,excelreports.ui.showScript,顯示腳本,顯示腳本,no_change
excelReports,excelreports.ui.reportNotDeleted,報告未刪除,報告未刪除,no_change
excelReports,systemSettings.excelreports.purgeUsingSettings,現在使用清除設定清除報告？,現在使用清除設定清除報告？,no_change
excelReports,systemSettings.excelreports.workItemPriority,工作項目優先級,工作項目優先級,no_change
excelReports,systemSettings.excelreports.purgeSuccess,{刪除，複數，= 0 {none delete} = 1 {刪除1報告}其他{刪除＃Reports}}}},{刪除，複數，= 0 {none delete} = 1 {刪除1報告}其他{刪除＃Reports}}}},no_change
excelReports,permission.exception.excelreports.readReport,用戶''{0}''無權讀取報告,用戶''{0}''無權讀取報告,no_change
excelReports,permission.exception.excelreports.editReportTemplate,用戶''{0}''沒有權限編輯報告範本,用戶''{0}''沒有權限編輯報告範本,no_change
excelReports,permission.exception.excelreports.notReportTemplateOwner,用戶''{0}'不是報告範本所有者,用戶''{0}'不是報告範本所有者,no_change
excelReports,permission.exception.excelreports.notReportOwner,用戶'{0}'不是報告所有者,用戶'{0}'不是報告所有者,no_change
excelReports,excelReports.postProcessingUtility.sheetNotFound,{0}找不到,{0}找不到,no_change
excelReports,excelReports.postProcessingUtility.setSheetValue,將{0}設定為表格：{1}列：{2}行：{3},將{0}設定為表格：{1}列：{2}行：{3},no_change
excelReports,excelReports.postProcessingUtility.setNamedRangeValue,將{0}設定為範圍：{1},將{0}設定為範圍：{1},no_change
excelReports,excelReports.postProcessingUtility.namedRangeNotOpen,在寫入信之前必須致電opennamedrange,在寫入信之前必須致電opennamedrange,no_change
excelReports,excelReports.templateFileStore.description,Excel報告範本,Excel報告範本,no_change
excelReports,excelReports.fileStore.description,Excel報告,Excel報告,no_change
excelReports,excelReports.fileStoreWritePermission,excel報告檔案存儲寫入入許可,excel報告檔案存儲寫入入許可,no_change
excelReports,excelReports.fileStoreReadPermission,Excel報告檔案商店讀取許可,Excel報告檔案商店讀取許可,no_change
excelReports,excelReports.handler,Excel報告,Excel報告,no_change
excelReports,reports.handler.selectReportTemplates,選擇報告範本,選擇報告範本,no_change
galil,galil-ds.description,輪詢和控制Galil設備的資料來源,輪詢和控制Galil設備的資料來源,no_change
galil,dox.galilPP,Galil點特性,Galil點特性,no_change
galil,dox.galilDS,Galil資料來源,Galil資料來源,no_change
galil,dsEdit.galil,Galil DMC-21X2,Galil DMC-21X2,no_change
galil,dsEdit.galil.type,類型,類型,no_change
galil,dsEdit.galil.desc,Galil資料來源屬性,Galil資料來源屬性,no_change
galil,dsEdit.galil.host,主機,主機,no_change
galil,dsEdit.galil.port,埠號,埠號,no_change
galil,dsEdit.galil.timeout,逾時（MS）,逾時（MS）,no_change
galil,dsEdit.galil.retries,重試,重試,no_change
galil,dsEdit.galil.commandTesting,Galil命令測試,Galil命令測試,no_change
galil,dsEdit.galil.command,命令,命令,no_change
galil,dsEdit.galil.execute,執行命令,執行命令,no_change
galil,dsEdit.galil.pointType,點類型,點類型,no_change
galil,dsEdit.galil.pointType.command,命令,命令,no_change
galil,dsEdit.galil.pointType.input,輸入,輸入,no_change
galil,dsEdit.galil.pointType.output,輸出,輸出,no_change
galil,dsEdit.galil.pointType.tellPosition,告訴位置,告訴位置,no_change
galil,dsEdit.galil.pointType.variable,多變的,多變的,no_change
galil,dsEdit.galil.inputNumber,輸入號,輸入號,no_change
galil,dsEdit.galil.scaleLow,縮放原始低數值,縮放原始低數值,no_change
galil,dsEdit.galil.scaleHigh,縮放原始高數值,縮放原始高數值,no_change
galil,dsEdit.galil.engLow,比例工程單位低數值,比例工程單位低數值,no_change
galil,dsEdit.galil.engHigh,比例工程單位高數值,比例工程單位高數值,no_change
galil,dsEdit.galil.outputNumber,輸出編號,輸出編號,no_change
galil,dsEdit.galil.axis,軸,軸,no_change
galil,dsEdit.galil.round,圓向整數,圓向整數,no_change
galil,dsEdit.galil.varName,可變名稱,可變名稱,no_change
galil,dsEdit.galil.tester.timeout,（在要求期間逾時）,（在要求期間逾時）,no_change
galil,dsEdit.galil.tester.noResponse,（錯誤響應）,（錯誤響應）,no_change
galil,event.galil.errorResponse,{0}點的錯誤響應,{0}點的錯誤響應,no_change
galil,event.galil.parsingError,錯誤的解析響應{0}，響應= {1},錯誤的解析響應{0}，響應= {1},no_change
galil,event.galil.setRequest,無法建立點{0}的設定請求，value = {1},無法建立點{0}的設定請求，value = {1},no_change
galil,event.galil.setResponse,set Point {0}的錯誤響應,set Point {0}的錯誤響應,no_change
galil,event.galil.sendError,錯誤設定點{0}：{1},錯誤設定點{0}：{1},no_change
galil,event.galil.connectionError,Galil連接中的例外：{0},Galil連接中的例外：{0},no_change
galil,event.galil.unexpected,意外結果，結果= {0},意外結果，結果= {0},no_change
galil,event.galil.numericParse,錯誤解析到數字：{0},錯誤解析到數字：{0},no_change
galil,event.galil.setPointFailed,無法設定點{0}：{1},無法設定點{0}：{1},no_change
galil,validate.axis.invalid,必須是A，B，C，D，E，F，G或H之一,必須是A，B，C，D，E，F，G或H之一,no_change
graphicalViews,graphicalViews.description,新增了使用拖放接口建立點的圖形視圖的能力。,新增了使用拖放接口建立點的圖形視圖的能力。,no_change
graphicalViews,header.views,圖形視圖,圖形視圖,no_change
graphicalViews,dox.editingGraphicalViews,編輯圖形視圖,編輯圖形視圖,no_change
graphicalViews,dox.pointViewSettingsEditor,點視圖設定編輯器,點視圖設定編輯器,no_change
graphicalViews,dox.graphicalViews,圖形視圖,圖形視圖,no_change
graphicalViews,dox.viewSharing,檢視共享,檢視共享,no_change
graphicalViews,dox.serversidescriptexamples,伺服器端腳本示例,伺服器端腳本示例,no_change
graphicalViews,views.title,圖形視圖,圖形視圖,no_change
graphicalViews,views.newView,新視圖,新視圖,no_change
graphicalViews,views.noViews,您尚未建立任何圖形視圖。建立一個<a href =“ view_edit.shtm”>現在</a>。,您尚未建立任何圖形視圖。建立一個<a href =“ view_edit.shtm”>現在</a>。,no_change
graphicalViews,viewEdit.editView,編輯視圖,編輯視圖,no_change
graphicalViews,viewEdit.deleteView,將自己從視圖的共享列表中刪除,將自己從視圖的共享列表中刪除,no_change
graphicalViews,viewEdit.viewProperties,檢視屬性,檢視屬性,no_change
graphicalViews,viewEdit.name,名稱,名稱,no_change
graphicalViews,viewEdit.background,背景圖像,背景圖像,no_change
graphicalViews,viewEdit.upload,上傳圖像,上傳圖像,no_change
graphicalViews,viewEdit.clearImage,清晰的圖像,清晰的圖像,no_change
graphicalViews,viewEdit.anonymous,匿名存取,匿名存取,no_change
graphicalViews,viewEdit.viewComponents,成分,成分,no_change
graphicalViews,viewEdit.addViewComponent,新增組件以檢視,新增組件以檢視,no_change
graphicalViews,viewEdit.editPointView,編輯點組件設定,編輯點組件設定,no_change
graphicalViews,viewEdit.editGraphicalRenderer,編輯圖形渲染器,編輯圖形渲染器,no_change
graphicalViews,viewEdit.deletePointView,刪除點組件,刪除點組件,no_change
graphicalViews,viewEdit.editStaticView,編輯靜態內容,編輯靜態內容,no_change
graphicalViews,viewEdit.deleteStaticView,刪除靜態內容,刪除靜態內容,no_change
graphicalViews,viewEdit.iconify,Iconify組件,Iconify組件,no_change
graphicalViews,viewEdit.chooseImage,請選擇要上傳的圖像,請選擇要上傳的圖像,no_change
graphicalViews,viewEdit.confirmDelete,您確定要刪除此圖形視圖嗎？,您確定要刪除此圖形視圖嗎？,no_change
graphicalViews,viewEdit.confirmSaved,圖形視圖已保存,圖形視圖已保存,no_change
graphicalViews,viewEdit.settings.editor,設定編輯器,設定編輯器,no_change
graphicalViews,viewEdit.settings.point,點,點,no_change
graphicalViews,viewEdit.settings.nameOverride,點名稱覆蓋,點名稱覆蓋,no_change
graphicalViews,viewEdit.settings.settableOverride,可設定的覆蓋,可設定的覆蓋,no_change
graphicalViews,viewEdit.settings.background,背景顏色,背景顏色,no_change
graphicalViews,viewEdit.settings.displayControls,顯示控件,顯示控件,no_change
graphicalViews,viewEdit.settings.updatePeriod,更新期,更新期,no_change
graphicalViews,viewEdit.graphic.editor,圖形渲染器編輯器,圖形渲染器編輯器,no_change
graphicalViews,viewEdit.graphic.displayText,顯示文字,顯示文字,no_change
graphicalViews,viewEdit.graphic.imageSet,圖像集,圖像集,no_change
graphicalViews,viewEdit.graphic.dynamicImage,動態圖像,動態圖像,no_change
graphicalViews,viewEdit.graphic.imageSample,圖像樣本,圖像樣本,no_change
graphicalViews,viewEdit.graphic.images,圖像,圖像,no_change
graphicalViews,viewEdit.graphic.zero,零圖像,零圖像,no_change
graphicalViews,viewEdit.graphic.one,一張圖像,一張圖像,no_change
graphicalViews,viewEdit.graphic.state,圖像/狀態分配,圖像/狀態分配,no_change
graphicalViews,viewEdit.graphic.image,圖像,圖像,no_change
graphicalViews,viewEdit.graphic.stateList,狀態列表,狀態列表,no_change
graphicalViews,viewEdit.graphic.default,預設,預設,no_change
graphicalViews,viewEdit.graphic.min,最小,最小,no_change
graphicalViews,viewEdit.graphic.max,最大限度,最大限度,no_change
graphicalViews,viewEdit.graphic.scale,比例百分比,比例百分比,no_change
graphicalViews,viewEdit.graphic.script,腳本,腳本,no_change
graphicalViews,viewEdit.graphic.displayPointName,顯示點名稱,顯示點名稱,no_change
graphicalViews,viewEdit.graphic.styleAttribute,樣式屬性,樣式屬性,no_change
graphicalViews,viewEdit.graphic.missingImageSet,您必須選擇一個圖像集,您必須選擇一個圖像集,no_change
graphicalViews,viewEdit.graphic.missingDynamicImage,您必須選擇動態圖像,您必須選擇動態圖像,no_change
graphicalViews,viewEdit.graphic.missingZeroImage,必須選擇零圖像,必須選擇零圖像,no_change
graphicalViews,viewEdit.graphic.missingOneImage,必須選擇一個圖像,必須選擇一個圖像,no_change
graphicalViews,viewEdit.graphic.missingDefault,必須選擇預設圖像,必須選擇預設圖像,no_change
graphicalViews,viewEdit.graphic.invalidState,無可避免的狀態數值,無可避免的狀態數值,no_change
graphicalViews,viewEdit.graphic.missingMin,必須輸入最小,必須輸入最小,no_change
graphicalViews,viewEdit.graphic.missingMax,最大必須輸入,最大必須輸入,no_change
graphicalViews,viewEdit.graphic.invalidMinMax,最小必須小於最大,最小必須小於最大,no_change
graphicalViews,viewEdit.graphic.missingScale,必須輸入比例百分比,必須輸入比例百分比,no_change
graphicalViews,viewEdit.graphic.invalidScale,比例百分比不能小於1,比例百分比不能小於1,no_change
graphicalViews,viewEdit.graphic.missingScript,必須輸入腳本,必須輸入腳本,no_change
graphicalViews,viewEdit.graphic.noConfig,此渲染器沒有配置,此渲染器沒有配置,no_change
graphicalViews,viewEdit.static.editor,靜態內容編輯器,靜態內容編輯器,no_change
graphicalViews,viewEdit.compound.editor,複合組件編輯器,複合組件編輯器,no_change
graphicalViews,viewEdit.compound.name,名稱,名稱,no_change
graphicalViews,viewEdit.compound.backgroundColour,背景顏色,背景顏色,no_change
graphicalViews,viewEdit.compound.width,寬度,寬度,no_change
graphicalViews,viewEdit.compound.height,高度,高度,no_change
graphicalViews,viewEdit.compound.duration,期間,期間,no_change
graphicalViews,viewEdit.permissions,權限,權限,no_change
graphicalViews,viewEdit.permissions.edit,編輯,編輯,no_change
graphicalViews,viewEdit.permissions.read,讀,讀,no_change
graphicalViews,viewEdit.permissions.set,放,放,no_change
graphicalViews,viewEdit.validate.ungrantedPermissionRemoved,無法刪除您尚未擁有的權限：{0},無法刪除您尚未擁有的權限：{0},no_change
graphicalViews,emport.view.prefix,檢視''{0}''：{1},檢視''{0}''：{1},no_change
graphicalViews,emport.view.missingType,使用Xid''{0}''檢視尚不存在，並且沒有“類型”值。有效類型是{1},使用Xid''{0}''檢視尚不存在，並且沒有“類型”值。有效類型是{1},no_change
graphicalViews,emport.error.viewShare.missing,缺少''{0}''在視圖共享中,缺少''{0}''在視圖共享中,no_change
graphicalViews,share.noViewUsers,此點當前未共享,此點當前未共享,no_change
graphicalViews,publicView.notFound,未找到指定的視圖或無法匿名檢視。您是否具有正確的ViewID，ViewName或ViewXid參數？,未找到指定的視圖或無法匿名檢視。您是否具有正確的ViewID，ViewName或ViewXid參數？,no_change
graphicalViews,graphic.analogGraphic,類比圖形,類比圖形,no_change
graphicalViews,graphic.binaryGraphic,二進製圖形,二進製圖形,no_change
graphicalViews,graphic.multistateGraphic,多標圖,多標圖,no_change
graphicalViews,graphic.thumbnailImage,縮略圖圖像,縮略圖圖像,no_change
graphicalViews,graphic.dynamicGraphic,動態圖形,動態圖形,no_change
graphicalViews,graphic.script,伺服器端腳本,伺服器端腳本,no_change
graphicalViews,graphic.simple,簡單的點,簡單的點,no_change
graphicalViews,graphic.simpleImage,圖像,圖像,no_change
graphicalViews,graphic.html,HTML,HTML,no_change
graphicalViews,graphic.wirelessTempHumSensor,無線溫度/濕度傳感器,無線溫度/濕度傳感器,no_change
graphicalViews,graphic.wirelessTempHumSensor.staticText,靜態文字,靜態文字,no_change
graphicalViews,graphic.wirelessTempHumSensor.battery,電池,電池,no_change
graphicalViews,graphic.wirelessTempHumSensor.signal,訊號,訊號,no_change
graphicalViews,graphic.wirelessTempHumSensor.temperature,溫度,溫度,no_change
graphicalViews,graphic.wirelessTempHumSensor.humidity,濕度,濕度,no_change
graphicalViews,graphic.simpleCompound,簡單化合物,簡單化合物,no_change
graphicalViews,graphic.simpleCompound.leadPoint,牽頭,牽頭,no_change
graphicalViews,graphic.simpleCompound.subPoint1,子點1,子點1,no_change
graphicalViews,graphic.simpleCompound.subPoint2,子點2,子點2,no_change
graphicalViews,graphic.simpleCompound.subPoint3,子點3,子點3,no_change
graphicalViews,graphic.simpleCompound.subPoint4,子點4,子點4,no_change
graphicalViews,graphic.simpleCompound.subPoint5,子點5,子點5,no_change
graphicalViews,graphic.simpleCompound.subPoint6,子點6,子點6,no_change
graphicalViews,graphic.simpleCompound.subPoint7,子點7,子點7,no_change
graphicalViews,graphic.simpleCompound.subPoint8,子點8,子點8,no_change
graphicalViews,graphic.simpleCompound.subPoint9,子點9,子點9,no_change
graphicalViews,graphic.simpleCompound.subPoint10,子點10,子點10,no_change
graphicalViews,graphic.imageChart,圖像圖,圖像圖,no_change
graphicalViews,graphic.imageChart.point1,點1,點1,no_change
graphicalViews,graphic.imageChart.point2,點2,點2,no_change
graphicalViews,graphic.imageChart.point3,點3,點3,no_change
graphicalViews,graphic.imageChart.point4,點4,點4,no_change
graphicalViews,graphic.imageChart.point5,點5,點5,no_change
graphicalViews,graphic.imageChart.point6,點6,點6,no_change
graphicalViews,graphic.imageChart.point7,點7,點7,no_change
graphicalViews,graphic.imageChart.point8,點8,點8,no_change
graphicalViews,graphic.imageChart.point9,點9,點9,no_change
graphicalViews,graphic.imageChart.point10,點10,點10,no_change
graphicalViews,graphic.permission.view,圖形視圖權限,圖形視圖權限,no_change
graphicalViews,graphic.permission.upload,圖形視圖上傳權限,圖形視圖上傳權限,no_change
graphicalViews,graphic.permission.addView,圖形視圖新增視圖權限,圖形視圖新增視圖權限,no_change
graphicalViews,graphic.permission.noUploadAccess,沒有上傳許可,沒有上傳許可,no_change
graphicalViews,emport.error.component.incompatibleDataType,帶有“ XID”'''''{0}'的資料點具有與視圖組件類型不兼容的資料類型'{1}'''{1}''',帶有“ XID”'''''{0}'的資料點具有與視圖組件類型不兼容的資料類型'{1}'''{1}''',no_change
graphicalViews,emport.error.compound.invalidChildId,對於類型'{1}''的複合視圖組件，無效的子ID'{0}'''。有效ID是{2},對於類型'{1}''的複合視圖組件，無效的子ID'{0}'''。有效ID是{2},no_change
graphicalViews,emport.error.component.unknownDynamicImage,找不到動態圖像ID'{0}''。已知的動態圖像ID為{1},找不到動態圖像ID'{0}''。已知的動態圖像ID為{1},no_change
graphicalViews,emport.error.component.unknownImageSet,圖像設定ID''{0}'找不到。已知的圖像集ID為{1},圖像設定ID''{0}'找不到。已知的圖像集ID為{1},no_change
graphicalViews,emport.error.component.imageIndex,圖像索引{0}對於圖像集'{1}''太高。有效值為0至{2},圖像索引{0}對於圖像集'{1}''太高。有效值為0至{2},no_change
graphicalViews,emport.error.component.missing,檢視組件必須具有'{0}''。有效值為{1},檢視組件必須具有'{0}''。有效值為{1},no_change
graphicalViews,emport.error.component.invalid,視圖組件具有無效的'{0}'''{1}''的值。有效值為{2},視圖組件具有無效的'{0}'''{1}''的值。有效值為{2},no_change
graphicalViews,emport.error.component.imageChart.missing,圖像圖組件必須具有'{0}''。有效值為{1},圖像圖組件必須具有'{0}''。有效值為{1},no_change
graphicalViews,emport.error.component.imageChart.invalid,圖像圖組件具有無效的'{0}'''{1}''的值。有效值為{2},圖像圖組件具有無效的'{0}'''{1}''的值。有效值為{2},no_change
graphicalViews,viewEdit.copyView,複製視圖,複製視圖,no_change
http,http.description,HTTP協議的資料來源和發布者,HTTP協議的資料來源和發布者,no_change
http,dox.httpSenderPublishing,HTTP發送者出版,HTTP發送者出版,no_change
http,dox.httpRetrieverDS,HTTP檢索資料來源,HTTP檢索資料來源,no_change
http,dox.httpRetrieverPP,http檢索點屬性,http檢索點屬性,no_change
http,dox.httpReceiverDS,HTTP接收器資料來源,HTTP接收器資料來源,no_change
http,dox.httpReceiverPP,HTTP接收方屬性,HTTP接收方屬性,no_change
http,dox.httpJsonReceiverDS,HTTP JSON接收器資料來源,HTTP JSON接收器資料來源,no_change
http,dox.httpJsonReceiverPP,HTTP JSON接收器點屬性,HTTP JSON接收器點屬性,no_change
http,dox.httpJsonRetrieverDS,HTTP JSON RETRIEVER資料來源,HTTP JSON RETRIEVER資料來源,no_change
http,dox.httpJsonRetrieverPP,http json回收者點屬性,http json回收者點屬性,no_change
http,dox.httpImageDS,HTTP圖像資料來源,HTTP圖像資料來源,no_change
http,dox.httpImagePP,HTTP圖像點屬性,HTTP圖像點屬性,no_change
http,dsEdit.httpImage,HTTP圖像,HTTP圖像,no_change
http,dsEdit.httpImagePoint,HTTP圖像資料點,HTTP圖像資料點,no_change
http,dsEdit.httpImage.dsconn,圖像流每個{0},圖像流每個{0},no_change
http,dsEdit.httpImage.desc,HTTP圖像屬性,HTTP圖像屬性,no_change
http,dsEdit.httpImage.url,URL,URL,no_change
http,dsEdit.httpImage.openUrl,打開URL,打開URL,no_change
http,dsEdit.httpImage.timeout,逾時（秒）,逾時（秒）,no_change
http,dsEdit.httpImage.retries,重試,重試,no_change
http,dsEdit.httpImage.scalingType,縮放類型,縮放類型,no_change
http,dsEdit.httpImage.scalingType.none,沒有任何,沒有任何,no_change
http,dsEdit.httpImage.scalingType.percent,百分比,百分比,no_change
http,dsEdit.httpImage.scalingType.box,盒子,盒子,no_change
http,dsEdit.httpImage.scalePercent,比例百分比,比例百分比,no_change
http,dsEdit.httpImage.scaleWidth,比例寬度,比例寬度,no_change
http,dsEdit.httpImage.scaleHeight,比例高度,比例高度,no_change
http,dsEdit.httpImage.readLimit,讀取限制（KB）,讀取限制（KB）,no_change
http,dsEdit.httpImage.liveFeed,網路攝像頭實時供稿代碼,網路攝像頭實時供稿代碼,no_change
http,dsEdit.httpImage.overlayPoints,覆蓋點,覆蓋點,no_change
http,dsEdit.httpImage.vaildate.overlayPointDNE,覆蓋資料點不存在,覆蓋資料點不存在,no_change
http,dsEdit.httpImage.vaildate.pointPermissions,用戶{0}沒有XID覆蓋點的權限：{1},用戶{0}沒有XID覆蓋點的權限：{1},no_change
http,dsEdit.httpImage.noOverlayPoints,未選擇覆蓋點,未選擇覆蓋點,no_change
http,dsEdit.httpReceiver,HTTP接收器,HTTP接收器,no_change
http,dsEdit.httpReceiverPoint,HTTP接收器資料點,HTTP接收器資料點,no_change
http,dsEdit.httpReceiver.dsconn,{0},{0},no_change
http,dsEdit.httpReceiver.dsconn.blocked,（被阻止）,（被阻止）,no_change
http,dsEdit.httpReceiver.dsconn.combo,（遠端IP和設備ID過濾）,（遠端IP和設備ID過濾）,no_change
http,dsEdit.httpReceiver.dpconn,參數：{0},參數：{0},no_change
http,dsEdit.httpReceiver,HTTP接收器,HTTP接收器,no_change
http,dsEdit.httpReceiver.containsIpMask,列表已經包含IP掩碼,列表已經包含IP掩碼,no_change
http,dsEdit.httpReceiver.containsDeviceMask,列表已經包含設備ID蒙版,列表已經包含設備ID蒙版,no_change
http,dsEdit.httpReceiver.listening,聽...,聽...,no_change
http,dsEdit.httpReceiver.source,來源,來源,no_change
http,dsEdit.httpReceiver.deviceId,設備ID,設備ID,no_change
http,dsEdit.httpReceiver.time,時間,時間,no_change
http,dsEdit.httpReceiver.parameter,範圍,範圍,no_change
http,dsEdit.httpReceiver.json,JSON,JSON,no_change
http,dsEdit.httpReceiver.desc,HTTP接收器屬性,HTTP接收器屬性,no_change
http,dsEdit.httpReceiver.ipWhiteList,遠端IP白名單,遠端IP白名單,no_change
http,dsEdit.httpReceiver.noIpAddresses,沒有定義的IP地址,沒有定義的IP地址,no_change
http,dsEdit.httpReceiver.deviceWhiteList,設備ID白名單,設備ID白名單,no_change
http,dsEdit.httpReceiver.noDevices,沒有定義的設備ID,沒有定義的設備ID,no_change
http,dsEdit.httpReceiver.receiverListener,HTTP接收器監聽器,HTTP接收器監聽器,no_change
http,dsEdit.httpReceiver.startListener,收聽HTTP資料,收聽HTTP資料,no_change
http,dsEdit.httpReceiver.httpParamName,HTTP參數名稱,HTTP參數名稱,no_change
http,dsEdit.httpReceiver.binaryZeroValue,二進制0值,二進制0值,no_change
http,dsEdit.httpReceiver.tester.listening,聽...,聽...,no_change
http,dsEdit.httpReceiver.tester.auto,自動駛去,自動駛去,no_change
http,dsEdit.httpReceiver.tester.whiteList,錯誤檢查白名單：{0},錯誤檢查白名單：{0},no_change
http,dsEdit.httpReceiver.tester.data,收到的資料,收到的資料,no_change
http,dsEdit.httpReceiver.setFormat,設定格式,設定格式,no_change
http,dsEdit.httpReceiver.legacySetFormat,舊式設定格式,舊式設定格式,no_change
http,dsEdit.httpReceiver.publisherSetFormat,發布者集格式,發布者集格式,no_change
http,dsEdit.httpReceiver.timeout,逾時（毫秒）,逾時（毫秒）,no_change
http,dsEdit.httpReceiver.expiry,到期（毫秒）,到期（毫秒）,no_change
http,dsEdit.httpReceiver.listenerCancelled,監聽器已取消,監聽器已取消,no_change
http,dsEdit.httpJsonReceiver,HTTP JSON接收器,HTTP JSON接收器,no_change
http,dsEdit.httpJsonReceiverPoint,HTTP JSON接收器資料點,HTTP JSON接收器資料點,no_change
http,dsEdit.httpJsonReceiver.desc,HTTP JSON接收器屬性,HTTP JSON接收器屬性,no_change
http,dsEdit.httpJsonReceiver.deviceIdentifierKey,設備標識符鍵,設備標識符鍵,no_change
http,dsEdit.httpJsonReceiver.deviceIdentifier,設備標識符,設備標識符,no_change
http,dsEdit.httpJsonReceiver.timestampIdentifier,時間戳標識符,時間戳標識符,no_change
http,dsEdit.httpJsonReceiver.receiverListener,HTTP JSON接收器監聽器,HTTP JSON接收器監聽器,no_change
http,dsEdit.httpJsonReceiver.receiveType,HTTP JSON接收器類型,HTTP JSON接收器類型,no_change
http,dsEdit.httpJsonReceiver.jsonPointerInvalid,無效的JSON指針：{0},無效的JSON指針：{0},no_change
http,dsEdit.httpJsonReceiver.timeout,逾時（毫秒）,逾時（毫秒）,no_change
http,dsEdit.httpJsonReceiver.expiry,到期（毫秒）,到期（毫秒）,no_change
http,dsEdit.httpRetriever,HTTP檢索員,HTTP檢索員,no_change
http,dsEdit.httpRetrieverPoint,HTTP檢索器點,HTTP檢索器點,no_change
http,dsEdit.httpRetriever.dpconn,正規表示式：{0},正規表示式：{0},no_change
http,dsEdit.httpRetriever.regex,正規表示式,正規表示式,no_change
http,dsEdit.httpRetriever.binaryZeroValue,二進制0值,二進制0值,no_change
http,dsEdit.httpRetriever.numberFormat,數字格式,數字格式,no_change
http,dsEdit.httpRetriever.desc,HTTP檢索屬性,HTTP檢索屬性,no_change
http,dsEdit.httpRetriever.url,URL,URL,no_change
http,dsEdit.httpRetriever.openUrl,打開URL,打開URL,no_change
http,dsEdit.httpRetriever.timeout,逾時（秒）,逾時（秒）,no_change
http,dsEdit.httpRetriever.retries,重試,重試,no_change
http,dsEdit.httpRetriever.valueRegex,數值正規表示式,數值正規表示式,no_change
http,dsEdit.httpRetriever.testValue,測試值參數,測試值參數,no_change
http,dsEdit.httpRetriever.ignoreIfMissing,如果缺少，請忽略,如果缺少，請忽略,no_change
http,dsEdit.httpRetriever.timeRegex,時間正規表示式,時間正規表示式,no_change
http,dsEdit.httpRetriever.testTime,測試時間參數,測試時間參數,no_change
http,dsEdit.httpRetriever.timeFormat,時間格式,時間格式,no_change
http,dsEdit.httpRetriever.valueGroup,數值擷取組,數值擷取組,no_change
http,dsEdit.httpRetriever.timeGroup,時間擷取組,時間擷取組,no_change
http,dsEdit.httpRetriever.validateValue,驗證值,驗證值,no_change
http,dsEdit.httpRetriever.validateTime,驗證時間,驗證時間,no_change
http,dsEdit.httpRetriever.validationError,驗證錯誤 -  {0},驗證錯誤 -  {0},no_change
http,dsEdit.httpJsonRetriever,HTTP JSON獵犬,HTTP JSON獵犬,no_change
http,dsEdit.httpJsonRetrieverPoint,HTTP JSON獵犬點,HTTP JSON獵犬點,no_change
http,dsEdit.httpJsonRetriever.desc,HTTP JSON RETRIEVER屬性,HTTP JSON RETRIEVER屬性,no_change
http,dsEdit.httpJsonRetriever.dpconn,JSON：{0},JSON：{0},no_change
http,dsEdit.httpJsonRetriever.valueJsonPointer,數值JSON指針,數值JSON指針,no_change
http,dsEdit.httpJsonRetriever.validateValueJsonPointer,驗證數值JSON指針,驗證數值JSON指針,no_change
http,dsEdit.httpJsonRetriever.timeJsonPointer,時間JSON指針,時間JSON指針,no_change
http,dsEdit.httpJsonRetriever.validateTimeJsonPointer,驗證時間JSON指針,驗證時間JSON指針,no_change
http,http.dsEdit.setPointUrl,設定點URL,設定點URL,no_change
http,http.dsEdit.setPointName,設定點名稱,設定點名稱,no_change
http,http.dsEdit.receiveType,接收類型,接收類型,no_change
http,publisherEdit.httpSender,HTTP發件人,HTTP發件人,no_change
http,publisherEdit.httpSender.keyRequired,需要鑰匙,需要鑰匙,no_change
http,publisherEdit.httpSender.keyExists,密鑰已經存在,密鑰已經存在,no_change
http,publisherEdit.httpSender.removeParam,從列表中刪除參數,從列表中刪除參數,no_change
http,publisherEdit.httpSender.sending,發送...,發送...,no_change
http,publisherEdit.httpSender.noResponseData,（無響應資料）,（無響應資料）,no_change
http,publisherEdit.httpSender.props,HTTP發送者屬性,HTTP發送者屬性,no_change
http,publisherEdit.httpSender.method,方法,方法,no_change
http,publisherEdit.httpSender.contentType,內容類型,內容類型,no_change
http,publisherEdit.httpSender.url,URL,URL,no_change
http,publisherEdit.httpSender.staticHeaders,靜態標頭,靜態標頭,no_change
http,publisherEdit.httpSender.headerKey,標題名稱,標題名稱,no_change
http,publisherEdit.httpSender.headerValue,標題值,標題值,no_change
http,publisherEdit.httpSender.addStaticHeader,新增標題,新增標題,no_change
http,publisherEdit.httpSender.noStaticHeaders,沒有標題定義,沒有標題定義,no_change
http,publisherEdit.httpSender.staticParams,靜態URL查詢參數,靜態URL查詢參數,no_change
http,publisherEdit.httpSender.paramKey,URL查詢參數,URL查詢參數,no_change
http,publisherEdit.httpSender.paramValue,URL查詢參數值,URL查詢參數值,no_change
http,publisherEdit.httpSender.addStaticParam,新增URL查詢參數,新增URL查詢參數,no_change
http,publisherEdit.httpSender.noStaticParams,未定義的網址查詢參數,未定義的網址查詢參數,no_change
http,publisherEdit.httpSender.raiseResultWarning,提高結果警告,提高結果警告,no_change
http,publisherEdit.httpSender.sendTest,HTTP發送測試,HTTP發送測試,no_change
http,publisherEdit.httpSender.sendStaticParams,發送靜態資料,發送靜態資料,no_change
http,publisherEdit.httpSender.cancel,取消,取消,no_change
http,publisherEdit.httpSender.point.param,URL查詢參數,URL查詢參數,no_change
http,publisherEdit.httpSender.point.timestamp,包括時間戳,包括時間戳,no_change
http,publisherEdit.httpSender.dateFormat,日期格式,日期格式,no_change
http,publisherEdit.httpSender.dateFormat.basic,基本的,基本的,no_change
http,publisherEdit.httpSender.dateFormat.tz,時區,時區,no_change
http,publisherEdit.httpSender.dateFormat.utc,世界標準時間,世界標準時間,no_change
http,publisherEdit.httpSender.noContentType,沒有（沒有請求主體）,沒有（沒有請求主體）,no_change
http,event.httpImage.retrievalError,錯誤檢索圖像“ {0}”：{1},錯誤檢索圖像“ {0}”：{1},no_change
http,event.httpImage.scalingError,錯誤縮放圖像：{0},錯誤縮放圖像：{0},no_change
http,event.httpImage.saveError,錯誤保存圖像資料：{0},錯誤保存圖像資料：{0},no_change
http,event.httpImage.overlayError,錯誤疊加點：{0},錯誤疊加點：{0},no_change
http,event.httpImage.overlayPointError,帶有XID的錯誤疊加點：{0}，因為{1},帶有XID的錯誤疊加點：{0}，因為{1},no_change
http,event.httpRetriever.retrievalError,錯誤檢索頁面“ {0}”：{1},錯誤檢索頁面“ {0}”：{1},no_change
http,event.http.response,來自“ {0}”的無效響應：{1},來自“ {0}”的無效響應：{1},no_change
http,event.httpJsonRetriever.parseException,錯誤解析JSON：''{0}'',錯誤解析JSON：''{0}'',no_change
http,event.httpJsonRetriever.parseForPoint,{0} for Point {1},{0} for Point {1},no_change
http,event.httpJsonRetriever.missingNode,[缺少節點],[缺少節點],no_change
http,event.httpJsonRetriever.parseTimestampFailed,時間戳是不可放置的，值= {0},時間戳是不可放置的，值= {0},no_change
http,event.httpJsonRetriever.parseAlphanumericFailed,值不適合字母數字，值= {0},值不適合字母數字，值= {0},no_change
http,event.httpJsonRetriever.parseBinaryFailed,值不可證明二進制，值= {0},值不可證明二進制，值= {0},no_change
http,event.httpJsonRetriever.parseMultistateFailed,值不適合多態，值= {0},值不適合多態，值= {0},no_change
http,event.httpJsonRetriever.parseNumericFailed,值不可證明為數字，值= {0},值不可證明為數字，值= {0},no_change
http,http.validate.noSetPointUrl,資料來源中沒有設定點URL,資料來源中沒有設定點URL,no_change
http,event.pb.httpSend,HTTP發送異常,HTTP發送異常,no_change
http,http.event.setPointFailure,異常設定點''{0}''with url''{1}''：{2},異常設定點''{0}''with url''{1}''：{2},no_change
http,http.event.setPointBadResponse,無效響應代碼{0}設定點''{1}'with url''{2}''',無效響應代碼{0}設定點''{1}'with url''{2}''',no_change
http,http.event.errorReadingObject,錯誤解析JSON對象：{0},錯誤解析JSON對象：{0},no_change
http,http.event.notJsonObject,收到的數值不是JSON對象,收到的數值不是JSON對象,no_change
http,http.event.dataTypeError,錯誤讀取參數''{0}''上的資料點{1}，資料類型不符合,錯誤讀取參數''{0}''上的資料點{1}，資料類型不符合,no_change
http,httpSender.invalidUrl,無效的語法,無效的語法,no_change
http,httpSender.jsonMustPost,只能在帖子中發送JSON主體,只能在帖子中發送JSON主體,no_change
http,event.ds.setPointFail,設定點失敗,設定點失敗,no_change
http,event.ds.jsonReadFail,JSON讀取失敗,JSON讀取失敗,no_change
internal,internal.description,讀取內部系統資料的狀態頁面和資料來源,讀取內部系統資料的狀態頁面和資料來源,no_change
internal,dsEdit.internal.tools,DS內部工具,DS內部工具,no_change
internal,dsEdit.internalPoint,內點,內點,no_change
internal,dsEdit.internal.createPointsPattern,建立點模式,建立點模式,no_change
internal,internal.missingMonitor,缺少ID {0}的顯示器,缺少ID {0}的顯示器,no_change
internal,internal.id,ID,ID,no_change
internal,internal.thread.cpuTime,CPU時間,CPU時間,no_change
internal,internal.thread.tenSecCpuTime,10秒CPU時間,10秒CPU時間,no_change
internal,internal.thread.state,狀態,狀態,no_change
internal,internal.thread.location,地點,地點,no_change
internal,internal.thread.count,數數：,數數：,no_change
internal,internal.workItems,工作項目,工作項目,no_change
internal,internal.queue.stats,隊列統計,隊列統計,no_change
internal,internal.queue.task.currentQueueSize,隊列大小,隊列大小,no_change
internal,internal.queue.task.maxQueueSize,最大隊列大小,最大隊列大小,no_change
internal,internal.queue.task.queueSizeLimit,隊列尺寸限制,隊列尺寸限制,no_change
internal,internal.queue.task.avgExecTime,平均執行時間,平均執行時間,no_change
internal,internal.queue.task.mostRecentExecTime,最近的執行時間,最近的執行時間,no_change
internal,internal.tasks.poolFullRejections,池完全拒絕,池完全拒絕,no_change
internal,internal.tasks.queueFullRejections,隊列完全拒絕,隊列完全拒絕,no_change
internal,dsEdit.internal.autoCreate.pollingDataSource,所有輪詢指標,所有輪詢指標,no_change
internal,dsEdit.internal.autoCreate.pollingDataSource.sequential,順序成功的輪詢指標,順序成功的輪詢指標,no_change
internal,dsEdit.internal.autoCreate.pollingDataSource.duration,輪詢持續時間指標,輪詢持續時間指標,no_change
internal,dsEdit.internal.autoCreate.pollingDataSource.percentage,輪詢成功百分比,輪詢成功百分比,no_change
internal,dsEdit.internal.autoCreate.persistent,所有持續的TCP指標,所有持續的TCP指標,no_change
internal,dsEdit.internal.autoCreate.persistent.writeSpeed,持續的接收器寫入速度,持續的接收器寫入速度,no_change
internal,dsEdit.internal.autoCreate.persistent.connectionTime,持續接收器連接時間,持續接收器連接時間,no_change
internal,dsEdit.internal.autoCreate.names.pollingSuccess,連續輪詢,連續輪詢,no_change
internal,dsEdit.internal.autoCreate.names.pollingPercentage,輪詢成功百分比,輪詢成功百分比,no_change
internal,dsEdit.internal.autoCreate.names.pollingDuration,輪詢持續時間,輪詢持續時間,no_change
internal,dsEdit.internal.autoCreate.names.persistentConnectionTime,連接時間,連接時間,no_change
internal,dsEdit.internal.autoCreate.names.persistentConnectedPoints,連接點,連接點,no_change
internal,dsEdit.internal.autoCreate.names.persistentTotalConnections,總連接,總連接,no_change
internal,dsEdit.internal.autoCreate.names.persistentTimeouts,逾時,逾時,no_change
internal,dsEdit.internal.autoCreate.names.persistentReceiveRate,收回率,收回率,no_change
jmxds,jmx.description,通過JMX讀取和寫入入的資料來源,通過JMX讀取和寫入入的資料來源,no_change
jmxds,dox.jmxDS,JMX資料來源,JMX資料來源,no_change
jmxds,dox.jmxPP,JMX點屬性,JMX點屬性,no_change
jmxds,dsEdit.jmx,JMX,JMX,no_change
jmxds,dsEdit.jmx.dsconn.local,本地伺服器,本地伺服器,no_change
jmxds,dsEdit.jmx.dsconn.remote,{0},{0},no_change
jmxds,dsEdit.jmx.desc,JMX資料來源屬性,JMX資料來源屬性,no_change
jmxds,dsEdit.jmx.useLocalServer,使用本地JMX伺服器,使用本地JMX伺服器,no_change
jmxds,dsEdit.jmx.remoteServerAddr,遠端JMX伺服器地址,遠端JMX伺服器地址,no_change
jmxds,dsEdit.jmx.objectName,對象名稱,對象名稱,no_change
jmxds,dsEdit.jmx.attributeName,屬性名稱,屬性名稱,no_change
jmxds,dsEdit.jmx.compositeItemName,複合項目名稱,複合項目名稱,no_change
jmxds,dsEdit.jmx.objectNameError,壞對象名稱''{0}'in''{1}''：{2},壞對象名稱''{0}'in''{1}''：{2},no_change
jmxds,dsEdit.jmx.objectNameNotFound,對象名稱''{0}''in​​​​''{1}'找不到,對象名稱''{0}''in​​​​''{1}'找不到,no_change
jmxds,dsEdit.jmx.attributeNameNotFound,找不到屬性''{0}''in​​​​''{1}'',找不到屬性''{0}''in​​​​''{1}'',no_change
jmxds,dsEdit.jmx.attributeNotComposite,屬性''{0}''in​​​​''{1}'不是複合,屬性''{0}''in​​​​''{1}'不是複合,no_change
jmxds,dsEdit.jmx.compositeNameNotFound,找不到復合項目''{0}''in​​​​''{1}''',找不到復合項目''{0}''in​​​​''{1}''',no_change
jmxds,dsEdit.jmx.attributeTypeNotSupported,不支持類型''{0}''in​​​​''{1}',不支持類型''{0}''in​​​​''{1}',no_change
jmxds,dsEdit.jmx.compositeTypeNotSupported,不支持類型''{0}''in​​​​''{1}',不支持類型''{0}''in​​​​''{1}',no_change
jmxds,dsEdit.jmx.writeFailed,寫入失敗的“ {0}'',寫入失敗的“ {0}'',no_change
jmxds,dsEdit.jmx.writeFailed.composite,寫入失敗的“ {0}''：無法寫入入複合對象項目,寫入失敗的“ {0}''：無法寫入入複合對象項目,no_change
jmxds,dsEdit.jmx.writeFailed.msg,寫入失敗的“ {0}''：{1},寫入失敗的“ {0}''：{1},no_change
jmxds,dsEdit.jmx.inspect,JMX伺服器檢查,JMX伺服器檢查,no_change
jmxds,dsEdit.jmx.getObjectNames,取得對象名稱,取得對象名稱,no_change
jmxds,dsEdit.jmx.gettingObjectNames,取得對象名稱...,取得對象名稱...,no_change
jmxds,dsEdit.jmx.badUrl,畸形的遠端伺服器地址：{0},畸形的遠端伺服器地址：{0},no_change
jmxds,dsEdit.jmx.connectionError,連接錯誤：{0},連接錯誤：{0},no_change
jmxds,dsEdit.jmx.readError,讀取錯誤：{0},讀取錯誤：{0},no_change
jmxds,dsEdit.jmx.addPoint,新增點,新增點,no_change
jsonFileImport,jsonfile.desc,能夠將JSON檔案導入 Mango 作為資料,能夠將JSON檔案導入 Mango 作為資料,no_change
jsonFileImport,jsonfile.path,{0},{0},no_change
lang_zh,literal,{0},{0},no_change
lang_zh,common.default,{0},{0},no_change
lang_zh,common.counting.st,{0} st,{0} st,no_change
lang_zh,common.counting.nd,{0} nd,{0} nd,no_change
lang_zh,common.counting.rd,{0} rd,{0} rd,no_change
lang_zh,common.counting.th,{0} th,{0} th,no_change
lang_zh,common.tp.description,{0} {1},{0} {1},no_change
lang_zh,common.durationStd,{0},{0},no_change
lang_zh,ftl.subject.alias,{0}（{1}）,{0}（{1}）,no_change
lang_zh,ftl.subject.alias.id,{0}（{1}） -  ID：{2},{0}（{1}） -  ID：{2},no_change
lang_zh,modules.guid,GUID,GUID,no_change
lang_zh,dsEdit.ebi25,EBI25,EBI25,no_change
lang_zh,dsEdit.ebi25.unit.ph,ph,ph,no_change
lang_zh,dsEdit.serial.flow.rtsCts,RTS/CTS,RTS/CTS,no_change
lang_zh,dsEdit.serial.flow.xonXoff,XON/XOFF,XON/XOFF,no_change
lang_zh,dsEdit.viconics.panId,PAN ID,PAN ID,no_change
lang_zh,dsEdit.viconics.ieee,IEEE,IEEE,no_change
lang_zh,dsEdit.viconics.trss,TRS,TRS,no_change
lang_zh,dsEdit.viconics.crss,CRS,CRS,no_change
lang_zh,emport.systemSettings.prefix,''{0}''：{1},''{0}''：{1},no_change
lang_zh,emport.publisher.prefix,Publisher''{0}''：{1},Publisher''{0}''：{1},no_change
lang_zh,events.id,ID,ID,no_change
lang_zh,events.search.id,ID,ID,no_change
lang_zh,events.ackedByUser,0,0,no_change
lang_zh,events.export.ackedByUser,{0},{0},no_change
lang_zh,<a href,“ https://www.mozilla.org/firefox/” target =“ _ blank”> mozilla firefox </a>。,“ https://www.mozilla.org/firefox/” target =“ _ blank”> mozilla firefox </a>。,no_change
lang_zh,systemSettings.upgradeState.beta,beta,beta,no_change
lang_zh,event.audit.changedProperty,<br/>＆nbsp;＆nbsp;＆nbsp;＆nbsp; {0}：“ {1}” to“ {2}”,<br/>＆nbsp;＆nbsp;＆nbsp;＆nbsp; {0}：“ {1}” to“ {2}”,no_change
lang_zh,event.audit.property,<br/>＆nbsp;＆nbsp;＆nbsp;＆nbsp; {0} =“ {1}”,<br/>＆nbsp;＆nbsp;＆nbsp;＆nbsp; {0} =“ {1}”,no_change
lang_zh,event.audit.propertyList.1,{0},{0},no_change
lang_zh,event.audit.propertyList.2,{0} {1},{0} {1},no_change
lang_zh,event.audit.propertyList.3,{0} {1} {2},{0} {1} {2},no_change
lang_zh,event.audit.propertyList.4,{0} {1} {2} {3},{0} {1} {2} {3},no_change
lang_zh,event.audit.propertyList.5,{0} {1} {2} {3} {4},{0} {1} {2} {3} {4},no_change
lang_zh,event.audit.propertyList.6,{0} {1} {2} {3} {4} {5},{0} {1} {2} {3} {4} {5},no_change
lang_zh,event.audit.propertyList.7,{0} {1} {2} {3} {4} {5} {6},{0} {1} {2} {3} {4} {5} {6},no_change
lang_zh,event.audit.propertyList.8,{0} {1} {2} {3} {4} {5} {6} {6} {7},{0} {1} {2} {3} {4} {5} {6} {6} {7},no_change
lang_zh,event.audit.propertyList.9,{0} {1} {2} {3} {4} {5} {6} {6} {7} {8} {8} {8},{0} {1} {2} {3} {4} {5} {6} {6} {7} {8} {8} {8},no_change
lang_zh,event.audit.propertyList.10,{0} {1} {2} {3} {4} {5} {6} {6} {7} {8} {8} {9},{0} {1} {2} {3} {4} {5} {6} {6} {7} {8} {8} {9},no_change
lang_zh,event.audit.propertyList.11,{0} {1} {2} {3} {4} {5} {6} {6} {7} {8} {8} {9} {10} {10},{0} {1} {2} {3} {4} {5} {6} {6} {7} {8} {8} {9} {10} {10},no_change
lang_zh,event.audit.propertyList.12,{0} {1} {2} {3} {4} {5} {6} {6} {7} {8} {8} {9} {10} {10} {11} {11},{0} {1} {2} {3} {4} {5} {6} {6} {7} {8} {8} {9} {10} {10} {11} {11},no_change
lang_zh,event.audit.propertyList.13,{0} {1} {2} {3} {4} {5} {6} {6} {7} {8} {8} {9} {10} {10} {11} {12} {12} {12},{0} {1} {2} {3} {4} {5} {6} {6} {7} {8} {8} {9} {10} {10} {11} {12} {12} {12},no_change
lang_zh,event.audit.propertyList.14,{0} {1} {2} {3} {4} {5} {6} {6} {7} {8} {8} {9} {9} {10} {11} {11} {12} {13} {13} {13} {13},{0} {1} {2} {3} {4} {5} {6} {6} {7} {8} {8} {9} {9} {10} {11} {11} {12} {13} {13} {13} {13},no_change
lang_zh,event.audit.propertyList.15,{0} {1} {2} {3} {4} {5} {6} {6} {7} {7} {8} {9} {9} {10} {11} {11} {12} {13} {13} {14} {14} {14},{0} {1} {2} {3} {4} {5} {6} {6} {7} {7} {8} {9} {9} {10} {11} {11} {12} {13} {13} {14} {14} {14},no_change
lang_zh,event.audit.propertyList.16,{0} {1} {2} {3} {4} {5} {6} {6} {7} {8} {8} {9} {10} {10} {11} {11} {12} {13} {13} {13} {14} {14} {15} {15} {15} {15} {15},{0} {1} {2} {3} {4} {5} {6} {6} {7} {8} {8} {9} {10} {10} {11} {11} {12} {13} {13} {13} {14} {14} {15} {15} {15} {15} {15},no_change
lang_zh,event.audit.propertyList.17,{0} {1} {2} {3} {4} {5} {6} {6} {7} {8} {8} {9} {9} {10} {11} {11} {12} {13} {13} {13} {14} {14} {15} {15} {16} {16} {16} {16} {16},{0} {1} {2} {3} {4} {5} {6} {6} {7} {8} {8} {9} {9} {10} {11} {11} {12} {13} {13} {13} {14} {14} {15} {15} {16} {16} {16} {16} {16},no_change
lang_zh,event.audit.propertyList.18,{0} {1} {2} {3} {4} {5} {6} {6} {7} {7} {8} {9} {9} {10} {11} {11} {12} {13} {13} {13} {14} {14} {15} {15} {17} {17} {17} {17} {17} {17} {17} {17} {17} {17},{0} {1} {2} {3} {4} {5} {6} {6} {7} {7} {8} {9} {9} {10} {11} {11} {12} {13} {13} {13} {14} {14} {15} {15} {17} {17} {17} {17} {17} {17} {17} {17} {17} {17},no_change
lang_zh,event.audit.propertyList.19,{0} {1} {2} {3} {4} {5} {6} {6} {7} {8} {8} {9} {9} {10} {10} {11} {11} {12} {13} {13} {14} {14} {15} {15} {17} {17} {17} {17},{0} {1} {2} {3} {4} {5} {6} {6} {7} {8} {8} {9} {9} {10} {10} {11} {11} {12} {13} {13} {14} {14} {15} {15} {17} {17} {17} {17},no_change
lang_zh,event.audit.propertyList.20,{0} {1} {2} {3} {4} {5} {6} {6} {7} {7} {8} {9} {9} {10} {10} {11} {11} {12} {13} {13} {14} {14} {15} {15} {16} {17} {17} {17} {17} {18},{0} {1} {2} {3} {4} {5} {6} {6} {7} {7} {8} {9} {9} {10} {10} {11} {11} {12} {13} {13} {14} {14} {15} {15} {16} {17} {17} {17} {17} {18},no_change
lang_zh,event.audit.propertyList.21,{0} {1} {2} {3} {4} {5} {6} {6} {7} {8} {8} {9} {9} {10} {10} {11} {11} {12} {13} {13} {13} {14} {14} {15} {15} {16} {17} {17} {17} {17} {18} {18}},{0} {1} {2} {3} {4} {5} {6} {6} {7} {8} {8} {9} {9} {10} {10} {11} {11} {12} {13} {13} {13} {14} {14} {15} {15} {16} {17} {17} {17} {17} {18} {18}},no_change
lang_zh,event.audit.propertyList.22,{0} {1} {2} {3} {4} {5} {6} {6} {7} {8} {8} {9} {10} {10} {11} {11} {12} {12} {13} {13} {14} {14} {15} {15} {16} {17} {17} {17} {18} {18}},{0} {1} {2} {3} {4} {5} {6} {6} {7} {8} {8} {9} {10} {10} {11} {11} {12} {12} {13} {13} {14} {14} {15} {15} {16} {17} {17} {17} {18} {18}},no_change
lang_zh,event.audit.propertyList.23,{0} {1} {2} {3} {4} {5} {6} {6} {7} {7} {8} {9} {9} {10} {10} {11} {11} {12} {13} {13} {14} {14} {15} {15} {16} {17} {17} {17} {18}},{0} {1} {2} {3} {4} {5} {6} {6} {7} {7} {8} {9} {9} {10} {10} {11} {11} {12} {13} {13} {14} {14} {15} {15} {16} {17} {17} {17} {18}},no_change
lang_zh,event.audit.propertyList.24,{0} {1} {2} {3} {4} {5} {6} {6} {7} {8} {8} {9} {9} {10} {11} {11} {12} {12} { 13} {14} {15} {16} {17} {18} {19} {20} {20} {21} {22} {22} {23},{0} {1} {2} {3} {4} {5} {6} {6} {7} {8} {8} {9} {9} {10} {11} {11} {12} {12} { 13} {14} {15} {16} {17} {18} {19} {20} {20} {21} {22} {22} {23},no_change
lang_zh,event.audit.propertyList.25,{0} {1} {2} {3} {4} {5} {6} {7} {7} {8} {9} {9} {10} {11} {11} {12} {12} {13 } {14} {15} {16} {17} {18} {19} {20} {20} {21} {22} {22} {23} {24},{0} {1} {2} {3} {4} {5} {6} {7} {7} {8} {9} {9} {10} {11} {11} {12} {12} {13 } {14} {15} {16} {17} {18} {19} {20} {20} {21} {22} {22} {23} {24},no_change
lang_zh,event.audit.propertyList.26,{0} {1} {2} {3} {4} {5} {6} {6} {7} {8} {8} {9} {9} {10} {11} {11} {12} {13} {13} {13} { 14} {15} {16} {17} {18} {19} {20} {20} {21} {22} {22} {23} {24} {25} {25},{0} {1} {2} {3} {4} {5} {6} {6} {7} {8} {8} {9} {9} {10} {11} {11} {12} {13} {13} {13} { 14} {15} {16} {17} {18} {19} {20} {20} {21} {22} {22} {23} {24} {25} {25},no_change
lang_zh,event.audit.propertyList.27,{0} {1} {2} {3} {4} {5} {6} {6} {7} {8} {8} {9} {10} {10} {11} {11} {12} {13} {13} {13} {14 } {15} {16} {17} {18} {19} {20} {20} {21} {22} {22} {23} {24} {24} {25} {26} {26},{0} {1} {2} {3} {4} {5} {6} {6} {7} {8} {8} {9} {10} {10} {11} {11} {12} {13} {13} {13} {14 } {15} {16} {17} {18} {19} {20} {20} {21} {22} {22} {23} {24} {24} {25} {26} {26},no_change
lang_zh,event.audit.propertyList.28,{0} {1} {2} {3} {4} {5} {6} {6} {7} {8} {8} {9} {9} {10} {11} {11} {12} {12} {13} {13} {14} {14} {14} { 15} {16} {17} {18} {19} {20} {21} {22} {22} {23} {24} {24} {25} {26} {26} {27} {27},{0} {1} {2} {3} {4} {5} {6} {6} {7} {8} {8} {9} {9} {10} {11} {11} {12} {12} {13} {13} {14} {14} {14} { 15} {16} {17} {18} {19} {20} {21} {22} {22} {23} {24} {24} {25} {26} {26} {27} {27},no_change
lang_zh,event.audit.propertyList.29,{0} {1} {2} {3} {4} {5} {6} {6} {7} {8} {8} {9} {10} {10} {11} {11} {12} {13} {13} {13} {14} {14} {14} {15 } {16} {17} {18} {19} {20} {21} {22} {22} {23} {24} {25} {25} {26} {27} {27} {28} {28},{0} {1} {2} {3} {4} {5} {6} {6} {7} {8} {8} {9} {10} {10} {11} {11} {12} {13} {13} {13} {14} {14} {14} {15 } {16} {17} {18} {19} {20} {21} {22} {22} {23} {24} {25} {25} {26} {27} {27} {28} {28},no_change
lang_zh,event.audit.propertyList.30,{0} {1} {2} {3} {4} {5} {6} {6} {7} {8} {8} {9} {9} {10} {11} {11} {12} {13} {13} {13} {14} {14} {15} {15} {15} {15} {15} {15} { 16} {17} {18} {19} {20} {21} {22} {22} {23} {24} {25} {25} {26} {27} {27} {28} {29} {29} {29},{0} {1} {2} {3} {4} {5} {6} {6} {7} {8} {8} {9} {9} {10} {11} {11} {12} {13} {13} {13} {14} {14} {15} {15} {15} {15} {15} {15} { 16} {17} {18} {19} {20} {21} {22} {22} {23} {24} {25} {25} {26} {27} {27} {28} {29} {29} {29},no_change
lang_zh,event.audit.recip.list.1,{0},{0},no_change
lang_zh,event.audit.recip.list.2,{0}，{1},{0}，{1},no_change
lang_zh,event.audit.recip.list.3,{0}，{1}，{2},{0}，{1}，{2},no_change
lang_zh,event.audit.recip.list.4,{0}，{1}，{2}，{3},{0}，{1}，{2}，{3},no_change
lang_zh,event.audit.recip.list.5,{0}，{1}，{2}，{3}，{4},{0}，{1}，{2}，{3}，{4},no_change
lang_zh,event.audit.recip.list.6,{0}，{1}，{2}，{3}，{4}，{5},{0}，{1}，{2}，{3}，{4}，{5},no_change
lang_zh,event.audit.recip.list.7,{0}，{1}，{2}，{3}，{4}，{5}，{6},{0}，{1}，{2}，{3}，{4}，{5}，{6},no_change
lang_zh,event.audit.recip.list.8,{0}，{1}，{2}，{3}，{4}，{5}，{6}，{7},{0}，{1}，{2}，{3}，{4}，{5}，{6}，{7},no_change
lang_zh,event.audit.recip.list.9,{0}，{1}，{2}，{3}，{4}，{5}，{6}，{7}，{8},{0}，{1}，{2}，{3}，{4}，{5}，{6}，{7}，{8},no_change
lang_zh,event.audit.recip.list.10,{0}，{1}，{2}，{3}，{4}，{5}，{6}，{7}，{8}，{9},{0}，{1}，{2}，{3}，{4}，{5}，{6}，{7}，{8}，{9},no_change
lang_zh,event.audit.recip.list.11,{0}，{1}，{2}，{3}，{4}，{5}，{6}，{7}，{8}，{8}，{9}，{10},{0}，{1}，{2}，{3}，{4}，{5}，{6}，{7}，{8}，{8}，{9}，{10},no_change
lang_zh,event.audit.recip.list.12,{0}，{1}，{2}，{3}，{4}，{5}，{6}，{7}，{8}，{9}，{9}，{10}，{11}，{11},{0}，{1}，{2}，{3}，{4}，{5}，{6}，{7}，{8}，{9}，{9}，{10}，{11}，{11},no_change
lang_zh,event.audit.recip.list.13,{0}，{1}，{2}，{3}，{4}，{5}，{6}，{7}，{8}，{8}，{9}，{10}，{11}，{11}，{12}，{12}，{12},{0}，{1}，{2}，{3}，{4}，{5}，{6}，{7}，{8}，{8}，{9}，{10}，{11}，{11}，{12}，{12}，{12},no_change
lang_zh,event.audit.recip.list.14,{0}，{1}，{2}，{3}，{4}，{5}，{6}，{7}，{7}，{8}，{9}，{10}，{10}，{11}，{11}，{12}，{13}，{13}，{13},{0}，{1}，{2}，{3}，{4}，{5}，{6}，{7}，{7}，{8}，{9}，{10}，{10}，{11}，{11}，{12}，{13}，{13}，{13},no_change
lang_zh,event.audit.recip.list.15,{0}，{1}，{2}，{3}，{4}，{5}，{6}，{7}，{7}，{8}，{9}，{9}，{10}，{11}，{11}，{12}，{12}，{13}，{13}，{14}，{14}，{14}，{14}，{14}，{14}，{14}，{14},{0}，{1}，{2}，{3}，{4}，{5}，{6}，{7}，{7}，{8}，{9}，{9}，{10}，{11}，{11}，{12}，{12}，{13}，{13}，{14}，{14}，{14}，{14}，{14}，{14}，{14}，{14},no_change
lang_zh,event.audit.recip.list.16,{0}，{1}，{2}，{3}，{4}，{5}，{6}，{7}，{7}，{8}，{9}，{9}，{10}，{11}，{11}，{12}，{12}，{13}，{13}，{14}，{14}，{15}，{15}，{15}，{15}，{15}，{15}，{15}，{15}，{15}，{15}，{15}，{15},{0}，{1}，{2}，{3}，{4}，{5}，{6}，{7}，{7}，{8}，{9}，{9}，{10}，{11}，{11}，{12}，{12}，{13}，{13}，{14}，{14}，{15}，{15}，{15}，{15}，{15}，{15}，{15}，{15}，{15}，{15}，{15}，{15},no_change
lang_zh,event.audit.recip.list.17,{0}，{1}，{2}，{3}，{4}，{5}，{6}，{7}，{7}，{8}，{9}，{9}，{10}，{11}，{11}，{12}，{12}，{13}，{13}，{13}，{14}，{14}，{15}，{15}，{15}，{15}，{16}，{16 16},{0}，{1}，{2}，{3}，{4}，{5}，{6}，{7}，{7}，{8}，{9}，{9}，{10}，{11}，{11}，{12}，{12}，{13}，{13}，{13}，{14}，{14}，{15}，{15}，{15}，{15}，{16}，{16 16},no_change
lang_zh,event.audit.recip.list.18,{0}，{1}，{2}，{3}，{4}，{5}，{6}，{7}，{8}，{8}，{9}，{10}，{10}，{11}，{11}，{12}，{12}，{13}，{13}，{13}，{14}，{14}，{14}，{15}，{15}，{16}，{16}，{16},{0}，{1}，{2}，{3}，{4}，{5}，{6}，{7}，{8}，{8}，{9}，{10}，{10}，{11}，{11}，{12}，{12}，{13}，{13}，{13}，{14}，{14}，{14}，{15}，{15}，{16}，{16}，{16},no_change
lang_zh,event.audit.recip.list.19,"{0}, {1}, {2}, {3}, {4}, {5}, {6}, {7}, {8}, {9}, {10}, {11}, {12}, {13}, {14}, {15}, {16}, {17}, {18}","{0}, {1}, {2}, {3}, {4}, {5}, {6}, {7}, {8}, {9}, {10}, {11}, {12}, {13}, {14}, {15}, {16}, {17}, {18}",no_change
lang_zh,event.audit.recip.list.20,"{0}, {1}, {2}, {3}, {4}, {5}, {6}, {7}, {8}, {9}, {10}, {11}, {12}, {13}, {14}, {15}, {16}, {17}, {18}, {19}","{0}, {1}, {2}, {3}, {4}, {5}, {6}, {7}, {8}, {9}, {10}, {11}, {12}, {13}, {14}, {15}, {16}, {17}, {18}, {19}",no_change
lang_zh,event.audit.recip.list.21,"{0}, {1}, {2}, {3}, {4}, {5}, {6}, {7}, {8}, {9}, {10}, {11}, {12}, {13}, {14}, {15}, {16}, {17}, {18}, {19}，{20}","{0}, {1}, {2}, {3}, {4}, {5}, {6}, {7}, {8}, {9}, {10}, {11}, {12}, {13}, {14}, {15}, {16}, {17}, {18}, {19}，{20}",no_change
lang_zh,event.audit.recip.list.22,"{0}, {1}, {2}, {3}, {4}, {5}, {6}, {7}, {8}, {9}, {10}, {11}, {12}, {13}, {14}, {15}, {16}, {17}, {18}, {19}，{20}，{21}","{0}, {1}, {2}, {3}, {4}, {5}, {6}, {7}, {8}, {9}, {10}, {11}, {12}, {13}, {14}, {15}, {16}, {17}, {18}, {19}，{20}，{21}",no_change
lang_zh,event.audit.recip.list.23,"{0}, {1}, {2}, {3}, {4}, {5}, {6}, {7}, {8}, {9}, {10}, {11}, {12}, {13}, {14}, {15}, {16}, {17}, {18}, {19}，{20}，{21}，{22}","{0}, {1}, {2}, {3}, {4}, {5}, {6}, {7}, {8}, {9}, {10}, {11}, {12}, {13}, {14}, {15}, {16}, {17}, {18}, {19}，{20}，{21}，{22}",no_change
lang_zh,event.audit.recip.list.24,"{0}, {1}, {2}, {3}, {4}, {5}, {6}, {7}, {8}, {9}, {10}, {11}, {12}, {13}, {14}, {15}, {16}, {17}, {18}, {19}，{20}，{21}，{22}，{23}","{0}, {1}, {2}, {3}, {4}, {5}, {6}, {7}, {8}, {9}, {10}, {11}, {12}, {13}, {14}, {15}, {16}, {17}, {18}, {19}，{20}，{21}，{22}，{23}",no_change
lang_zh,event.audit.recip.list.25,"{0}, {1}, {2}, {3}, {4}, {5}, {6}, {7}, {8}, {9}, {10}, {11}, {12}, {13}, {14}, {15}, {16}, {17}, {18}, {19}，{20}，{21}，{22}，{23}，{24}","{0}, {1}, {2}, {3}, {4}, {5}, {6}, {7}, {8}, {9}, {10}, {11}, {12}, {13}, {14}, {15}, {16}, {17}, {18}, {19}，{20}，{21}，{22}，{23}，{24}",no_change
lang_zh,event.audit.recip.list.26,"{0}, {1}, {2}, {3}, {4}, {5}, {6}, {7}, {8}, {9}, {10}, {11}, {12}, {13}, {14}, {15}, {16}, {17}, {18}, {19}，{20}，{21}，{22}，{23}，{24}，{25}","{0}, {1}, {2}, {3}, {4}, {5}, {6}, {7}, {8}, {9}, {10}, {11}, {12}, {13}, {14}, {15}, {16}, {17}, {18}, {19}，{20}，{21}，{22}，{23}，{24}，{25}",no_change
lang_zh,event.audit.recip.list.27,"{0}, {1}, {2}, {3}, {4}, {5}, {6}, {7}, {8}, {9}, {10}, {11}, {12}, {13}, {14}, {15}, {16}, {17}, {18}, {19}，{20}，{21}，{22}，{23}，{24}，{25}，{26}","{0}, {1}, {2}, {3}, {4}, {5}, {6}, {7}, {8}, {9}, {10}, {11}, {12}, {13}, {14}, {15}, {16}, {17}, {18}, {19}，{20}，{21}，{22}，{23}，{24}，{25}，{26}",no_change
lang_zh,event.audit.recip.list.28,"{0}, {1}, {2}, {3}, {4}, {5}, {6}, {7}, {8}, {9}, {10}, {11}, {12}, {13}, {14}, {15}, {16}, {17}, {18}, {19}，{20}，{21}，{22}，{23}，{24}，{25}，{26}，{27}","{0}, {1}, {2}, {3}, {4}, {5}, {6}, {7}, {8}, {9}, {10}, {11}, {12}, {13}, {14}, {15}, {16}, {17}, {18}, {19}，{20}，{21}，{22}，{23}，{24}，{25}，{26}，{27}",no_change
lang_zh,event.audit.recip.list.29,"{0}, {1}, {2}, {3}, {4}, {5}, {6}, {7}, {8}, {9}, {10}, {11}, {12}, {13}, {14}, {15}, {16}, {17}, {18}, {19}，{20}，{21}，{22}，{23}，{24}，{25}，{26}，{27}，{28}","{0}, {1}, {2}, {3}, {4}, {5}, {6}, {7}, {8}, {9}, {10}, {11}, {12}, {13}, {14}, {15}, {16}, {17}, {18}, {19}，{20}，{21}，{22}，{23}，{24}，{25}，{26}，{27}，{28}",no_change
lang_zh,event.audit.recip.list.30,"{0}, {1}, {2}, {3}, {4}, {5}, {6}, {7}, {8}, {9}, {10}, {11}, {12}, {13}, {14}, {15}, {16}, {17}, {18}, {19}，{20}，{21}，{22}，{23}，{24}，{25}，{26}，{27}，{28}，{29}，{29}","{0}, {1}, {2}, {3}, {4}, {5}, {6}, {7}, {8}, {9}, {10}, {11}, {12}, {13}, {14}, {15}, {16}, {17}, {18}, {19}，{20}，{21}，{22}，{23}，{24}，{25}，{26}，{27}，{28}，{29}，{29}",no_change
lang_zh,event.exception2,{0}：{1},{0}：{1},no_change
lang_zh,event.ds,''{0}''：{1},''{0}''：{1},no_change
log4JReset,log4JReset.description,允許通過系統設定頁面重新載入Log4J配置檔案。,允許通過系統設定頁面重新載入Log4J配置檔案。,no_change
log4JReset,log4JReset.settings.header,log4j重置,log4j重置,no_change
log4JReset,log4JReset.settings.reload,重新載入log4j配置,重新載入log4j配置,no_change
log4JReset,log4JReset.settings.test.debug,測試調試消息,測試調試消息,no_change
log4JReset,log4JReset.settings.test.info,測試資訊消息,測試資訊消息,no_change
log4JReset,log4JReset.settings.test.warn,測試警告消息,測試警告消息,no_change
log4JReset,log4JReset.settings.test.error,測試錯誤消息,測試錯誤消息,no_change
log4JReset,log4JReset.settings.test.fatal,測試致命資訊,測試致命資訊,no_change
log4JReset,log4JReset.settings.test.select,選擇測試,選擇測試,no_change
log4JReset,log4JReset.settings.checkLogs,檢查日誌,檢查日誌,no_change
log4JReset,log4JReset.settings.testError,測試錯誤 -  {0},測試錯誤 -  {0},no_change
log4JReset,log4JReset.settings.testFinished,測試完成,測試完成,no_change
log4jDS,log4j.description,存儲記錄資訊的資料來源,存儲記錄資訊的資料來源,no_change
log4jDS,dsEdit.log4j,log4j,log4j,no_change
log4jDS,dsEdit.log4jPoint,log4j資料點,log4j資料點,no_change
log4jDS,dsEdit.log4j.desc,log4j資料來源,log4j資料來源,no_change
log4jDS,dsEdit.log4j.dsconn,log4j logger,log4j logger,no_change
log4jDS,dsEdit.log4j.logLevel,日誌級別,日誌級別,no_change
log4jDS,dsEdit.log4j.matchingRegex,符合正規表示式,符合正規表示式,no_change
log4jDS,dsEdit.log4j.useMatching,使用正規表示式符合,使用正規表示式符合,no_change
log4jDS,dsEdit.log4j.toMatch,測試日誌消息符合,測試日誌消息符合,no_change
log4jDS,dsEdit.log4j.validate,證實,證實,no_change
log4jDS,dsEdit.log4j.test.regexMatched,正規表示式符合,正規表示式符合,no_change
log4jDS,dsEdit.log4j.test.regexNotMatched,正規表示式不符合,正規表示式不符合,no_change
log4jDS,dsEdit.log4j.test.regexError,正規表示式反正失敗：{0},正規表示式反正失敗：{0},no_change
log4jDS,dsEdit.log4j.sameMessageThrottleMilliseconds,消息重複間隔（MS）,消息重複間隔（MS）,no_change
log4jDS,dox.log4jDS,log4j資料來源,log4j資料來源,no_change
log4jDS,dox.log4jPP,log4j點屬性,log4j點屬性,no_change
loggingConsole,logging.desc,檢視最新 Mango 日誌的頁面,檢視最新 Mango 日誌的頁面,no_change
loggingConsole,logging.maxInMemoryHistory,最大內存日誌歷史記錄,最大內存日誌歷史記錄,no_change
loggingConsole,logging.changedUntilNextRestart,更改直到下一個重新啟動。,更改直到下一個重新啟動。,no_change
loggingConsole,logging.header.historicalLogs,歷史日誌,歷史日誌,no_change
loggingConsole,logging.queryLogs,查詢日誌,查詢日誌,no_change
loggingConsole,logging.email.sendLogEmail,將日誌發送到無限自動化,將日誌發送到無限自動化,no_change
loggingConsole,logging.email.subject,Mango logfile：{0}  -  {1}  -  {2},Mango logfile：{0}  -  {1}  -  {2},no_change
loggingConsole,logging.email.sent,日誌檔案發送到無限自動化,日誌檔案發送到無限自動化,no_change
loggingConsole,dox.loggingQuery,記錄RQL幫助,記錄RQL幫助,no_change
maintenanceEvents,maintenanceEvents.description,用於建立和編輯維護時間表的頁面，以在適當的時間提出排程。,用於建立和編輯維護時間表的頁面，以在適當的時間提出排程。,no_change
maintenanceEvents,maintenanceEvents.select,選擇維護事件,選擇維護事件,no_change
maintenanceEvents,maintenanceEvents.new,新的維護事件,新的維護事件,no_change
maintenanceEvents,maintenanceEvents.edit,編輯維護事件'{0}''',編輯維護事件'{0}''',no_change
maintenanceEvents,maintenanceEvents.dataSource,資料來源,資料來源,no_change
maintenanceEvents,maintenanceEvents.type.cron,克朗,克朗,no_change
maintenanceEvents,maintenanceEvents.validate.activeTrigger,錯誤建立活動觸發器：{0},錯誤建立活動觸發器：{0},no_change
maintenanceEvents,maintenanceEvents.validate.inactiveTrigger,錯誤建立非活動觸發器：{0},錯誤建立非活動觸發器：{0},no_change
maintenanceEvents,maintenanceEvents.validate.aliasTooLong,別名不能超過50個字符,別名不能超過50個字符,no_change
maintenanceEvents,maintenanceEvents.validate.invalidRtn,不活躍的時間必須在活動時間之後,不活躍的時間必須在活動時間之後,no_change
maintenanceEvents,maintenanceEvents.validate.missingDataSource,帶有XID {0}的資料來源找不到,帶有XID {0}的資料來源找不到,no_change
maintenanceEvents,maintenanceEvents.validate.missingDataPoint,帶有XID {0}的資料點找不到,帶有XID {0}的資料點找不到,no_change
maintenanceEvents,maintenanceEvents.schedule.manual,{0}  - 手動,{0}  - 手動,no_change
maintenanceEvents,maintenanceEvents.schedule.onceUntil,{0}  - 來自{1}直到{2},{0}  - 來自{1}直到{2},no_change
maintenanceEvents,maintenanceEvents.schedule.hoursUntil,{0}  - 每小時{1}直到{2},{0}  - 每小時{1}直到{2},no_change
maintenanceEvents,maintenanceEvents.schedule.dailyUntil,{0}  - 每天在{1}直到{2},{0}  - 每天在{1}直到{2},no_change
maintenanceEvents,maintenanceEvents.schedule.weeklyUntil,{0}  - 每週在{1} at {2}上，直到{3} at {4},{0}  - 每週在{1} at {2}上，直到{3} at {4},no_change
maintenanceEvents,maintenanceEvents.schedule.monthlyUntil,{0}  - 每月在{1} at {2}上，直到{3} at {4},{0}  - 每月在{1} at {2}上，直到{3} at {4},no_change
maintenanceEvents,maintenanceEvents.schedule.yearlyUntil,{0}  - 每年在{3}的{1}的{1}上，直到{6} {5}的{4},{0}  - 每年在{3}的{1}的{1}上，直到{6} {5}的{4},no_change
maintenanceEvents,maintenanceEvents.schedule.cronUntil,{0}  - 在cron {1}直到{2},{0}  - 在cron {1}直到{2},no_change
maintenanceEvents,emport.error.maintenanceEvent.invalid,維護事件具有無效的'{0}'''{1}''的值。有效值為{2},維護事件具有無效的'{0}'''{1}''的值。有效值為{2},no_change
mangoApi,mangoapi.description,Mango 休息API,Mango 休息API,no_change
mangoApi,rest.error.pointChangeDataSource,不允許將資料點移至另一個資料來源,不允許將資料點移至另一個資料來源,no_change
mangoApi,rest.error.eventDetectorNotAssignedToThisPoint,事件檢測器實際上並未分配到這一點？,事件檢測器實際上並未分配到這一點？,no_change
mangoApi,rest.error.noFileProvided,沒有提供檔案,沒有提供檔案,no_change
mangoApi,rest.error.oneFileOnly,僅支持一次上傳1個檔案,僅支持一次上傳1個檔案,no_change
mangoApi,rest.error.noSession,沒有會話,沒有會話,no_change
mangoApi,rest.error.invalidArrayField,字段名稱{0}是數組的無效索引,字段名稱{0}是數組的無效索引,no_change
mangoApi,rest.error.cantGetFieldOfNodeType,無法獲得節點類型{0}的字段,無法獲得節點類型{0}的字段,no_change
mangoApi,rest.error.cantDeleteFieldOfNodeType,無法刪除節點類型{0}的字段,無法刪除節點類型{0}的字段,no_change
mangoApi,rest.error.cantSetFieldOfNodeType,無法設定節點類型{0}的字段,無法設定節點類型{0}的字段,no_change
mangoApi,rest.error.cantMergeNodeTypeIntoObject,無法將節點類型{0}合併到對像中,無法將節點類型{0}合併到對像中,no_change
mangoApi,rest.error.cantMergeIntoX,無法合併為節點類型{0},無法合併為節點類型{0},no_change
mangoApi,rest.error.invalidTemplateXid,無效的範本XID,無效的範本XID,no_change
mangoApi,rest.error.invalidDataSourceXid,無效的資料來源XID,無效的資料來源XID,no_change
mangoApi,rest.error.usernamePasswordOnly,必須通過用戶名和密碼進行身份驗證,必須通過用戶名和密碼進行身份驗證,no_change
mangoApi,rest.error.emailRequired,需要電子郵件地址,需要電子郵件地址,no_change
mangoApi,rest.error.incorrectEmail,提供的電子郵件不正確,提供的電子郵件不正確,no_change
mangoApi,rest.error.invalidAuthenticationToken,無效的身份驗證令牌,無效的身份驗證令牌,no_change
mangoApi,rest.error.invalidPasswordResetToken,無效密碼重置令牌,無效密碼重置令牌,no_change
mangoApi,rest.error.cantResetOwnUser,無法為自己的用戶建立密碼重置令牌,無法為自己的用戶建立密碼重置令牌,no_change
mangoApi,rest.error.userIsDisabled,用戶被禁用,用戶被禁用,no_change
mangoApi,rest.error.onlyAdminsCanCreateTokens,只有管​​​​理員才能為另一個用戶建立令牌,只有管​​​​理員才能為另一個用戶建立令牌,no_change
mangoApi,rest.error.unknownUser,未知用戶{0},未知用戶{0},no_change
mangoApi,rest.error.mustNotBeNull,屬性'{0}'''不得為null,屬性'{0}'''不得為null,no_change
mangoApi,rest.error.cantBeEmpty,屬性''{0}''不能為空，大小必須大於零,屬性''{0}''不能為空，大小必須大於零,no_change
mangoApi,rest.error.cantDeleteIncompleteResource,無法刪除不完整的臨時資源,無法刪除不完整的臨時資源,no_change
mangoApi,rest.error.cancelFailed,無法取消資源,無法取消資源,no_change
mangoApi,rest.error.onlyCancel,只能將狀態更改為取消,只能將狀態更改為取消,no_change
mangoApi,rest.error.rejectedTaskPoolFull,拒絕任務，池滿,拒絕任務，池滿,no_change
mangoApi,rest.error.rejectedTaskQueueFull,拒絕任務，任務隊列完整,拒絕任務，任務隊列完整,no_change
mangoApi,rest.error.rejectedTaskAlreadyRunning,拒絕任務，已經在執行,拒絕任務，已經在執行,no_change
mangoApi,rest.error.dataSourceNotEnabled,未啟用使用XID {0}點的資料來源,未啟用使用XID {0}點的資料來源,no_change
mangoApi,rest.error.invalidUpgradeFile,無效的升級檔案，這不是簽名的模塊，簽名模塊的郵政編碼或已簽名的Core Zip,無效的升級檔案，這不是簽名的模塊，簽名模塊的郵政編碼或已簽名的Core Zip,no_change
mangoApi,rest.error.upgradeUploadInProgress,升級上傳已經在進行,升級上傳已經在進行,no_change
mangoApi,rest.error.invalidEmailVerificationToken,無效的電子郵件驗證令牌,無效的電子郵件驗證令牌,no_change
mangoApi,rest.error.cannotValidateAnotherUsersEmail,只有管​​​​理員可以要求驗證其他用戶的電子郵件地址,只有管​​​​理員可以要求驗證其他用戶的電子郵件地址,no_change
mangoApi,rest.modules.error.dependencyFailure,依賴項阻止了刪除的標記,依賴項阻止了刪除的標記,no_change
mangoApi,rest.settings.corsHeaders,CORS標題,CORS標題,no_change
mangoApi,rest.settings.header,標題,標題,no_change
mangoApi,rest.settings.swagger,昂首闊步,昂首闊步,no_change
mangoApi,filestore.belowRoot,路徑“ {0}”在檔案存儲root下方,路徑“ {0}”在檔案存儲root下方,no_change
mangoApi,filestore.belowUploadDirectory,路徑“ {0}”在上傳目錄下方,路徑“ {0}”在上傳目錄下方,no_change
mangoApi,filestore.errorDeletingFile,錯誤刪除檔案或目錄,錯誤刪除檔案或目錄,no_change
mangoApi,filestore.cantCopyDirectory,不支持複製目錄,不支持複製目錄,no_change
mangoApi,filestore.fileExists,檔案“ {0}”已經存在,檔案“ {0}”已經存在,no_change
mangoApi,filestore.fileStoreExists,檔案存儲“ {0}”已經存在,檔案存儲“ {0}”已經存在,no_change
mangoApi,filestore.failedToPurgeFiles,沒有錯誤：{1}在檔案存儲中清除檔案“ {0}”中的檔案,沒有錯誤：{1}在檔案存儲中清除檔案“ {0}”中的檔案,no_change
mangoApi,rest.validation.noEvenTypePermission,事件類型{0}無許可,事件類型{0}無許可,no_change
mangoApi,rest.validate.rollup.incompatible,滾動'{0}''與XID''{1}''''{1}'',滾動'{0}''與XID''{1}''''{1}'',no_change
mangoApi,rest.validate.timeRange.invalid,'''從“日期”必須在'到“日期之前”,'''從“日期”必須在'到“日期之前”,no_change
mangoApi,rest.validation.noSimplifySupport,用XID {0}簡化支持點的資料類型,用XID {0}簡化支持點的資料類型,no_change
mangoApi,rest.validation.xidDoesNotExist,{0} with xid {1}不存在,{0} with xid {1}不存在,no_change
mangoApi,rest.validate.imageNotSupported,圖像資料類型不支持,圖像資料類型不支持,no_change
mangoApi,rest.fileStore.notAFile,不是檔案,不是檔案,no_change
mangoESConfiguration,mangoesconfiguration.description,系統配置模塊,系統配置模塊,no_change
mangoESConfiguration,systemSettings.networkSettings.dhcp,DHCP,DHCP,no_change
mangoESConfiguration,systemSettings.networkSettings.apMode,AP模式,AP模式,no_change
mangoESConfiguration,systemSettings.networkSettings.apModeMatch,IPv6和IPv4必須處於AP模式才能啟用,IPv6和IPv4必須處於AP模式才能啟用,no_change
mangoESConfiguration,systemSettings.networkSettings.ipv4,IPv4,IPv4,no_change
mangoESConfiguration,systemSettings.networkSettings.ipv6,IPv6,IPv6,no_change
mangoESConfiguration,systemSettings.networkSettings.ipAddress,地址,地址,no_change
mangoESConfiguration,systemSettings.networkSettings.prefixLength,子網前綴長度,子網前綴長度,no_change
mangoESConfiguration,systemSettings.networkSettings.dnsSearch,DNS搜索域,DNS搜索域,no_change
mangoESConfiguration,systemSettings.networkSettings.ssid,SSID,SSID,no_change
mangoESConfiguration,systemSettings.networkSettings.psk,預共享密鑰,預共享密鑰,no_change
mangoESConfiguration,systemSettings.networkSettings.pskLength,預共享的關鍵長度必須在8到63個字符之間,預共享的關鍵長度必須在8到63個字符之間,no_change
mangoESConfiguration,systemSettings.rest.fileSubmissionError,檔案提交中的錯誤：,檔案提交中的錯誤：,no_change
mangoNoSqlDatabase,mangoNoSql.header.icontext,Mango nosql,Mango nosql,no_change
mangoNoSqlDatabase,mangoNoSql.description,Mango NOSQL擴展,Mango NOSQL擴展,no_change
mangoNoSqlDatabase,mangoNoSql.settings.header,Mango nosql,Mango nosql,no_change
mangoNoSqlDatabase,mangoNoSql.driverClassName,驅動程序類名稱,驅動程序類名稱,no_change
mangoNoSqlDatabase,mangoNoSql.connectionString,連接字符串,連接字符串,no_change
mangoNoSqlDatabase,mangoNoSql.username,使用者名稱,使用者名稱,no_change
mangoNoSqlDatabase,mangoNoSql.password,密碼,密碼,no_change
mangoNoSqlDatabase,mangoNoSql.advancedOptions,高級選項,高級選項,no_change
mangoNoSqlDatabase,mangoNoSql.numWorkItems,線程數,線程數,no_change
mangoNoSqlDatabase,mangoNoSql.priority,線程優先級,線程優先級,no_change
mangoNoSqlDatabase,mangoNoSql.maxPointValueQueueSize,最大點值隊列大小,最大點值隊列大小,no_change
mangoNoSqlDatabase,mangoNoSql.migration,將SQL資料遷移到 Mango,將SQL資料遷移到 Mango,no_change
mangoNoSqlDatabase,mangoNoSql.migrateNow,現在遷移,現在遷移,no_change
mangoNoSqlDatabase,mangoNoSql.migrationStatus,地位,地位,no_change
mangoNoSqlDatabase,mangoNoSql.migrationCount,處理的總數值,處理的總數值,no_change
mangoNoSqlDatabase,mangoNoSql.migrationTime,執行時間,執行時間,no_change
mangoNoSqlDatabase,mangoNoSql.migrateRunning,SQL遷移已經在執行,SQL遷移已經在執行,no_change
mangoNoSqlDatabase,mangoNoSql.noPointsToMigrate,沒有點合併,沒有點合併,no_change
mangoNoSqlDatabase,mangoNoSql.startDate,開始日期,開始日期,no_change
mangoNoSqlDatabase,mangoNoSql.endDate,結束日期,結束日期,no_change
mangoNoSqlDatabase,mangoNoSql.timeout,逾時（分鐘）,逾時（分鐘）,no_change
mangoNoSqlDatabase,mangoNoSql.expiration,到期（分鐘）,到期（分鐘）,no_change
mangoNoSqlDatabase,mangoNoSql.migrationNotRunning,閒置的,閒置的,no_change
mangoNoSqlDatabase,mangoNoSql.migrationRunning,執行,執行,no_change
mangoNoSqlDatabase,mangoNoSql.migrationCancelled,SQL遷移已取消,SQL遷移已取消,no_change
mangoNoSqlDatabase,mangoNoSql.migrationCancelFailed,SQL遷移取消失敗,SQL遷移取消失敗,no_change
mangoNoSqlDatabase,mangoNoSql.migrationCancelRequested,SQL遷移取消請求,SQL遷移取消請求,no_change
mangoNoSqlDatabase,mangoNoSql.migrationError,{0},{0},no_change
mangoNoSqlDatabase,mangoNoSql.migrationRemotePointNotFound,沒有找到XID的遠端點：''{0}''。跳過這一點的匯入。,沒有找到XID的遠端點：''{0}''。跳過這一點的匯入。,no_change
mangoNoSqlDatabase,mangoNoSql.migrationLocalPointNotFound,找不到XID的本地點：''{0}''。跳過這一點的匯入。,找不到XID的本地點：''{0}''。跳過這一點的匯入。,no_change
mangoNoSqlDatabase,mangoNoSql.merge,將 Mango NOSQL資料合併為 Mango,將 Mango NOSQL資料合併為 Mango,no_change
mangoNoSqlDatabase,mangoNoSql.sourceTsdbLocation,源 Mango NOSQL資料庫位置,源 Mango NOSQL資料庫位置,no_change
mangoNoSqlDatabase,mangoNoSql.mergeNow,現在合併 Mango nosql,現在合併 Mango nosql,no_change
mangoNoSqlDatabase,mangoNoSql.status,地位,地位,no_change
mangoNoSqlDatabase,mangoNoSql.count,總點處理,總點處理,no_change
mangoNoSqlDatabase,mangoNoSql.values,總數值,總數值,no_change
mangoNoSqlDatabase,mangoNoSql.runTime,執行時間,執行時間,no_change
mangoNoSqlDatabase,mangoNoSql.mergeRunning,執行,執行,no_change
mangoNoSqlDatabase,mangoNoSql.noPointsToMerge,沒有點合併,沒有點合併,no_change
mangoNoSqlDatabase,mangoNoSql.mergeNotRunning,閒置的,閒置的,no_change
mangoNoSqlDatabase,mangoNoSql.mergeRunning,執行,執行,no_change
mangoNoSqlDatabase,mangoNoSql.mergeCancelled,Mango NOSQL合併已取消,Mango NOSQL合併已取消,no_change
mangoNoSqlDatabase,mangoNoSql.mergeCancelFailed,Mango NOSQL合併取消失敗,Mango NOSQL合併取消失敗,no_change
mangoNoSqlDatabase,mangoNoSql.mergeCancelRequested,Mango NOSQL合併取消請求,Mango NOSQL合併取消請求,no_change
mangoNoSqlDatabase,mangoNoSql.tsdbToMergeDoesNotExist,NOSQL資料庫未找到合併,NOSQL資料庫未找到合併,no_change
mangoNoSqlDatabase,mangoNoSql.mergeError,{0},{0},no_change
mangoNoSqlDatabase,mangoNoSql.mergeRemotePointNotFound,沒有XID的資料點找到遠端點：''{0}''。跳過這一點的合併。,沒有XID的資料點找到遠端點：''{0}''。跳過這一點的合併。,no_change
mangoNoSqlDatabase,mangoNoSql.mergePropertiesFailure,異常載入合併DB.Properties檔案。,異常載入合併DB.Properties檔案。,no_change
mangoNoSqlDatabase,mangoNoSql.mergeNoDbProperties,資料庫中沒有db. -properties檔案。,資料庫中沒有db. -properties檔案。,no_change
mangoNoSqlDatabase,mangoNoSql.cannotMergeIntoSelf,源資料庫不能是當前的 Mango 資料庫。,源資料庫不能是當前的 Mango 資料庫。,no_change
mangoNoSqlDatabase,mangoNoSql.mergration,將 Mango NOSQL資料遷移到 Mango,將 Mango NOSQL資料遷移到 Mango,no_change
mangoNoSqlDatabase,mangoNoSql.mergrateNow,mirgrate Mango nosql現在,mirgrate Mango nosql現在,no_change
mangoNoSqlDatabase,mangoNoSql.mergrationStatus,地位,地位,no_change
mangoNoSqlDatabase,mangoNoSql.mergrationCount,總點處理,總點處理,no_change
mangoNoSqlDatabase,mangoNoSql.mergrationValues,總數值,總數值,no_change
mangoNoSqlDatabase,mangoNoSql.mergrationTime,執行時間,執行時間,no_change
mangoNoSqlDatabase,mangoNoSql.mergrateRunning,Mango NOSQL遷移已經在執行,Mango NOSQL遷移已經在執行,no_change
mangoNoSqlDatabase,mangoNoSql.noPointsToMergrate,沒有遷移的要點,沒有遷移的要點,no_change
mangoNoSqlDatabase,mangoNoSql.startDate,開始日期,開始日期,no_change
mangoNoSqlDatabase,mangoNoSql.endDate,結束日期,結束日期,no_change
mangoNoSqlDatabase,mangoNoSql.mergrationNotRunning,閒置的,閒置的,no_change
mangoNoSqlDatabase,mangoNoSql.mergrationRunning,執行,執行,no_change
mangoNoSqlDatabase,mangoNoSql.mergrationCancelled,Mango nosql遷移取消,Mango nosql遷移取消,no_change
mangoNoSqlDatabase,mangoNoSql.mergrationCancelFailed,Mango nosql遷移取消失敗,Mango nosql遷移取消失敗,no_change
mangoNoSqlDatabase,mangoNoSql.mergrationCancelRequested,Mango NOSQL遷移取消請求,Mango NOSQL遷移取消請求,no_change
mangoNoSqlDatabase,mangoNoSql.mergrationError,{0},{0},no_change
mangoNoSqlDatabase,mangoNoSql.mergrationRemotePointNotFound,沒有找到XID的遠端點：''{0}''。跳過這一點的匯入。,沒有找到XID的遠端點：''{0}''。跳過這一點的匯入。,no_change
mangoNoSqlDatabase,mangoNoSql.mergrationLocalPointNotFound,找不到XID的本地點：''{0}''。跳過這一點的匯入。,找不到XID的本地點：''{0}''。跳過這一點的匯入。,no_change
mangoNoSqlDatabase,mangoNoSql.tsdbToMergrateDoesNotExist,源 Mango NOSQL資料庫不存在,源 Mango NOSQL資料庫不存在,no_change
mangoNoSqlDatabase,mangoNoSql.backupFileListDesc,來自配置的備份目錄的NOSQL備份檔案列表。,來自配置的備份目錄的NOSQL備份檔案列表。,no_change
mangoNoSqlDatabase,mangoNoSql.pointJsonDataStoreSizeDesc,取得點json時間NOSQL資料庫的大小。,取得點json時間NOSQL資料庫的大小。,no_change
mangoNoSqlDatabase,mangoNoSql.statsDesc,取得有關點值時間NOSQL資料庫的當前統計資訊。,取得有關點值時間NOSQL資料庫的當前統計資訊。,no_change
mangoNoSqlDatabase,mangoNoSql.event.freeMode,Mango NOSQL資料庫以自由模式執行， Mango 將在{0}處關閉。,Mango NOSQL資料庫以自由模式執行， Mango 將在{0}處關閉。,no_change
mangoNoSqlDatabase,mangoNoSql.event.freeModeSimple,Mango NOSQL資料庫以自由模式執行， Mango 將關閉,Mango NOSQL資料庫以自由模式執行， Mango 將關閉,no_change
mangoNoSqlDatabase,mangoNoSql.backdatePosterRunning,Backdate poster running,Backdate poster running,no_change
mangoNoSqlDatabase,mangoNoSql.backdatesQueued,Backdates queued,Backdates queued,no_change
mangoNoSqlDatabase,mangoNoSql.totalBackdates,總回報,總回報,no_change
mangoNoSqlDatabase,mangoNoSql.sqlStatement,SQL語句,SQL語句,no_change
mangoNoSqlDatabase,mangoNoSql.executeSql,詢問,詢問,no_change
mangoNoSqlDatabase,mangoNoSql.restore,還原 Mango NOSQL資料庫,還原 Mango NOSQL資料庫,no_change
mangoNoSqlDatabase,mangoNoSql.restoreNow,現在還原,現在還原,no_change
mangoNoSqlDatabase,mangoNoSql.selectBackup,選擇備份,選擇備份,no_change
mangoNoSqlDatabase,mangoNoSql.backupFiles,備份檔案,備份檔案,no_change
mangoNoSqlDatabase,mangoNoSql.incrementalRestore,增量還原,增量還原,no_change
mangoNoSqlDatabase,mangoNoSql.validate.fileDoesNotExist,還原檔案不存在：{0},還原檔案不存在：{0},no_change
mangoNoSqlDatabase,mangoNoSql.restoreNotRunning,還原未執行,還原未執行,no_change
mangoNoSqlDatabase,mangoNoSql.restoreCancelled,還原取消,還原取消,no_change
mangoNoSqlDatabase,mangoNoSql.restoreCancelFailed,還原取消失敗,還原取消失敗,no_change
mangoNoSqlDatabase,mangoNoSql.restoreCancelRequested,還原取消請求,還原取消請求,no_change
mangoNoSqlDatabase,mangoNoSql.restoreRunning,還原執行,還原執行,no_change
mangoNoSqlDatabase,mangoNoSql.restoreError,{0},{0},no_change
mangoNoSqlDatabase,mangoNoSql.validate.notDirectory,不是目錄,不是目錄,no_change
mangoNoSqlDatabase,mangoNoSql.restoreSource,源目錄,源目錄,no_change
mangoNoSqlDatabase,mangoNoSql.restoreDestination,目標目錄,目標目錄,no_change
mangoNoSqlDatabase,mangoNoSql.event.dataLost,資料丟失事件,資料丟失事件,no_change
mangoNoSqlDatabase,mangoNoSql.event.dataLostEventMessage,由於：{1}無法保存{0}點值，請檢查日誌以取得更多資訊。,由於：{1}無法保存{0}點值，請檢查日誌以取得更多資訊。,no_change
mangoNoSqlDatabase,mangoNoSql.event.dataQueued,資料排隊事件,資料排隊事件,no_change
mangoNoSqlDatabase,mangoNoSql.event.dataQueuedEventMessage,點值資料被排隊，當前隊列大小{0},點值資料被排隊，當前隊列大小{0},no_change
mangoNoSqlDatabase,mangoNoSql.lastFlushTime,最後的沖洗執行時間（MS）,最後的沖洗執行時間（MS）,no_change
mangoNoSqlDatabase,mangoNoSql.openFiles,打開檔案,打開檔案,no_change
mangoNoSqlDatabase,mangoNoSql.openShards,開放式碎片,開放式碎片,no_change
mangoNoSqlDatabase,mangoNoSql.writeCount,寫入計數,寫入計數,no_change
mangoNoSqlDatabase,mangoNoSql.writesPerSecond,每秒寫入,每秒寫入,no_change
mangoNoSqlDatabase,mangoNoSql.settingsSaved,Mango NOSQL設定保存,Mango NOSQL設定保存,no_change
mangoNoSqlDatabase,mangoNoSql.linksReloaded,碎片鏈接重新載入,碎片鏈接重新載入,no_change
mangoNoSqlDatabase,mangoNoSql.reloadedPercentage,系列鏈接重新載入完成：,系列鏈接重新載入完成：,no_change
mangoNoSqlDatabase,mangoNoSql.reloadLinksFailed,重新載入鏈接失敗：{0},重新載入鏈接失敗：{0},no_change
mangoNoSqlDatabase,mangoNoSql.reloadingLinks,重新載入鏈接,重新載入鏈接,no_change
mangoNoSqlDatabase,mangoNoSql.noSqlBackup,NOSQL備份,NOSQL備份,no_change
mangoNoSqlDatabase,mangoNoSql.backupSuccess,備份到{backupfile},備份到{backupfile},no_change
mangoNoSqlDatabase,mangoNoSql.incrementalBackups,增量備份,增量備份,no_change
mangoNoSqlDatabase,mangoNoSql.backupFileCountCaution,注意，當使用增量備份時，請確保保持足夠的版本以保留所需的資料。,注意，當使用增量備份時，請確保保持足夠的版本以保留所需的資料。,no_change
mangoNoSqlDatabase,mangoNoSql.writeBehindSpawnThreshold,批次寫入在產卵閾值後面,批次寫入在產卵閾值後面,no_change
mangoNoSqlDatabase,mangoNoSql.writeBehindMaxInstances,最大批次寫入在任務後面,最大批次寫入在任務後面,no_change
mangoNoSqlDatabase,mangoNoSql.writeBehindMaxInserts,最大批量大小,最大批量大小,no_change
mangoNoSqlDatabase,mangoNoSql.writeBehindMinInserts,最小批量尺寸,最小批量尺寸,no_change
mangoNoSqlDatabase,mangoNoSql.stalePointCleanInterval,點清潔間隔（MS）,點清潔間隔（MS）,no_change
mangoNoSqlDatabase,mangoNoSql.stalePointDataPeriod,過時的資料周期（MS）,過時的資料周期（MS）,no_change
mangoNoSqlDatabase,mangoNoSql.batchProcessPeriodMs,批處理過程經理期（MS）,批處理過程經理期（MS）,no_change
mangoNoSqlDatabase,mangoNoSql.minDataFlushInterval,最少的時間等待，然後沖洗小批量（MS）,最少的時間等待，然後沖洗小批量（MS）,no_change
mangoNoSqlDatabase,mangoNoSql.statusUpdatePeriod,狀態更新期（MS）,狀態更新期（MS）,no_change
mangoNoSqlDatabase,mangoNoSql.writeBehindBackdateDelay,延遲編寫入備用批次（MS）,延遲編寫入備用批次（MS）,no_change
mangoNoSqlDatabase,mangoNoSql.corruptionScanThreadCount,損壞掃描任務線程,損壞掃描任務線程,no_change
mangoNoSqlDatabase,mangoNoSql.intraShardPurge,在碎片內清除,在碎片內清除,no_change
mangoNoSqlDatabase,mangoNoSql.migration.fromCannotBeAfterTo,從日期起必須是之前,從日期起必須是之前,no_change
mangoNoSqlDatabase,mangoNoSql.migration.highPriority,高優先級,高優先級,no_change
mangoNoSqlDatabase,mangoNoSql.migration.mediumPriority,中優先級,中優先級,no_change
mangoNoSqlDatabase,mangoNoSql.migration.lowPriority,低優先級,低優先級,no_change
mangoNoSqlDatabase,mangoNoSql.merge.notEnoughFileDescriptors,合併失敗，您需要{0}可用的檔案描述符，但只有{1},合併失敗，您需要{0}可用的檔案描述符，但只有{1},no_change
mangoNoSqlDatabase,mangoNoSql.databaseState,狀態,狀態,no_change
mangoNoSqlDatabase,mangoNoSql.markAsDirty,標記為骯髒,標記為骯髒,no_change
mangoNoSqlDatabase,mangoNoSql.dirtyDatabase,骯髒資料庫,骯髒資料庫,no_change
mangoNoSqlDatabase,mangoNoSql.cleanDatabase,清潔資料庫,清潔資料庫,no_change
mangoNoSqlDatabase,mangoNoSql.systemSettings.reallyBackupNow,現在真的備份了嗎？,現在真的備份了嗎？,no_change
mangoNoSqlDatabase,mangoNoSql.systemSettings.reloadLinkLookupFast,重新載入鏈接（快速）,重新載入鏈接（快速）,no_change
mangoNoSqlDatabase,mangoNoSql.systemSettings.reloadLinkLookupSlow,重新載入鏈接和洗牌片,重新載入鏈接和洗牌片,no_change
mangoNoSqlDatabase,mangoNoSql.systemSettings.reallyReloadLinks,真的重新載入鏈接嗎？,真的重新載入鏈接嗎？,no_change
mangoNoSqlDatabase,mangoNoSql.permission.backup,NOSQL備份,NOSQL備份,no_change
mangoNoSqlDatabase,mangoNoSql.permission.restore,NOSQL還原,NOSQL還原,no_change
mangoNoSqlDatabase,mangoNoSql.permission.reloadLinks,NOSQL重新載入鏈接,NOSQL重新載入鏈接,no_change
mangoNoSqlDatabase,mangoNoSql.validate.direcotryDNE,目錄不存在,目錄不存在,no_change
mangoNoSqlDatabase,mangoNoSql.validate.directoryNotWritable,目錄不寫入,目錄不寫入,no_change
mangoNoSqlDatabase,mangoNoSql.validate.locationNotDirectory,位置不是目錄,位置不是目錄,no_change
mangoNoSqlDatabase,dox.mangoNoSqlSettings,NOSQL設定有幫助,NOSQL設定有幫助,no_change
mangoNoSqlDatabase,dox.mangoNoSqlMigration,SQL資料遷移幫助,SQL資料遷移幫助,no_change
mangoNoSqlDatabase,dox.mangoNoSqlRestore,還原資料庫幫助,還原資料庫幫助,no_change
mangoNoSqlDatabase,dox.mangoNoSqlMerge,Mango NOSQL合併資料庫幫助,Mango NOSQL合併資料庫幫助,no_change
mangoNoSqlDatabase,dox.mangoNoSqlMergration,Mango NOSQL資料遷移幫助,Mango NOSQL資料遷移幫助,no_change
mangoNoSqlDatabase,rest.error.noSql.recordTooLarge,記錄太大,記錄太大,no_change
mangoNoSqlDatabase,rest.error.noSql.someRecordsTooLarge,某些記錄太大了,某些記錄太大了,no_change
mangoUI,ui.settings.publicUrlPrefix,公共URL前綴,公共URL前綴,no_change
mangoUI,ui.settings.privateUrlPrefix,私有URL前綴,私有URL前綴,no_change
mangoUI,ui.dox.virtualSerialPort,Mango serial socket 橋接,Mango serial socket 橋接,no_change
mangoUI,ui.dox.runTimeStatus,資料來源執行時狀態,資料來源執行時狀態,no_change
mangoUI,ui.dox.dataPoint,資料點,資料點,no_change
mangoUI,ui.dox.datePresets,資料選取和預設,資料選取和預設,no_change
mangoUI,ui.dox.stateChart,多標圖,多標圖,no_change
mangoUI,ui.dox.switchImage,開關圖像,開關圖像,no_change
mangoUI,ui.dox.tanks,Tanks,Tanks,no_change
mangoUI,ui.dox.statePieChart,狀態餅圖,狀態餅圖,no_change
mangoUI,ui.dox.latestPointValues,最新的點值,最新的點值,no_change
mangoUI,ui.dox.pointArrayLineChart,陣列的線圖,陣列的線圖,no_change
mangoUI,ui.dox.pointArrayTable,點值表,點值表,no_change
mangoUI,ui.dox.pointArrayTemplating,點陣列和範本,點陣列和範本,no_change
mangoUI,ui.dox.templating,範本,範本,no_change
mangoUI,ui.dox.getPointByXid,取得XID點,取得XID點,no_change
mangoUI,ui.dox.liveUpdatingChart,實時更新圖表,實時更新圖表,no_change
mangoUI,ui.dox.sliders,Sliders,Sliders,no_change
mangoUI,ui.dox.styleViaValue,通過Value的樣式,通過Value的樣式,no_change
mangoUI,ui.dox.multistateRadio,多標準選取按鈕,多標準選取按鈕,no_change
mangoUI,ui.dox.extendApp,擴展應用程序,擴展應用程序,no_change
mangoUI,ui.dox.pointHierarchyLineChart,點層次結構圖表,點層次結構圖表,no_change
mangoUI,ui.dox.loginPageTemplate,帶有登錄頁面的應用程序,帶有登錄頁面的應用程序,no_change
mangoUI,ui.dox.dailyComparisonChart,每日比較圖,每日比較圖,no_change
mangoUI,ui.dox.dataSourcePage,資料來源頁面,資料來源頁面,no_change
mangoUI,ui.dox.watchList,觀看列表,觀看列表,no_change
mangoUI,ui.dox.eventHandlers,事件處理程序,事件處理程序,no_change
mangoUI,ui.dox.eventHandlers.email,電子郵件事件處理程序,電子郵件事件處理程序,no_change
mangoUI,ui.dox.eventHandlers.setPoint,設定點事件處理程序,設定點事件處理程序,no_change
mangoUI,ui.dox.eventHandlers.process,過程事件處理程序,過程事件處理程序,no_change
mangoUI,ui.dox.svgWindRose,風升,風升,no_change
mangoUI,ui.dox.userAuthTokens,用戶驗證令牌,用戶驗證令牌,no_change
mangoUI,ui.dox.googleMaps,Google地圖,Google地圖,no_change
mangoUI,ui.dox.adaptiveLayouts,自適應佈局,自適應佈局,no_change
mangoUI,ui.dox.apiDocs,API文檔,API文檔,no_change
mangoUI,ui.dox.components,成分,成分,no_change
mangoUI,ui.dox.freeMarker,免費標記範本,免費標記範本,no_change
mangoUI,ui.app.editMenuNote,注意：更改URL路徑，鏈接頁面或範本將在重新載入瀏覽器窗口之前不會生效。,注意：更改URL路徑，鏈接頁面或範本將在重新載入瀏覽器窗口之前不會生效。,no_change
mangoUI,ui.app.permissionRequiredHint,需要這些權限中的任何一個以顯示菜單項,需要這些權限中的任何一個以顯示菜單項,no_change
mangoUI,ui.app.roleRequired,需要角色,需要角色,no_change
mangoUI,ui.app.roleRequiredHint,需要這些角色中的任何一個以顯示菜單項（每個用戶都隱含具有“用戶”角色）,需要這些角色中的任何一個以顯示菜單項（每個用戶都隱含具有“用戶”角色）,no_change
mangoUI,ui.app.templateUrlHint,範本URL相對於UI目錄。,範本URL相對於UI目錄。,no_change
mangoUI,ui.app.stateUrlHint,選擇此菜單項的路徑。用父級網址預式路徑。,選擇此菜單項的路徑。用父級網址預式路徑。,no_change
mangoUI,ui.app.stateNameHint,完整的狀態名稱為{0},完整的狀態名稱為{0},no_change
mangoUI,ui.app.menuPath,菜單路徑,菜單路徑,no_change
mangoUI,ui.app.defaultUrlHint,用戶的家庭URL優先，URL與 /UI相關,用戶的家庭URL優先，URL與 /UI相關,no_change
mangoUI,ui.app.expandDateBar,擴展日期欄,擴展日期欄,no_change
mangoUI,ui.app.openHelpPageInNewWindow,在新窗口中開放幫助,在新窗口中開放幫助,no_change
mangoUI,ui.app.noPointsToDisplay,沒有顯示的資料點,沒有顯示的資料點,no_change
mangoUI,ui.app.loadingPoints,載入資料點...,載入資料點...,no_change
mangoUI,ui.app.noMatchesFound,找不到'{0}'的符合項,找不到'{0}'的符合項,no_change
mangoUI,ui.app.confirmRestoreDefaultMenu,您的所有自定義菜單項將丟失，菜單將恢復為預設配置。,您的所有自定義菜單項將丟失，菜單將恢復為預設配置。,no_change
mangoUI,ui.app.copyToNewPage,將標記複製到新的自定義頁面,將標記複製到新的自定義頁面,no_change
mangoUI,ui.app.watchList,觀看列表,觀看列表,no_change
mangoUI,ui.app.addExpression,新增表達,新增表達,no_change
mangoUI,ui.app.rql,RQL,RQL,no_change
mangoUI,ui.app.dataSource,資料來源,資料來源,no_change
mangoUI,ui.app.static,靜止的,靜止的,no_change
mangoUI,ui.app.start,開始,開始,no_change
mangoUI,ui.app.watchLists,觀看列表,觀看列表,no_change
mangoUI,ui.app.dataSources,資料來源,資料來源,no_change
mangoUI,ui.app.dataSourceX,資料來源{0},資料來源{0},no_change
mangoUI,ui.app.filterDataPoints,顯示過濾器輸入,顯示過濾器輸入,no_change
mangoUI,ui.app.dataPoint,資料點,資料點,no_change
mangoUI,ui.app.dataPoints,資料點,資料點,no_change
mangoUI,ui.app.metaDataPoints,元資料點,元資料點,no_change
mangoUI,ui.app.publishers,出版商,出版商,no_change
mangoUI,ui.app.xEventHandlers,{0，複數，= 0 {處理此事件類型} = 1 {1事件處理程序}其他{＃Event Handlers}},{0，複數，= 0 {處理此事件類型} = 1 {1事件處理程序}其他{＃Event Handlers}},no_change
mangoUI,ui.app.eventTypes,事件類型,事件類型,no_change
mangoUI,ui.app.inactiveSchedule,不活動的時間表,不活動的時間表,no_change
mangoUI,ui.app.path,層次結構路徑,層次結構路徑,no_change
mangoUI,ui.app.set,放,放,no_change
mangoUI,ui.app.acknowledgeXEvents,確認{0，複數，= 1 {1 evert}其他{＃events}}},確認{0，複數，= 1 {1 evert}其他{＃events}}},no_change
mangoUI,ui.app.acknowledgedStatus,確認狀態,確認狀態,no_change
mangoUI,ui.app.acknowledgedByAt,{0}在{1}上認可,{0}在{1}上認可,no_change
mangoUI,ui.app.eventId,事件ID,事件ID,no_change
mangoUI,ui.app.data,資料,資料,no_change
mangoUI,ui.app.point,點,點,no_change
mangoUI,ui.app.source,來源,來源,no_change
mangoUI,ui.app.dateRangePreset,快速日期,快速日期,no_change
mangoUI,ui.app.rollupType,滾動類型,滾動類型,no_change
mangoUI,ui.app.rollupIntervals,滾動間隔,滾動間隔,no_change
mangoUI,ui.app.rollupUnit,滾動單元,滾動單元,no_change
mangoUI,ui.app.autoRollup,自動匯總,自動匯總,no_change
mangoUI,ui.app.updateIntervals,更新間隔,更新間隔,no_change
mangoUI,ui.app.stats,統計,統計,no_change
mangoUI,ui.app.stacked,堆疊,堆疊,no_change
mangoUI,ui.app.stackType,堆棧類型,堆棧類型,no_change
mangoUI,ui.app.chooseMarker,選擇要編輯的標記,選擇要編輯的標記,no_change
mangoUI,ui.app.lat,緯度,緯度,no_change
mangoUI,ui.app.long,經度,經度,no_change
mangoUI,ui.app.selectMarkerIcon,選擇標記圖標,選擇標記圖標,no_change
mangoUI,ui.app.newMarker,新標記,新標記,no_change
mangoUI,ui.app.farLeft,外部左,外部左,no_change
mangoUI,ui.app.farRight,外部右,外部右,no_change
mangoUI,ui.app.pickColors,選擇顏色,選擇顏色,no_change
mangoUI,ui.app.configureNextPoint,配置下一點,配置下一點,no_change
mangoUI,ui.app.lineColor,線顏色,線顏色,no_change
mangoUI,ui.app.leftAxis,左軸,左軸,no_change
mangoUI,ui.app.rightAxis,右軸,右軸,no_change
mangoUI,ui.app.outerLeftAxis,左外軸,左外軸,no_change
mangoUI,ui.app.OuterRightAxis,右外軸,右外軸,no_change
mangoUI,ui.app.mapsApiKey,Google地圖API密鑰,Google地圖API密鑰,no_change
mangoUI,ui.app.googleAnalyticsPropertyId,Google Analytics（分析屬性ID）,Google Analytics（分析屬性ID）,no_change
mangoUI,ui.app.dateBarAndRollup,日期和匯總,日期和匯總,no_change
mangoUI,ui.app.pattern,圖案,圖案,no_change
mangoUI,ui.app.autoSwitchTime,自動切換到時間,自動切換到時間,no_change
mangoUI,ui.app.nameContains,名稱包含,名稱包含,no_change
mangoUI,ui.app.nameIsLike,名字就像,名字就像,no_change
mangoUI,ui.app.hierarchyPath,層次結構路徑,層次結構路徑,no_change
mangoUI,ui.app.subFoldersOnly,僅子檔案夾,僅子檔案夾,no_change
mangoUI,ui.app.dataSourceXid,資料來源XID,資料來源XID,no_change
mangoUI,ui.app.dataSourceName,資料來源名稱,資料來源名稱,no_change
mangoUI,ui.app.nameMatches,名稱符合,名稱符合,no_change
mangoUI,ui.app.filteringSelect,可搜索的下拉列表,可搜索的下拉列表,no_change
mangoUI,ui.app.csv,CSV（單值列）,CSV（單值列）,no_change
mangoUI,ui.app.csvCombined,CSV（單獨的值列）,CSV（單獨的值列）,no_change
mangoUI,ui.app.json,JSON（單獨的數組）,JSON（單獨的數組）,no_change
mangoUI,ui.app.jsonCombined,JSON（組合陣列）,JSON（組合陣列）,no_change
mangoUI,ui.app.downloadDataForCheckedPoints,僅下載資料僅用於檢查點,僅下載資料僅用於檢查點,no_change
mangoUI,ui.app.downloadDataForAllPoints,在觀察列表上下載所有點的資料,在觀察列表上下載所有點的資料,no_change
mangoUI,ui.app.timeFormat,時間格式,時間格式,no_change
mangoUI,ui.app.timeFormat.iso,ISO 8601,ISO 8601,no_change
mangoUI,ui.app.timeFormat.epoch,時期時間戳,時期時間戳,no_change
mangoUI,ui.app.timeFormat.excelCompatible,Excel,Excel,no_change
mangoUI,ui.app.timeFormat.excelCompatibleMs,Excel（MS Precision）,Excel（MS Precision）,no_change
mangoUI,ui.app.timezone.utc,世界標準時間,世界標準時間,no_change
mangoUI,ui.app.cancelledOrNoResponse,取消或沒有回复,取消或沒有回复,no_change
mangoUI,ui.app.downloadPointValues,下載點值,下載點值,no_change
mangoUI,ui.app.errorSavingWatchlist,保存錯誤觀察列表：{0},保存錯誤觀察列表：{0},no_change
mangoUI,ui.app.watchListSaved,觀看列表成功保存,觀看列表成功保存,no_change
mangoUI,ui.app.discardUnsavedChanges,丟棄未保存的更改？,丟棄未保存的更改？,no_change
mangoUI,ui.app.pageSaved,頁面'{0}'保存,頁面'{0}'保存,no_change
mangoUI,ui.app.errorSavingPage,錯誤保存頁面'{0}' -  {1},錯誤保存頁面'{0}' -  {1},no_change
mangoUI,ui.app.pathNotFound,找不到路徑{0}，請檢查路徑然後重試。,找不到路徑{0}，請檢查路徑然後重試。,no_change
mangoUI,ui.app.unauthorized,未經授權,未經授權,no_change
mangoUI,ui.app.unauthorizedPath,您無權存取此路徑。,您無權存取此路徑。,no_change
mangoUI,ui.app.insecureHash,該用戶的密碼已使用舊算法哈希，請更新密碼。,該用戶的密碼已使用舊算法哈希，請更新密碼。,no_change
mangoUI,ui.app.poweredBy,由{0}驅動,由{0}驅動,no_change
mangoUI,ui.app.clientErrorOccurredTransitioning,過渡到URL {0}時發生的客戶端端錯誤,過渡到URL {0}時發生的客戶端端錯誤,no_change
mangoUI,ui.app.xid,XID,XID,no_change
mangoUI,ui.app.configureSeries,配置所有點/系列,配置所有點/系列,no_change
mangoUI,ui.app.previewWatchListParameters,參數輸入的預覽,參數輸入的預覽,no_change
mangoUI,ui.app.chooseWatchListParameters,選擇參數並設定預設值,選擇參數並設定預設值,no_change
mangoUI,ui.app.usePlainTextArea,使用純文本區域,使用純文本區域,no_change
mangoUI,ui.app.numberOfValues,值數,值數,no_change
mangoUI,ui.app.moduleUnloaded,由於不滿意的依賴性，模塊被卸載,由於不滿意的依賴性，模塊被卸載,no_change
mangoUI,ui.app.showItemAsFolder,將菜單項顯示為檔案夾,將菜單項顯示為檔案夾,no_change
mangoUI,ui.app.menuTextAndIcon,菜單文字和圖標,菜單文字和圖標,no_change
mangoUI,ui.app.stateNameAndUrl,狀態名稱和URL,狀態名稱和URL,no_change
mangoUI,ui.app.linkToContent,鏈接到內容,鏈接到內容,no_change
mangoUI,ui.app.dateBarSettings,日期欄設定,日期欄設定,no_change
mangoUI,ui.app.noContent,沒有內容（僅限檔案夾）,沒有內容（僅限檔案夾）,no_change
mangoUI,ui.app.mangoLegacyWindow,Mango 遺產窗口,Mango 遺產窗口,no_change
mangoUI,ui.app.upgradeError,升級錯誤：{0},升級錯誤：{0},no_change
mangoUI,ui.app.pointValuesLimit,點值限制,點值限制,no_change
mangoUI,ui.app.pointValuesLimited,點值限制為{0}值，請減少時間範圍或調整匯總間隔,點值限制為{0}值，請減少時間範圍或調整匯總間隔,no_change
mangoUI,ui.app.deletePage,刪除頁面,刪除頁面,no_change
mangoUI,ui.app.editNameAndPermissions,編輯名稱和權限,編輯名稱和權限,no_change
mangoUI,ui.app.na,N/A。,N/A。,no_change
mangoUI,ui.app.hasNotes,有筆記,有筆記,no_change
mangoUI,ui.app.errorCheckingForUpgrades,錯誤檢查升級 -  {0},錯誤檢查升級 -  {0},no_change
mangoUI,ui.app.eventAudioFiles,事件音頻和通知,事件音頻和通知,no_change
mangoUI,ui.app.audioFile,音頻檔案,音頻檔案,no_change
mangoUI,ui.app.eventLevel,事件級別,事件級別,no_change
mangoUI,ui.app.readMessageAloud,大聲朗讀消息,大聲朗讀消息,no_change
mangoUI,ui.app.visualNotification,視覺通知,視覺通知,no_change
mangoUI,ui.app.simplify,簡化,簡化,no_change
mangoUI,ui.app.simplifyTolerance,簡化公差,簡化公差,no_change
mangoUI,ui.app.autoSimplifyTolerance,自動公差,自動公差,no_change
mangoUI,ui.app.authTokens,身份令牌,身份令牌,no_change
mangoUI,ui.app.editUserX,編輯用戶{0},編輯用戶{0},no_change
mangoUI,ui.app.expiryPreset,快速到期日期,快速到期日期,no_change
mangoUI,ui.app.expiryDate,到期日,到期日,no_change
mangoUI,ui.app.authToken,身份驗證令牌,身份驗證令牌,no_change
mangoUI,ui.app.createAuthToken,建立auth令牌,建立auth令牌,no_change
mangoUI,ui.app.revokeAuthTokensForUser,撤銷{0}的驗證令牌,撤銷{0}的驗證令牌,no_change
mangoUI,ui.app.revokeAllAuthTokens,撤銷所有授權令牌,撤銷所有授權令牌,no_change
mangoUI,ui.app.confirmRevokeAuthTokensForUser,撤銷{0}的身份驗證令牌？,撤銷{0}的身份驗證令牌？,no_change
mangoUI,ui.app.confirmRevokeAllAuthTokens,撤銷所有用戶的所有身份驗證令牌？這將更改用於簽署JWT Auth令牌的私鑰。,撤銷所有用戶的所有身份驗證令牌？這將更改用於簽署JWT Auth令牌的私鑰。,no_change
mangoUI,ui.app.revokeAuthTokensForUserSuccess,成功撤銷了{0}的身份驗證令牌,成功撤銷了{0}的身份驗證令牌,no_change
mangoUI,ui.app.revokeAuthTokensForUserFailure,無法撤銷{0}的身份驗證令牌：{1},無法撤銷{0}的身份驗證令牌：{1},no_change
mangoUI,ui.app.revokeAllAuthTokensSuccess,成功撤銷了所有身份驗證令牌,成功撤銷了所有身份驗證令牌,no_change
mangoUI,ui.app.revokeAllAuthTokensFailure,無法撤銷所有身份驗證令牌：{0},無法撤銷所有身份驗證令牌：{0},no_change
mangoUI,ui.app.createAuthTokenSuccess,建立了身份驗證令牌,建立了身份驗證令牌,no_change
mangoUI,ui.app.createAuthTokenFailure,無法建立身份驗證令牌：{0},無法建立身份驗證令牌：{0},no_change
mangoUI,ui.app.deleteSelectedPoints,刪除選定的資料點,刪除選定的資料點,no_change
mangoUI,ui.app.xidShort,XID,XID,no_change
mangoUI,ui.app.null,<NULL>,<NULL>,no_change
mangoUI,ui.app.pointXofX,{1}的點{0},{1}的點{0},no_change
mangoUI,ui.app.xPointsSelectedLong,{0，複數，= 0 {無資料點} = 1 {1 data Point}其他{＃資料點}}選擇,{0，複數，= 0 {無資料點} = 1 {1 data Point}其他{＃資料點}}選擇,no_change
mangoUI,ui.app.fixedTagValue,固定標籤值,固定標籤值,no_change
mangoUI,ui.app.noTags,沒有標籤，在下面新增一個,沒有標籤，在下面新增一個,no_change
mangoUI,ui.app.newTagWatchList,新標籤觀察列表,新標籤觀察列表,no_change
mangoUI,ui.app.sortBy,按''{0}''排序,按''{0}''排序,no_change
mangoUI,ui.app.resetColumn,重置列''{0}''',重置列''{0}''',no_change
mangoUI,ui.app.nullColumn,設定列'{0}''to null,設定列'{0}''to null,no_change
mangoUI,ui.app.removeTag,刪除標籤''{0}'',刪除標籤''{0}'',no_change
mangoUI,ui.app.selectAll,選擇全部,選擇全部,no_change
mangoUI,ui.app.deselectAll,取消選擇,取消選擇,no_change
mangoUI,ui.app.bulkEditNoChanges,沒有改變,沒有改變,no_change
mangoUI,ui.app.bulkEditNoPointsSelected,未選擇資料點,未選擇資料點,no_change
mangoUI,ui.app.bulkEditConfirmEdit,編輯{0，複數，= 1 {1 data Point}其他{＃資料點}}？,編輯{0，複數，= 1 {1 data Point}其他{＃資料點}}？,no_change
mangoUI,ui.app.bulkEditConfirmDelete,刪除{0，複數，= 1 {1 data Point}其他{＃資料點}}？,刪除{0，複數，= 1 {1 data Point}其他{＃資料點}}？,no_change
mangoUI,ui.app.bulkEditConfirmPurge,{0，複數，= 1 {1 data Point}的清除點值其他{＃data Point}}？,{0，複數，= 1 {1 data Point}的清除點值其他{＃data Point}}？,no_change
mangoUI,ui.app.bulkEditConfirmPurgeDataSource,資料來源的清除點值'{0}'？,資料來源的清除點值'{0}'？,no_change
mangoUI,ui.app.errorStartingBulkEdit,錯誤開始編輯：{0},錯誤開始編輯：{0},no_change
mangoUI,ui.app.bulkEditCancelled,編輯取消，處理{1}點的處理{0}，{2}有錯誤。,編輯取消，處理{1}點的處理{0}，{2}有錯誤。,no_change
mangoUI,ui.app.bulkEditTimedOut,編輯時間，{1}點的處理{0}，{2}有錯誤。,編輯時間，{1}點的處理{0}，{2}有錯誤。,no_change
mangoUI,ui.app.bulkEditError,編輯錯誤，{1}點的處理{0}，{2}有錯誤。錯誤：{3},編輯錯誤，{1}點的處理{0}，{2}有錯誤。錯誤：{3},no_change
mangoUI,ui.app.bulkEditSuccess,編輯成功完成，處理了所有{0}點，沒有任何錯誤。,編輯成功完成，處理了所有{0}點，沒有任何錯誤。,no_change
mangoUI,ui.app.bulkEditSuccessWithErrors,編輯完成，處理{1}點的處理{0}，{2}有錯誤。,編輯完成，處理{1}點的處理{0}，{2}有錯誤。,no_change
mangoUI,ui.app.showPointBrowser,顯示點瀏覽器,顯示點瀏覽器,no_change
mangoUI,ui.app.hidePointBrowser,隱藏點瀏覽器,隱藏點瀏覽器,no_change
mangoUI,ui.app.customTimeFormat,自定義時間格式,自定義時間格式,no_change
mangoUI,ui.app.showRevisionHistory,顯示修訂歷史記錄,顯示修訂歷史記錄,no_change
mangoUI,ui.app.downloadManifest,下載模塊清單,下載模塊清單,no_change
mangoUI,ui.app.downloadCSV,下載CSV,下載CSV,no_change
mangoUI,ui.app.uploadCSV,上傳CSV,上傳CSV,no_change
mangoUI,ui.app.uploadingCSV,上傳CSV,上傳CSV,no_change
mangoUI,ui.app.requiredParameter,不提供所需參數,不提供所需參數,no_change
mangoUI,ui.app.saveSettings,保存設定,保存設定,no_change
mangoUI,ui.app.saveAsNewWatchList,另存為新觀察列表,另存為新觀察列表,no_change
mangoUI,ui.app.errorGettingPoints,錯誤取得點：{0},錯誤取得點：{0},no_change
mangoUI,ui.app.rowNumber,排,排,no_change
mangoUI,ui.app.errorDoingX,error {0，選擇，建立{建立} update {updatitating} delete {deleting}其他{perfort {perfort {perform of}}} data Point：{1},error {0，選擇，建立{建立} update {updatitating} delete {deleting}其他{perfort {perfort {perform of}}} data Point：{1},no_change
mangoUI,ui.app.genericRestError,Mango API錯誤：{0},Mango API錯誤：{0},no_change
mangoUI,ui.app.axisMinimum,最低限度,最低限度,no_change
mangoUI,ui.app.axisMaximum,最大限度,最大限度,no_change
mangoUI,ui.app.axisGridCount,網格計數,網格計數,no_change
mangoUI,ui.app.upgradesAvailable,{0，複數，= 1 {可用升級}其他{有＃升級可用}}。,{0，複數，= 1 {可用升級}其他{有＃升級可用}}。,no_change
mangoUI,ui.app.goToUpgradesPage,轉到升級頁面。,轉到升級頁面。,no_change
mangoUI,ui.app.dismiss,解僱,解僱,no_change
mangoUI,ui.app.resetSort,將排序訂單重置為自然順序,將排序訂單重置為自然順序,no_change
mangoUI,ui.app.restartInstanceConfirm,您確定要重新啟動 Mango 實體'{0}''？,您確定要重新啟動 Mango 實體'{0}''？,no_change
mangoUI,ui.app.showStackTrace,顯示堆棧跟踪,顯示堆棧跟踪,no_change
mangoUI,ui.app.noExceptionFound,沒有例外,沒有例外,no_change
mangoUI,ui.app.editSelectedPoints,編輯選定的資料點,編輯選定的資料點,no_change
mangoUI,ui.app.lastPasswordChange,密碼最後更改{0}（{1}）。,密碼最後更改{0}（{1}）。,no_change
mangoUI,ui.app.lastLogin,用戶最後登錄在{0}（{1}）中。,用戶最後登錄在{0}（{1}）中。,no_change
mangoUI,ui.app.lastPasswordChangeStatic,最後一個密碼更改,最後一個密碼更改,no_change
mangoUI,ui.app.lastLoginStatic,最後登錄,最後登錄,no_change
mangoUI,ui.app.userCreated,建立的日期,建立的日期,no_change
mangoUI,ui.app.userEmailVerified,電子郵件已驗證,電子郵件已驗證,no_change
mangoUI,ui.app.relativeTime,相對時間,相對時間,no_change
mangoUI,ui.app.userProperty,財產,財產,no_change
mangoUI,ui.app.neverLoggedIn,用戶從未登錄。,用戶從未登錄。,no_change
mangoUI,ui.app.lists,列表,列表,no_change
mangoUI,ui.app.hierarchy,等級制度,等級制度,no_change
mangoUI,ui.app.devices,裝置,裝置,no_change
mangoUI,ui.app.sources,來源,來源,no_change
mangoUI,ui.app.tags,標籤,標籤,no_change
mangoUI,ui.app.tagsLong,資料點標籤,資料點標籤,no_change
mangoUI,ui.app.bustCache,胸圍緩存,胸圍緩存,no_change
mangoUI,ui.app.setLastUpgradeToNow,將最後一次升級時間戳設定為當前時間，破壞瀏覽器緩存,將最後一次升級時間戳設定為當前時間，破壞瀏覽器緩存,no_change
mangoUI,ui.app.deleteModuleFailed,刪除的標記模塊失敗：{0},刪除的標記模塊失敗：{0},no_change
mangoUI,ui.app.errorGettingPages,錯誤取得頁面列表：{0},錯誤取得頁面列表：{0},no_change
mangoUI,ui.app.errorGettingPage,錯誤取得頁面 -  {0},錯誤取得頁面 -  {0},no_change
mangoUI,ui.app.errorFirstValidationMsg,{0}  -  {1},{0}  -  {1},no_change
mangoUI,ui.app.errorFirstValidationMsgWithProp,{0}，屬性''{1}'' -  {2},{0}，屬性''{1}'' -  {2},no_change
mangoUI,ui.app.purgeSuccess,{deletedpointValues}刪除點樣本，{deletedevents}事件已刪除,{deletedpointValues}刪除點樣本，{deletedevents}事件已刪除,no_change
mangoUI,ui.app.eventPurgeSuccess,{刪除，複數，= 0 {none delete} = 1 {刪除1事件}其他{刪除＃evest}}}},{刪除，複數，= 0 {none delete} = 1 {刪除1事件}其他{刪除＃evest}}}},no_change
mangoUI,ui.app.pointValuePurgeForSelectedPoints,所選資料點的清除點值,所選資料點的清除點值,no_change
mangoUI,ui.app.mailingLists.notSaved,郵件列表未保存 -  {0},郵件列表未保存 -  {0},no_change
mangoUI,ui.app.mailingLists.confirmDeleteList,您確定要刪除郵件列表嗎？,您確定要刪除郵件列表嗎？,no_change
mangoUI,ui.app.mailingLists.deleted,郵件列表已刪除,郵件列表已刪除,no_change
mangoUI,ui.app.mailingLists.notDeleted,郵件列表未刪除,郵件列表未刪除,no_change
mangoUI,ui.app.virtualSerialPort.select,選擇虛擬串行埠號,選擇虛擬串行埠號,no_change
mangoUI,ui.app.virtualSerialPort.new,新虛擬串行埠號,新虛擬串行埠號,no_change
mangoUI,ui.app.virtualSerialPort.create,建立新的虛擬串行埠號,建立新的虛擬串行埠號,no_change
mangoUI,ui.app.virtualSerialPort.setup,虛擬串行埠號設定'{0}',虛擬串行埠號設定'{0}',no_change
mangoUI,ui.app.virtualSerialPort.deleteConfirm,您確定要刪除此串行埠號嗎？,您確定要刪除此串行埠號嗎？,no_change
mangoUI,ui.app.virtualSerialPort.notSaved,虛擬串行埠號未保存 -  {0},虛擬串行埠號未保存 -  {0},no_change
mangoUI,ui.app.virtualSerialPort.notRemoved,虛擬串行埠號未刪除 -  {0},虛擬串行埠號未刪除 -  {0},no_change
mangoUI,ui.app.mangoJavaScript,Mango JavaScript,Mango JavaScript,no_change
mangoUI,ui.app.saveError,錯誤保存'{0}'：{1},錯誤保存'{0}'：{1},no_change
mangoUI,ui.app.deleteError,錯誤刪除'{0}'：{1},錯誤刪除'{0}'：{1},no_change
mangoUI,ui.app.xSelected,{0}選擇,{0}選擇,no_change
mangoUI,ui.app.eventHandlersFiltered,顯示“ {0}”的事件處理程序,顯示“ {0}”的事件處理程序,no_change
mangoUI,ui.app.showAllEventHandlers,顯示所有事件處理程序,顯示所有事件處理程序,no_change
mangoUI,ui.app.timePeriods,時間段,時間段,no_change
mangoUI,ui.app.timePeriodType,時間段類型,時間段類型,no_change
mangoUI,ui.app.savingSytemSetting,保存系統設定,保存系統設定,no_change
mangoUI,ui.app.savedSytemSetting,系統設定保存,系統設定保存,no_change
mangoUI,ui.app.doesNotTakeEffectUntilSaved,直到保存才生效,直到保存才生效,no_change
mangoUI,ui.app.dataSourceTypeNotSupported,資料來源類型尚不支持，保存是禁用的,資料來源類型尚不支持，保存是禁用的,no_change
mangoUI,ui.app.dataPointTypeNotSupported,資料來源類型尚不支持，某些屬性不可見,資料來源類型尚不支持，某些屬性不可見,no_change
mangoUI,ui.app.userRoleNotice,注意：每個有效的用戶隱式屬於“用戶”角色。,注意：每個有效的用戶隱式屬於“用戶”角色。,no_change
mangoUI,ui.app.permissionsPageHeader,空白的輸入意味著只有具有“超級助手”角色的用戶才獲得許可。要允許所有用戶允許操作，請選擇“用戶”角色。每個有效的用戶都隱含地是“用戶”角色的成員。,空白的輸入意味著只有具有“超級助手”角色的用戶才獲得許可。要允許所有用戶允許操作，請選擇“用戶”角色。每個有效的用戶都隱含地是“用戶”角色的成員。,no_change
mangoUI,ui.app.viewPoint,看法,看法,no_change
mangoUI,ui.app.exportWithPoints,用點出口,用點出口,no_change
mangoUI,ui.app.templateWillBeRemoved,該資料點使用範本。保存此資料點時，將刪除範本。,該資料點使用範本。保存此資料點時，將刪除範本。,no_change
mangoUI,ui.app.templateWillBeRemovedPlural,一個或多個資料點使用範本。保存這些資料點時將刪除範本。,一個或多個資料點使用範本。保存這些資料點時將刪除範本。,no_change
mangoUI,ui.app.timeoutSettings,逾時設定,逾時設定,no_change
mangoUI,ui.app.timeouts.xhr,XHR（RESS API）逾時（S）,XHR（RESS API）逾時（S）,no_change
mangoUI,ui.app.timeouts.pointValues,點值逾時,點值逾時,no_change
mangoUI,ui.app.timeouts.websocket,WebSocket連接逾時,WebSocket連接逾時,no_change
mangoUI,ui.app.timeouts.websocketRequest,Websocket請求逾時,Websocket請求逾時,no_change
mangoUI,ui.app.changeDataType,更改資料類型將刪除此資料點的所有點值,更改資料類型將刪除此資料點的所有點值,no_change
mangoUI,ui.app.changeDataTypePlural,您正在更改{0}資料點的資料類型。更改資料類型將刪除這些資料點的所有點值。,您正在更改{0}資料點的資料類型。更改資料類型將刪除這些資料點的所有點值。,no_change
mangoUI,ui.app.dataPointExists,資料點已經存在,資料點已經存在,no_change
mangoUI,ui.app.eventType.eventType,事件類型,事件類型,no_change
mangoUI,ui.app.eventType.subType,子類型,子類型,no_change
mangoUI,ui.app.eventType.reference1,參考文獻1,參考文獻1,no_change
mangoUI,ui.app.eventType.reference2,參考2,參考2,no_change
mangoUI,ui.app.scriptContext,外部上下文點,外部上下文點,no_change
mangoUI,ui.app.scriptRoles,腳本角色（許可組）,腳本角色（許可組）,no_change
mangoUI,ui.app.mapboxAccessToken,MAPBOX存取令牌,MAPBOX存取令牌,no_change
mangoUI,ui.app.confirmSetValue,將值設定為'{0}'？,將值設定為'{0}'？,no_change
mangoUI,ui.app.pwaSettings,漸進的網路應用程序設定,漸進的網路應用程序設定,no_change
mangoUI,ui.app.pwaSettings.automaticName,自動名稱,自動名稱,no_change
mangoUI,ui.app.pwaSettings.automaticName.prefix,自動名稱前綴,自動名稱前綴,no_change
mangoUI,ui.app.pwaSettings.automaticName.disable,禁用（手動設定）,禁用（手動設定）,no_change
mangoUI,ui.app.pwaSettings.automaticName.auto,自動的,自動的,no_change
mangoUI,ui.app.pwaSettings.automaticName.instanceDescription,實體描述,實體描述,no_change
mangoUI,ui.app.pwaSettings.automaticName.host,主機名,主機名,no_change
mangoUI,ui.app.pwaSettings.name,名稱,名稱,no_change
mangoUI,ui.app.pwaSettings.shortName,簡短名稱,簡短名稱,no_change
mangoUI,ui.app.pwaSettings.useThemeColors,使用主題顏色,使用主題顏色,no_change
mangoUI,ui.app.pwaSettings.themeColor,標題條顏色,標題條顏色,no_change
mangoUI,ui.app.pwaSettings.backgroundColor,啟動屏幕顏色,啟動屏幕顏色,no_change
mangoUI,ui.app.pwaSettings.information,這些設定將其安裝到設備或新增到主屏幕上時，控制 Mango UI應用程序的外觀和名稱。,這些設定將其安裝到設備或新增到主屏幕上時，控制 Mango UI應用程序的外觀和名稱。,no_change
mangoUI,ui.app.pwaSettings.warning,PWA名稱是公開存取的，如果您選擇“實體描述”，則可以將有關您的實體的資訊暴露於未經身份驗證的各方。,PWA名稱是公開存取的，如果您選擇“實體描述”，則可以將有關您的實體的資訊暴露於未經身份驗證的各方。,no_change
mangoUI,ui.scriptingEditor.validate,證實,證實,no_change
mangoUI,ui.scriptingEditor.scriptValidated,腳本已驗證,腳本已驗證,no_change
mangoUI,ui.scriptingEditor.scriptError,腳本錯誤,腳本錯誤,no_change
mangoUI,ui.scriptingEditor.scriptResult,腳本結果：{0},腳本結果：{0},no_change
mangoUI,ui.scriptingEditor.scriptValidationError,腳本驗證錯誤 -  {0},腳本驗證錯誤 -  {0},no_change
mangoUI,ui.scriptingEditor.logFilePath,日誌檔案路徑：{0},日誌檔案路徑：{0},no_change
mangoUI,ui.scriptingEditor.updatesContext,更新上下文,更新上下文,no_change
mangoUI,ui.scriptingEditor.errorConsole,錯誤控制台,錯誤控制台,no_change
mangoUI,ui.scriptingEditor.output,腳本輸出,腳本輸出,no_change
mangoUI,ui.permissions.readRoles,可以讀取的角色,可以讀取的角色,no_change
mangoUI,ui.permissions.editRoles,可以編輯的角色,可以編輯的角色,no_change
mangoUI,ui.resourceStatus.VIRGIN,處女,處女,no_change
mangoUI,ui.resourceStatus.SCHEDULED,計劃,計劃,no_change
mangoUI,ui.resourceStatus.RUNNING,執行,執行,no_change
mangoUI,ui.resourceStatus.TIMED_OUT,逾時,逾時,no_change
mangoUI,ui.resourceStatus.CANCELLED,取消,取消,no_change
mangoUI,ui.resourceStatus.SUCCESS,成功,成功,no_change
mangoUI,ui.resourceStatus.ERROR,錯誤,錯誤,no_change
mangoUI,ui.fileBrowser.fileNotChanged,檔案未修改，沒有更改以保存,檔案未修改，沒有更改以保存,no_change
mangoUI,ui.fileBrowser.fileCopied,檔案“ {0}”成功複製到“ {1}”,檔案“ {0}”成功複製到“ {1}”,no_change
mangoUI,ui.fileBrowser.confirmExtractZip,提取zip檔案？,提取zip檔案？,no_change
mangoUI,ui.fileBrowser.overwrite,覆蓋,覆蓋,no_change
mangoUI,ui.fileBrowser.overwriteWhenUploading,上傳時覆蓋檔案,上傳時覆蓋檔案,no_change
mangoUI,ui.components.maStartAndRuntimesTable,開始和執行時間表,開始和執行時間表,no_change
mangoUI,ui.components.maPagingPointList,分頁點列表,分頁點列表,no_change
mangoUI,ui.components.maQueryPredicate,查詢謂詞,查詢謂詞,no_change
mangoUI,ui.components.maMap,Google地圖,Google地圖,no_change
mangoUI,ui.components.maNow,現在時間,現在時間,no_change
mangoUI,ui.components.intervalPicker,間隔選擇器,間隔選擇器,no_change
mangoUI,ui.components.intervalTypePicker,間隔類型的選擇器,間隔類型的選擇器,no_change
mangoUI,ui.components.imageSlider,圖像滑塊,圖像滑塊,no_change
mangoUI,ui.components.maFn,功能,功能,no_change
mangoUI,ui.components.filteringDataSourceList,過濾資料來源列表,過濾資料來源列表,no_change
mangoUI,ui.components.filteringDeviceNameList,過濾設備名稱列表,過濾設備名稱列表,no_change
mangoUI,ui.components.filteringPointHierarchySelect,濾波點層次結構選擇,濾波點層次結構選擇,no_change
mangoUI,ui.components.fileStoreBrowser,檔案存儲瀏覽器,檔案存儲瀏覽器,no_change
mangoUI,ui.components.emptyInput,空輸入,空輸入,no_change
mangoUI,ui.components.configImportDialog,配置導入對話框,配置導入對話框,no_change
mangoUI,ui.components.maCalc,計算,計算,no_change
mangoUI,ui.components.arrayInput,數組輸入,數組輸入,no_change
mangoUI,ui.components.aceEditor,ACE編輯,ACE編輯,no_change
mangoUI,ui.components.accordionSection,手風琴部分,手風琴部分,no_change
mangoUI,ui.components.switchImg,二進制/多層圖像,二進制/多層圖像,no_change
mangoUI,ui.components.gaugeChart,測量,測量,no_change
mangoUI,ui.components.pointValue,點值,點值,no_change
mangoUI,ui.components.barDisplay,欄顯示,欄顯示,no_change
mangoUI,ui.components.indicator,顏色指示器,顏色指示器,no_change
mangoUI,ui.components.getPointValue,取得點值,取得點值,no_change
mangoUI,ui.components.filteringPointList,過濾點列表,過濾點列表,no_change
mangoUI,ui.components.pointList,點列表,點列表,no_change
mangoUI,ui.components.dataSourceList,資料來源列表,資料來源列表,no_change
mangoUI,ui.components.dataSourceQuery,資料來源查詢,資料來源查詢,no_change
mangoUI,ui.components.dataSourceScrollList,資料來源滾動列表,資料來源滾動列表,no_change
mangoUI,ui.components.deviceNameQuery,設備名稱查詢,設備名稱查詢,no_change
mangoUI,ui.components.deviceNameScrollList,設備名稱滾動列表,設備名稱滾動列表,no_change
mangoUI,ui.components.deviceNameList,設備名稱列表,設備名稱列表,no_change
mangoUI,ui.components.dateRangePicker,日期範圍選擇器,日期範圍選擇器,no_change
mangoUI,ui.components.datePicker,日期選擇器,日期選擇器,no_change
mangoUI,ui.components.clock,鐘,鐘,no_change
mangoUI,ui.components.tankLevel,坦克水平,坦克水平,no_change
mangoUI,ui.components.pointValues,點值,點值,no_change
mangoUI,ui.components.serialChart,串行圖表,串行圖表,no_change
mangoUI,ui.components.stateChart,多標圖,多標圖,no_change
mangoUI,ui.components.pieChart,餅圖,餅圖,no_change
mangoUI,ui.components.setPointValue,設定點值,設定點值,no_change
mangoUI,ui.components.statisticsTable,統計表,統計表,no_change
mangoUI,ui.components.pointStatistics,點統計,點統計,no_change
mangoUI,ui.components.switch,二進制開關按鈕,二進制開關按鈕,no_change
mangoUI,ui.components.watchListChart,觀看列表圖,觀看列表圖,no_change
mangoUI,ui.components.watchListList,觀看列表,觀看列表,no_change
mangoUI,ui.components.watchListSelect,觀看列表選擇,觀看列表選擇,no_change
mangoUI,ui.components.watchListParameters,觀看列表參數,觀看列表參數,no_change
mangoUI,ui.components.watchListGet,觀看列表取得,觀看列表取得,no_change
mangoUI,ui.components.dataPointXid,資料點XID,資料點XID,no_change
mangoUI,ui.components.pointQuery,資料點查詢,資料點查詢,no_change
mangoUI,ui.components.maDataPointTagSelect,資料點標籤選擇,資料點標籤選擇,no_change
mangoUI,ui.components.maDataPointTagKeySelect,資料點標籤鍵選擇,資料點標籤鍵選擇,no_change
mangoUI,ui.components.maPointEventDetector,取得事件探測器,取得事件探測器,no_change
mangoUI,ui.components.revisionText,{0}  -  {1，選擇，建立{建立} modify {modified} delete {deleted}其他{某物更改}}} by {2},{0}  -  {1，選擇，建立{建立} modify {modified} delete {deleted}其他{某物更改}}} by {2},no_change
mangoUI,ui.components.selectARevision,選擇一個修訂,選擇一個修訂,no_change
mangoUI,ui.components.restore,恢復,恢復,no_change
mangoUI,ui.components.restorePreviousRevision,還原以前的修訂,還原以前的修訂,no_change
mangoUI,ui.components.pointUnreliable,點不可靠,點不可靠,no_change
mangoUI,ui.components.maDailySchedule,每日時間表,每日時間表,no_change
mangoUI,ui.components.maWeeklySchedule,每週時間表,每週時間表,no_change
mangoUI,ui.components.emailRecipients,電子郵件收件人,電子郵件收件人,no_change
mangoUI,ui.components.hideStartsAndRuntimes,隱藏起點和執行時,隱藏起點和執行時,no_change
mangoUI,ui.components.toggleOnClick,單擊時切換,單擊時切換,no_change
mangoUI,ui.components.slider,滑桿,滑桿,no_change
mangoUI,ui.components.showQuickInfo,快速檢視圖表，統計值和點值,快速檢視圖表，統計值和點值,no_change
mangoUI,ui.components.showStats,顯示統計資料,顯示統計資料,no_change
mangoUI,ui.components.showChart,顯示圖表,顯示圖表,no_change
mangoUI,ui.components.showTable,顯示點值表,顯示點值表,no_change
mangoUI,ui.components.showEvents,顯示點事件,顯示點事件,no_change
mangoUI,ui.components.hasActiveEvent,活躍事件,活躍事件,no_change
mangoUI,ui.components.setPoint,設定點值,設定點值,no_change
mangoUI,ui.components.showData,顯示資料,顯示資料,no_change
mangoUI,ui.components.hideData,隱藏資料,隱藏資料,no_change
mangoUI,ui.components.fixErrorsOnForm,保存之前，請在表格上解決錯誤,保存之前，請在表格上解決錯誤,no_change
mangoUI,ui.components.jsonStoreSaved,JSON DATA' {0}'保存,JSON DATA' {0}'保存,no_change
mangoUI,ui.components.jsonStoreSaveError,錯誤保存JSON資料：{0},錯誤保存JSON資料：{0},no_change
mangoUI,ui.components.jsonStoreGetError,錯誤檢索JSON資料：{0},錯誤檢索JSON資料：{0},no_change
mangoUI,ui.components.jsonStoreConfirmDelete,刪除JSON資料'{0}'？,刪除JSON資料'{0}'？,no_change
mangoUI,ui.components.jsonStoreDeleted,JSON DATA'{0}'已刪除,JSON DATA'{0}'已刪除,no_change
mangoUI,ui.components.eventHandlerSaved,事件處理程序'{0}'保存,事件處理程序'{0}'保存,no_change
mangoUI,ui.components.eventHandlerSaveError,保存錯誤事件處理程序：{0},保存錯誤事件處理程序：{0},no_change
mangoUI,ui.components.eventHandlerGetError,錯誤檢索事件處理程序：{0},錯誤檢索事件處理程序：{0},no_change
mangoUI,ui.components.eventHandlerConfirmDelete,刪除事件處理程序'{0}'？,刪除事件處理程序'{0}'？,no_change
mangoUI,ui.components.eventHandlerDeleted,事件處理程序'{0}'刪除,事件處理程序'{0}'刪除,no_change
mangoUI,ui.components.eventHandlerType,事件處理程序類型,事件處理程序類型,no_change
mangoUI,ui.components.autoLoop,自動循環,自動循環,no_change
mangoUI,ui.components.loopInterval,循環間隔,循環間隔,no_change
mangoUI,ui.components.eventDetectorSaved,事件檢測器'{0}'保存,事件檢測器'{0}'保存,no_change
mangoUI,ui.components.eventDetectorSaveError,保存錯誤事件檢測器：{0},保存錯誤事件檢測器：{0},no_change
mangoUI,ui.components.selectTagKey,選擇一個標籤鍵,選擇一個標籤鍵,no_change
mangoUI,ui.components.addTagKey,新增標籤鍵,新增標籤鍵,no_change
mangoUI,ui.components.selectTagValue,選擇{0}的值,選擇{0}的值,no_change
mangoUI,ui.components.enterTagValue,輸入{0}的值,輸入{0}的值,no_change
mangoUI,ui.components.noTagKey,沒有{0},沒有{0},no_change
mangoUI,ui.components.addRestriction,增加限制,增加限制,no_change
mangoUI,ui.components.restrictTagKey,限制標籤密鑰,限制標籤密鑰,no_change
mangoUI,ui.components.restrictTagKeyTo,將{0}限制為,將{0}限制為,no_change
mangoUI,ui.components.cronPatternEditor,Cron模式編輯器,Cron模式編輯器,no_change
mangoUI,ui.components.eventHandlerList,事件處理程序列表,事件處理程序列表,no_change
mangoUI,ui.components.eventHandlerCheckList,事件處理程序檢查清單,事件處理程序檢查清單,no_change
mangoUI,ui.components.eventHandlerSelect,事件處理程序選擇,事件處理程序選擇,no_change
mangoUI,ui.components.eventHandlerEditor,事件處理程序編輯器,事件處理程序編輯器,no_change
mangoUI,ui.components.eventTypeList,事件類型列表,事件類型列表,no_change
mangoUI,ui.components.noEventTypes,沒有列出的事件類型,沒有列出的事件類型,no_change
mangoUI,ui.components.removeFromList,從列表中刪除,從列表中刪除,no_change
mangoUI,ui.components.emailRecipient.ADDRESS,電子郵件,電子郵件,no_change
mangoUI,ui.components.emailRecipient.USER,用戶,用戶,no_change
mangoUI,ui.components.emailRecipient.MAILING_LIST,郵件列表,郵件列表,no_change
mangoUI,ui.components.selectUsers,選擇用戶,選擇用戶,no_change
mangoUI,ui.components.selectMailingLists,選擇郵件列表,選擇郵件列表,no_change
mangoUI,ui.components.dataSourceSaved,資料來源'{0}'保存,資料來源'{0}'保存,no_change
mangoUI,ui.components.dataSourceSaveError,錯誤保存資料來源：{0},錯誤保存資料來源：{0},no_change
mangoUI,ui.components.dataSourceGetError,錯誤檢索資料來源：{0},錯誤檢索資料來源：{0},no_change
mangoUI,ui.components.dataSourceConfirmDelete,刪除資料來源'{0}'？,刪除資料來源'{0}'？,no_change
mangoUI,ui.components.dataSourceDeleted,資料來源'{0}'已刪除,資料來源'{0}'已刪除,no_change
mangoUI,ui.components.dataSourceDeleteError,錯誤刪除資料來源：{0},錯誤刪除資料來源：{0},no_change
mangoUI,ui.components.dataSourceEditor,資料來源編輯器,資料來源編輯器,no_change
mangoUI,ui.components.dataSourceStatus,資料來源狀態,資料來源狀態,no_change
mangoUI,ui.components.dataPointSaved,資料點'{0}'保存,資料點'{0}'保存,no_change
mangoUI,ui.components.dataPointSaveError,錯誤保存資料點：{0},錯誤保存資料點：{0},no_change
mangoUI,ui.components.dataPointGetError,錯誤檢索資料點：{0},錯誤檢索資料點：{0},no_change
mangoUI,ui.components.dataPointConfirmDelete,刪除資料點'{0}'？,刪除資料點'{0}'？,no_change
mangoUI,ui.components.dataPointDeleted,資料點'{0}'已刪除,資料點'{0}'已刪除,no_change
mangoUI,ui.components.dataPointDeleteError,錯誤刪除資料點：{0},錯誤刪除資料點：{0},no_change
mangoUI,ui.components.dataPointEditor,資料點編輯器,資料點編輯器,no_change
mangoUI,ui.components.editXDataPoints,編輯{0}資料點,編輯{0}資料點,no_change
mangoUI,ui.components.createPointNotSupported,不支持建立類型的“ {0}”,不支持建立類型的“ {0}”,no_change
mangoUI,ui.components.queryPredicate.in,在數組中,在數組中,no_change
mangoUI,ui.components.queryProperty.pointFolderId,層次結構檔案夾ID,層次結構檔案夾ID,no_change
mangoUI,ui.components.queryProperty.tag,標籤,標籤,no_change
mangoUI,ui.components.confirmDeleteUser,該用戶將被永久刪除,該用戶將被永久刪除,no_change
mangoUI,ui.components.userSaved,用戶{0}保存,用戶{0}保存,no_change
mangoUI,ui.components.errorSavingUser,錯誤保存用戶'{0}' -  {1},錯誤保存用戶'{0}' -  {1},no_change
mangoUI,ui.components.errorSendingEmail,錯誤將電子郵件發送到'{0}' -  {1},錯誤將電子郵件發送到'{0}' -  {1},no_change
mangoUI,ui.components.emailSent,電子郵件發送到'{0}',電子郵件發送到'{0}',no_change
mangoUI,ui.components.userDeleted,用戶'{0}'已刪除,用戶'{0}'已刪除,no_change
mangoUI,ui.components.errorDeletingUser,錯誤刪除用戶'{0}' -  {1},錯誤刪除用戶'{0}' -  {1},no_change
mangoUI,ui.components.errorSwitchingUser,錯誤切換到用戶'{0}' -  {1},錯誤切換到用戶'{0}' -  {1},no_change
mangoUI,ui.components.switchedUser,將用戶切換到'{0}',將用戶切換到'{0}',no_change
mangoUI,ui.components.errorSavingSetting,保存錯誤系統設定,保存錯誤系統設定,no_change
mangoUI,ui.components.errorSavingSettings,錯誤保存系統設定：{0},錯誤保存系統設定：{0},no_change
mangoUI,ui.components.errorOnProperty,'{0}'在屬性上'{1}','{0}'在屬性上'{1}',no_change
mangoUI,ui.components.errorOnLine,'{0}'在行{1},'{0}'在行{1},no_change
mangoUI,ui.components.errorOnLineCol,'{0}'在行{1}，列{2},'{0}'在行{1}，列{2},no_change
mangoUI,ui.components.eventDetectorList,點事件檢測器列表,點事件檢測器列表,no_change
mangoUI,ui.components.eventDetectorEditor,點事件檢測器編輯器,點事件檢測器編輯器,no_change
mangoUI,ui.components.durationEditor,持續時間編輯器,持續時間編輯器,no_change
mangoUI,ui.components.noItemsToList,沒有要列出的項目,沒有要列出的項目,no_change
mangoUI,ui.components.loadingItems,載入項目...,載入項目...,no_change
mangoUI,ui.components.loadMore,載入更多（{0}剩餘）,載入更多（{0}剩餘）,no_change
mangoUI,ui.components.errorLoadingChildren,錯誤載入孩子：{0},錯誤載入孩子：{0},no_change
mangoUI,ui.components.maSerialPortSelect,串行埠號選擇,串行埠號選擇,no_change
mangoUI,ui.components.maHeatMap,熱圖,熱圖,no_change
mangoUI,ui.components.eventTypeFilter,事件類型過濾器,事件類型過濾器,no_change
mangoUI,ui.components.publisherList,發布者列表,發布者列表,no_change
mangoUI,ui.components.publisherSelect,發布者選擇,發布者選擇,no_change
mangoUI,ui.components.publisherEditor,發布者編輯,發布者編輯,no_change
mangoUI,ui.components.maTileMap,瓷磚地圖,瓷磚地圖,no_change
mangoUI,ui.components.tagHierarchy,標籤層次結構,標籤層次結構,no_change
mangoUI,ui.eventDetectors.select,選擇事件檢測器,選擇事件檢測器,no_change
mangoUI,ui.eventDetectors.create,建立事件檢測器,建立事件檢測器,no_change
mangoUI,ui.eventDetectors.edit,編輯事件檢測器,編輯事件檢測器,no_change
mangoUI,ui.eventDetectors.type,事件檢測器類型,事件檢測器類型,no_change
mangoUI,ui.eventDetectors.name,事件檢測器,事件檢測器,no_change
mangoUI,ui.eventDetectors.plural,事件探測器,事件探測器,no_change
mangoUI,ui.eventDetectors.confirmDelete,刪除事件檢測器'{0}'？,刪除事件檢測器'{0}'？,no_change
mangoUI,ui.eventDetectors.deleted,事件檢測器'{0}'刪除,事件檢測器'{0}'刪除,no_change
mangoUI,ui.eventDetectors.saved,事件檢測器'{0}'保存,事件檢測器'{0}'保存,no_change
mangoUI,ui.eventDetectors.count,{0，複數，= 0 {建立事件檢測器} = 1 {1事件檢測器}其他{＃事件檢測器}}}},{0，複數，= 0 {建立事件檢測器} = 1 {1事件檢測器}其他{＃事件檢測器}}}},no_change
mangoUI,ui.eventDetectors.for,{0}的事件檢測器,{0}的事件檢測器,no_change
mangoUI,systemSettings.backupTimeHour,備份小時,備份小時,no_change
mangoUI,systemSettings.backupTimeMinute,備份分鐘,備份分鐘,no_change
mangoUI,systemSettings.lastUpgrade,最後升級,最後升級,no_change
mangoUI,systemSettings.comm.virtual.serialClientSocketBridgeSettings.ipWhiteList,遠端IP白名單,遠端IP白名單,no_change
mangoUI,ui.settings.systemStatus.auditTrail,審核步道,審核步道,no_change
mangoUI,ui.settings.systemStatus.internalMetrics,內部指標,內部指標,no_change
mangoUI,ui.settings.systemStatus.workItems,工作項目,工作項目,no_change
mangoUI,ui.settings.systemStatus.threads,線程,線程,no_change
mangoUI,ui.settings.systemStatus.downloadThreadDump,下載線程轉儲,下載線程轉儲,no_change
mangoUI,ui.settings.systemStatus.noSqlPointValueDatabaseSize,NOSQL點值資料庫大小,NOSQL點值資料庫大小,no_change
mangoUI,ui.settings.systemStatus.fileDataSize,命令大小,命令大小,no_change
mangoUI,ui.settings.systemStatus.formatfiledataCount,（{0}檔案）,（{0}檔案）,no_change
mangoUI,ui.settings.systemStatus.eventsCount,事件很重要,事件很重要,no_change
mangoUI,ui.settings.systemStatus.id,ID,ID,no_change
mangoUI,ui.settings.systemStatus.cpuTime,CPU時間,CPU時間,no_change
mangoUI,ui.settings.systemStatus.userTime,用戶時間,用戶時間,no_change
mangoUI,ui.settings.systemStatus.state,狀態,狀態,no_change
mangoUI,ui.settings.systemStatus.queueCounts,隊列計數,隊列計數,no_change
mangoUI,ui.settings.systemStatus.highPriority,優先級,優先級,no_change
mangoUI,ui.settings.systemStatus.mediumPriority,中等優先級,中等優先級,no_change
mangoUI,ui.settings.systemStatus.lowPriority,優先級低,優先級低,no_change
mangoUI,ui.settings.systemStatus.noneFound,沒有發現,沒有發現,no_change
mangoUI,ui.settings.systemStatus.className,班級名稱,班級名稱,no_change
mangoUI,ui.settings.systemStatus.count,數數,數數,no_change
mangoUI,ui.settings.systemStatus.rejectedStats,拒絕統計資料,拒絕統計資料,no_change
mangoUI,ui.settings.systemStatus.runningStats,執行統計,執行統計,no_change
mangoUI,ui.settings.systemStatus.queueSizeLimit,隊列尺寸限制,隊列尺寸限制,no_change
mangoUI,ui.settings.systemStatus.maxQueueSize,最大隊列大小,最大隊列大小,no_change
mangoUI,ui.settings.systemStatus.currentQueueSize,當前隊列大小,當前隊列大小,no_change
mangoUI,ui.settings.systemStatus.executionCount,執行計數,執行計數,no_change
mangoUI,ui.settings.systemStatus.avgExecutionTime,avg。執行時間（MS）,avg。執行時間（MS）,no_change
mangoUI,ui.settings.systemStatus.lastExecutionTime,最後執行時間（MS）,最後執行時間（MS）,no_change
mangoUI,ui.settings.systemStatus.rejections,拒絕,拒絕,no_change
mangoUI,ui.settings.systemStatus.currentlyRunning,當前正在執行,當前正在執行,no_change
mangoUI,ui.settings.systemStatus.lastAccess,最後存取,最後存取,no_change
mangoUI,ui.settings.systemStatus.poolFull,泳池滿,泳池滿,no_change
mangoUI,ui.settings.systemStatus.queueFull,隊列滿,隊列滿,no_change
mangoUI,ui.settings.systemStatus.totalRejections,總拒絕,總拒絕,no_change
mangoUI,ui.settings.systemStatus.alarmLevel,警報水平,警報水平,no_change
mangoUI,ui.settings.systemStatus.changeType,更改類型,更改類型,no_change
mangoUI,ui.settings.systemStatus.type,類型,類型,no_change
mangoUI,ui.settings.systemStatus.message,訊息,訊息,no_change
mangoUI,ui.settings.systemStatus.timestamp,時間戳,時間戳,no_change
mangoUI,ui.settings.systemStatus.username,使用者名稱,使用者名稱,no_change
mangoUI,ui.settings.systemStatus.value,數值,數值,no_change
mangoUI,ui.settings.systemStatus.priority,優先事項,優先事項,no_change
mangoUI,ui.settings.systemStatus.blockedThreadDetails,阻止線程詳細資訊,阻止線程詳細資訊,no_change
mangoUI,ui.settings.systemStatus.displayingStackTraceForThread,顯示線程{0}的堆棧跟踪,顯示線程{0}的堆棧跟踪,no_change
mangoUI,ui.settings.systemStatus.displayingLogFile,顯示日誌檔案{0},顯示日誌檔案{0},no_change
mangoUI,ui.settings.systemStatus.viewCurrentMaLog,檢視當前的ma.log,檢視當前的ma.log,no_change
mangoUI,ui.settings.systemStatus.displayingAuditContext,顯示{0}的審計上下文,顯示{0}的審計上下文,no_change
mangoUI,ui.settings.systemStatus.create,創造,創造,no_change
mangoUI,ui.settings.systemStatus.modify,調整,調整,no_change
mangoUI,ui.settings.systemStatus.delete,刪除,刪除,no_change
mangoUI,ui.settings.systemStatus.pointName,點名稱,點名稱,no_change
mangoUI,ui.settings.systemStatus.pointId,點ID,點ID,no_change
mangoUI,ui.settings.systemStatus.dataSourcesPerformance,資料來源性能,資料來源性能,no_change
mangoUI,ui.settings.publiclyResolvableBaseUrl,可公開解決的URL,可公開解決的URL,no_change
mangoUI,ui.time.milliseconds,{0，複數，= 1 {1毫秒}其他{＃milliseconds}}},{0，複數，= 1 {1毫秒}其他{＃milliseconds}}},no_change
mangoUI,ui.time.seconds,{0，複數，= 1 {1秒}其他{＃seconds}}},{0，複數，= 1 {1秒}其他{＃seconds}}},no_change
mangoUI,ui.time.minutes,{0，複數，= 1 {1分鐘}其他{＃分鐘}}},{0，複數，= 1 {1分鐘}其他{＃分鐘}}},no_change
mangoUI,ui.time.hours,{0，複數，= 1 {1小時}其他{＃小時}}},{0，複數，= 1 {1小時}其他{＃小時}}},no_change
mangoUI,ui.time.days,{0，複數，= 1 {1 day}其他{＃days}}},{0，複數，= 1 {1 day}其他{＃days}}},no_change
mangoUI,ui.time.weeks,{0，複數，= 1 {1週}其他{＃weekh}}},{0，複數，= 1 {1週}其他{＃weekh}}},no_change
mangoUI,ui.time.months,{0，複數，= 1 {1個月}其他{＃月}},{0，複數，= 1 {1個月}其他{＃月}},no_change
mangoUI,ui.time.years,{0，複數，= 1 {1年}其他{＃年}},{0，複數，= 1 {1年}其他{＃年}},no_change
mangoUI,ui.time.millisecondsFromNow,{0，複數，= 1 {1毫秒}其他{＃milliseconds}}},{0，複數，= 1 {1毫秒}其他{＃milliseconds}}},no_change
mangoUI,ui.time.secondsFromNow,{0，複數，= 1 {1秒}其他{＃seconds}}},{0，複數，= 1 {1秒}其他{＃seconds}}},no_change
mangoUI,ui.time.minutesFromNow,{0，複數，= 1 {1分鐘},{0，複數，= 1 {1分鐘},no_change
mangoUI,ui.time.hoursFromNow,{0，複數，= 1 {1小時}其他{＃小時}},{0，複數，= 1 {1小時}其他{＃小時}},no_change
mangoUI,ui.time.daysFromNow,{0，複數，= 1 {1 day}其他{＃days}}},{0，複數，= 1 {1 day}其他{＃days}}},no_change
mangoUI,ui.time.weeksFromNow,{0，複數，= 1 {1週}其他{＃weekh}}},{0，複數，= 1 {1週}其他{＃weekh}}},no_change
mangoUI,ui.time.monthsFromNow,{0，複數，= 1 {1個月}其他{＃monter}},{0，複數，= 1 {1個月}其他{＃monter}},no_change
mangoUI,ui.time.yearsFromNow,{0，複數，= 1 {1年}其他{＃年}},{0，複數，= 1 {1年}其他{＃年}},no_change
mangoUI,ui.eventCount.unacknowledged,{0，複數，= 1 {1 nocknowed event},{0，複數，= 1 {1 nocknowed event},no_change
mangoUI,ui.eventCount.none,{0，複數，= 1 {1 none event}其他{＃無events}}},{0，複數，= 1 {1 none event}其他{＃無events}}},no_change
mangoUI,ui.eventCount.information,{0，複數，= 1 {1資訊事件}其他{＃資訊事件}},{0，複數，= 1 {1資訊事件}其他{＃資訊事件}},no_change
mangoUI,ui.eventCount.important,{0，複數，= 1 {1重要事件}其他{＃重要事件}}},{0，複數，= 1 {1重要事件}其他{＃重要事件}}},no_change
mangoUI,ui.eventCount.warning,{0，複數，= 1 {1警告事件}其他{＃警告事件}}},{0，複數，= 1 {1警告事件}其他{＃警告事件}}},no_change
mangoUI,ui.eventCount.urgent,{0，複數，= 1 {1緊急事件}其他{＃緊急事件}}},{0，複數，= 1 {1緊急事件}其他{＃緊急事件}}},no_change
mangoUI,ui.eventCount.critical,{0，複數，= 1 {1關鍵事件}其他{＃critical events}}},{0，複數，= 1 {1關鍵事件}其他{＃critical events}}},no_change
mangoUI,ui.eventCount.safety,{0，複數，= 1 {1安全事件}其他{＃安全事件}},{0，複數，= 1 {1安全事件}其他{＃安全事件}},no_change
mangoUI,ui.dateRangePreset.lastX,最後{0},最後{0},no_change
mangoUI,ui.dateRangePreset.todaySoFar,今天到目前為止,今天到目前為止,no_change
mangoUI,ui.dateRangePreset.weekSoFar,到目前為止,到目前為止,no_change
mangoUI,ui.dateRangePreset.monthSoFar,到目前為止,到目前為止,no_change
mangoUI,ui.dateRangePreset.yearSoFar,到目前為止,到目前為止,no_change
mangoUI,ui.dateRangePreset.previousDay,昨天,昨天,no_change
mangoUI,ui.dateRangePreset.previousWeek,前一周,前一周,no_change
mangoUI,ui.dateRangePreset.previousMonth,上個月,上個月,no_change
mangoUI,ui.dateRangePreset.previousYear,上一年,上一年,no_change
mangoUI,ui.eventHandlers.createEventHandler,建立事件處理程序,建立事件處理程序,no_change
mangoUI,ui.eventHandlers.selectEventHandler,選擇事件處理程序,選擇事件處理程序,no_change
mangoUI,ui.eventHandlers.customizeEmailTemplate,自定義電子郵件範本或腳本,自定義電子郵件範本或腳本,no_change
mangoUI,ui.eventHandlers.emailRecipients,電子郵件收件人,電子郵件收件人,no_change
mangoUI,ui.eventHandlers.emailSettings,電子郵件設定,電子郵件設定,no_change
mangoUI,ui.eventHandlers.escalationRecipients,升級接收者,升級接收者,no_change
mangoUI,ui.eventHandlers.escalationEmail,升級電子郵件,升級電子郵件,no_change
mangoUI,ui.eventHandlers.inactiveEmail,不活動的電子郵件,不活動的電子郵件,no_change
mangoUI,ui.eventHandlers.emailTemplateAndScript,電子郵件範本和腳本,電子郵件範本和腳本,no_change
mangoUI,ui.eventHandlers.editNameAndXid,編輯名稱和XID,編輯名稱和XID,no_change
mangoUI,ui.eventHandlers.selectEventTypes,事件類型,事件類型,no_change
mangoUI,ui.eventHandlers.commandExcuted,執行命令,執行命令,no_change
mangoUI,ui.eventHandlers.commandError,命令錯誤 -  {0},命令錯誤 -  {0},no_change
mangoUI,ui.eventHandlers.targetPoint,目標點,目標點,no_change
mangoUI,ui.eventHandlers.sourcePoint,源點,源點,no_change
mangoUI,ui.eventHandlers.setPointSettings,設定點設定,設定點設定,no_change
mangoUI,ui.eventHandlers.testCommand,測試命令,測試命令,no_change
mangoUI,ui.app.serialPort.select,選擇串行埠號,選擇串行埠號,no_change
mangoUI,ui.app.serialPort.portListRefreshed,埠號列表更新,埠號列表更新,no_change
mangoUI,ui.publisher.select,選擇發布者,選擇發布者,no_change
mangoUI,ui.publisher.create,建立新發布者,建立新發布者,no_change
mangoUI,ui.publisher.edit,編輯出版商,編輯出版商,no_change
mangoUI,ui.publisher.type,發布者類型,發布者類型,no_change
mangoUI,ui.publisher.settings,出版商,出版商,no_change
mangoUI,ui.publisher.saved,發布者'{0}'保存,發布者'{0}'保存,no_change
mangoUI,ui.publisher.saveError,保存錯誤的發布者：{0},保存錯誤的發布者：{0},no_change
mangoUI,ui.publisher.deleteError,錯誤刪除發布者'{0}'：{1},錯誤刪除發布者'{0}'：{1},no_change
mangoUI,ui.publisher.confirmDelete,刪除發布者'{0}'？,刪除發布者'{0}'？,no_change
mangoUI,ui.publisher.deleted,發布者'{0}'已刪除,發布者'{0}'已刪除,no_change
mangoUI,ui.publisher.pointsSelected,選擇資料點（發布{0}點）,選擇資料點（發布{0}點）,no_change
mangoUI,ui.publisher.noPointsSelected,沒有選擇發布資料點,沒有選擇發布資料點,no_change
mbus,dsEdit.mbus,M巴士,M巴士,no_change
mbus,dsEdit.mbusPoint,M總線資料點,M總線資料點,no_change
mbus,dsEdit.mbus.addressHex,地址,地址,no_change
mbus,dsEdit.mbus.deviceUnit,設備單元,設備單元,no_change
mbus,dsEdit.mbus.difCode,DIF代碼,DIF代碼,no_change
mbus,dsEdit.mbus.difCode.12DigitBcd,12位BCD,12位BCD,no_change
mbus,dsEdit.mbus.difCode.16BitInteger,24位整數,24位整數,no_change
mbus,dsEdit.mbus.difCode.16BitInteger,24位整數,24位整數,no_change
mbus,dsEdit.mbus.difCode.2DigitBcd,2位數字BCD,2位數字BCD,no_change
mbus,dsEdit.mbus.difCode.32BitInteger,32位整數,32位整數,no_change
mbus,dsEdit.mbus.difCode.32BitReal,32位真實,32位真實,no_change
mbus,dsEdit.mbus.difCode.selectionForReadout,選擇讀數,選擇讀數,no_change
mbus,dsEdit.mbus.difCode.48BitInteger,48位整數,48位整數,no_change
mbus,dsEdit.mbus.difCode.4DigitBcd,4位數字BCD,4位數字BCD,no_change
mbus,dsEdit.mbus.difCode.64BitInteger,64位整數,64位整數,no_change
mbus,dsEdit.mbus.difCode.6DigitBcd,6位數BCD,6位數BCD,no_change
mbus,dsEdit.mbus.difCode.8BitInteger,8位整數,8位整數,no_change
mbus,dsEdit.mbus.difCode.8DigitBcd,8位BCD,8位BCD,no_change
mbus,dsEdit.mbus.difCode.variableLength,可變長度,可變長度,no_change
mbus,dsEdit.mbus.difCode.specialFunctionManSpecDataLastPacket,特殊功能製造商特定資料,特殊功能製造商特定資料,no_change
mbus,dsEdit.mbus.difCode.specialFunctionManSpecDataPacketsFollows,特殊功能製造商特定資料的更多記錄在下一電報中關注,特殊功能製造商特定資料的更多記錄在下一電報中關注,no_change
mbus,dsEdit.mbus.difCode.specialFunctionIdleFiller,特殊功能空閒填充劑,特殊功能空閒填充劑,no_change
mbus,dsEdit.mbus.difCode.specialFunctionGlobalReadoutRequest,特殊功能全局讀取請求,特殊功能全局讀取請求,no_change
mbus,dsEdit.mbus.exponent,指數,指數,no_change
mbus,dsEdit.mbus.functionField,功能字段,功能字段,no_change
mbus,dsEdit.mbus.identNumber,ID,ID,no_change
mbus,dsEdit.mbus.manufacturer,製造商,製造商,no_change
mbus,dsEdit.mbus.medium,中等的,中等的,no_change
mbus,dsEdit.mbus.medium.other,其他,其他,no_change
mbus,dsEdit.mbus.medium.oil,油,油,no_change
mbus,dsEdit.mbus.medium.electricity,電,電,no_change
mbus,dsEdit.mbus.medium.gas,氣體,氣體,no_change
mbus,dsEdit.mbus.medium.heat,熱,熱,no_change
mbus,dsEdit.mbus.medium.steam,蒸汽,蒸汽,no_change
mbus,dsEdit.mbus.medium.hotWater,溫水（30°C ... 90°C）,溫水（30°C ... 90°C）,no_change
mbus,dsEdit.mbus.medium.water,水,水,no_change
mbus,dsEdit.mbus.medium.heatCostAllocator,熱成本分配器,熱成本分配器,no_change
mbus,dsEdit.mbus.medium.compressedAir,壓縮空氣,壓縮空氣,no_change
mbus,dsEdit.mbus.medium.coolingLoadMeterOutlet,冷卻負載計（在回流溫度下測量的體積：出口）,冷卻負載計（在回流溫度下測量的體積：出口）,no_change
mbus,dsEdit.mbus.medium.coolingLoadMeterInlet,冷卻負載計（在流動溫度下測量的體積：入口）,冷卻負載計（在流動溫度下測量的體積：入口）,no_change
mbus,dsEdit.mbus.medium.heatInlet,熱量（在流動溫度下測得的體積：入口）,熱量（在流動溫度下測得的體積：入口）,no_change
mbus,dsEdit.mbus.medium.heatCoolingLoadMeter,熱/冷卻負載計,熱/冷卻負載計,no_change
mbus,dsEdit.mbus.medium.busSystem,總線/系統組件,總線/系統組件,no_change
mbus,dsEdit.mbus.medium.unknownMedium,未知媒介,未知媒介,no_change
mbus,dsEdit.mbus.medium.coldWater,冷水,冷水,no_change
mbus,dsEdit.mbus.medium.dualWater,雙寄存器（冷/冷）水錶,雙寄存器（冷/冷）水錶,no_change
mbus,dsEdit.mbus.medium.pressure,壓力,壓力,no_change
mbus,dsEdit.mbus.medium.adConverter,A/D轉換器,A/D轉換器,no_change
mbus,dsEdit.mbus.responseFrame,框架,框架,no_change
mbus,dsEdit.mbus.seachStopped,搜索取消,搜索取消,no_change
mbus,dsEdit.mbus.search,搜尋,搜尋,no_change
mbus,dsEdit.mbus.searching,搜索M公交設備,搜索M公交設備,no_change
mbus,dsEdit.mbus.searchProgress,搜索進度：{0}％,搜索進度：{0}％,no_change
mbus,dsEdit.mbus.searchingSuccess,搜索成功,搜索成功,no_change
mbus,dsEdit.mbus.searchError,搜索錯誤 -  {0},搜索錯誤 -  {0},no_change
mbus,dsEdit.mbus.confirmSearchCancel,掃描已經在進行中，您想取消它嗎？,掃描已經在進行中，您想取消它嗎？,no_change
mbus,dsEdit.mbus.siPrefix,SI前綴,SI前綴,no_change
mbus,dsEdit.mbus.storageNumber,Storagenumber,Storagenumber,no_change
mbus,dsEdit.mbus.tariff,塔里夫,塔里夫,no_change
mbus,dsEdit.mbus.unitOfMeasurement,測量單位,測量單位,no_change
mbus,dsEdit.mbus.useDirectConnection,直接串行連接,直接串行連接,no_change
mbus,dsEdit.mbus.usePrimaryAddressing,主要地址,主要地址,no_change
mbus,dsEdit.mbus.useSecondaryAddressing,次要地址,次要地址,no_change
mbus,dsEdit.mbus.versionHex,版本,版本,no_change
mbus,dsEdit.mbus.vifeLabel,vifes,vifes,no_change
mbus,dsEdit.mbus.vifLabel,VIF標籤,VIF標籤,no_change
mbus,dsEdit.mbus.firstHexAddress,從地址（十六進制）,從地址（十六進制）,no_change
mbus,dsEdit.mbus.lastHexAddress,解決（十六進制）,解決（十六進制）,no_change
mbus,dsEdit.mbus.addressing,尋址,尋址,no_change
mbus,dsEdit.mbus.desc,M總線特性,M總線特性,no_change
mbus,dsEdit.mbus.vifType,VIF類型,VIF類型,no_change
mbus,dsEdit.mbus.vifeTypes,VIFE類型,VIFE類型,no_change
mbus,dsEdit.mbus.vifeLabels,VIFE標籤,VIFE標籤,no_change
mbus,dsEdit.mbus.tester.searchingDevices,搜索設備,搜索設備,no_change
mbus,dsEdit.mbus.tester.cancelled,取消,取消,no_change
mbus,dsEdit.mbus.tester.foundDevices,找到的設備：{0},找到的設備：{0},no_change
mbus,dsEditMbus.getDetails,細節,細節,no_change
mbus,dsEdit.mbus.addPoint,新增,新增,no_change
mbus,dsEdit.mbus.tester.autoShutOff,關閉,關閉,no_change
mbus,dsEdit.mbus.presentValue,數值,數值,no_change
mbus,dsEdit.mbus.responseTimeoutOffset,響應逾時偏移,響應逾時偏移,no_change
mbus,dsEdit.mbus.serialDirect,serial_direct,serial_direct,no_change
mbus,dsEdit.mbus.noSearchWhileDataSourceRunning,資料來源執行時無法搜索,資料來源執行時無法搜索,no_change
mbus,mbus.description,MBU的資料來源,MBU的資料來源,no_change
mbus,mbus.validate.vifInvalid,無法獲得VIF：{0},無法獲得VIF：{0},no_change
mbus,mbus.validate.vifeInvalid,無法獲得VIFE：{0},無法獲得VIFE：{0},no_change
mbus,mbus.validate.vifeLengthsInvalid,VIFE和VIFETYPE長度不符合,VIFE和VIFETYPE長度不符合,no_change
mbus,dox.mBusPP,M-Bus點屬性幫助,M-Bus點屬性幫助,no_change
mbus,dox.mBusDS,M-Bus資料來源幫助,M-Bus資料來源幫助,no_change
mbus,dsEdit.mbus.bitPerSecond,位/s,位/s,no_change
mbus,dsEdit.mbus.responseTimeOutOffset,響應逾時（MS）,響應逾時（MS）,no_change
mbus,dsEdit.mbus.connectionType,連接類型,連接類型,no_change
mbus,dsEdit.mbus.useTcpIpConnection,TCP/IP連接,TCP/IP連接,no_change
mbus,dsEdit.mbus.tcpAddr,IP地址/主機名,IP地址/主機名,no_change
mbus,dsEdit.mbus.tcpPort,TCP埠號,TCP埠號,no_change
mbus,dsEdit.mbus.id,蒙面的識別儀,蒙面的識別儀,no_change
mbus,dsEdit.mbus.man,蒙面男人,蒙面男人,no_change
mbus,dsEdit.mbus.secAddrMedium,中等的,中等的,no_change
mbus,dsEdit.mbus.version,版本,版本,no_change
mbus,dsEdit.mbus.dbIndex,DataBlock索引,DataBlock索引,no_change
mbus,dsEdit.mbus.effectiveSiPrefix,有效的Si-prefix,有效的Si-prefix,no_change
mbus,dsEdit.mbus.deviceName,M-Bus設備,M-Bus設備,no_change
mbus,dsEdit.mbus.params,DB參數,DB參數,no_change
mbus,mbus.searchTool.addressingType,地址類型,地址類型,no_change
measurlogicDTSCell,mlogic.desc,DTS單元資料來源,DTS單元資料來源,no_change
measurlogicDTSCell,mlogic.connDesc,儀表ID：{0},儀表ID：{0},no_change
measurlogicDTSCell,mlogic.settings.header,測量DTS電池設定,測量DTS電池設定,no_change
measurlogicDTSCell,mlogic.serialNumber,序列號,序列號,no_change
measurlogicDTSCell,mlogic.logPosition,日誌位置,日誌位置,no_change
measurlogicDTSCell,mlogic.registerNumber,modbus寄存器號碼,modbus寄存器號碼,no_change
measurlogicDTSCell,mlogic.logIO,日誌I/O？,日誌I/O？,no_change
measurlogicDTSCell,mlogic.logError,io記錄錯誤{1}在檔案{0}中,io記錄錯誤{1}在檔案{0}中,no_change
measurlogicDTSCell,mlogic.maxLogFiles,最大日誌檔案,最大日誌檔案,no_change
measurlogicDTSCell,mlogic.ioLogFileSizeMBytes,最大日誌檔案大小（MB）,最大日誌檔案大小（MB）,no_change
measurlogicDTSCell,mlogic.point.connDesc,點連接mreg？ log pos？,點連接mreg？ log pos？,no_change
measurlogicDTSCell,mlogic.port,埠號,埠號,no_change
measurlogicDTSCell,mlogic.timeout,插座逾時,插座逾時,no_change
measurlogicDTSCell,mlogic.threads,最大客戶端端線程,最大客戶端端線程,no_change
measurlogicDTSCell,mlogic.event.socketTimeout,插座計時：{0},插座計時：{0},no_change
measurlogicDTSCell,mlogic.event.socketEvent,插座逾時,插座逾時,no_change
measurlogicDTSCell,mlogic.event.bufferException,超過分配的消息緩衝區：{0},超過分配的消息緩衝區：{0},no_change
measurlogicDTSCell,mlogic.event.bufferEvent,緩衝區超過,緩衝區超過,no_change
measurlogicDTSCell,mlogic.event.ioException,io例外：{0},io例外：{0},no_change
measurlogicDTSCell,mlogic.event.ioEvent,io例外,io例外,no_change
measurlogicDTSCell,mlogic.event.numberFormatException,數字格式異常：{0},數字格式異常：{0},no_change
measurlogicDTSCell,mlogic.event.numberFormatEvent,數字格式異常,數字格式異常,no_change
measurlogicDTSCell,mlogic.event.unknownSerialNumber,未知序列號,未知序列號,no_change
measurlogicDTSCell,mlogic.event.unknownSerialNumberEvent,未知序列號：{0},未知序列號：{0},no_change
meta,metascripting.description,元資料來源和腳本資料來源允許腳本值值,元資料來源和腳本資料來源允許腳本值值,no_change
meta,meta.description,使用自定義腳本確定值的元資料來源,使用自定義腳本確定值的元資料來源,no_change
meta,dox.metaDS,元資料來源,元資料來源,no_change
meta,dox.metaPP,元點屬性,元點屬性,no_change
meta,dox.metaJavaScript,元點 -  JavaScript,元點 -  JavaScript,no_change
meta,dox.metaMVEL,元點 -  Mvel,元點 -  Mvel,no_change
meta,dox.metaGenerateHistory,生成點歷史幫助,生成點歷史幫助,no_change
meta,dsEdit.meta,元資料來源,元資料來源,no_change
meta,dsEdit.metaPoint,元資料點,元資料點,no_change
meta,dsEdit.meta.desc,元資料來源屬性,元資料來源屬性,no_change
meta,dsEdit.meta.scriptContext,腳本上下文,腳本上下文,no_change
meta,dsEdit.meta.noPoints,腳本上下文中沒有新增要點,腳本上下文中沒有新增要點,no_change
meta,dsEdit.meta.generate,產生歷史,產生歷史,no_change
meta,dsEdit.meta.generateHistoryForDataSource,生成資料來源的歷史記錄,生成資料來源的歷史記錄,no_change
meta,dsEdit.meta.generateHistoryForSelectedDataPoints,生成選定資料點的歷史記錄（{0}）,生成選定資料點的歷史記錄（{0}）,no_change
meta,dsEdit.meta.generate.noData,沒有點''{0}''的資料,沒有點''{0}''的資料,no_change
meta,dsEdit.meta.generate.scriptError,腳本錯誤：{0},腳本錯誤：{0},no_change
meta,dsEdit.meta.generate.error,歷史記錄生成期間的錯誤：{0}。 {1}更新（S）建立。,歷史記錄生成期間的錯誤：{0}。 {1}更新（S）建立。,no_change
meta,dsEdit.meta.generate.genericError,歷史上的錯誤：{0},歷史上的錯誤：{0},no_change
meta,dsEdit.meta.generate.success,歷史世代成功完成。 {0}建立的更新。,歷史世代成功完成。 {0}建立的更新。,no_change
meta,dsEdit.meta.generate.from,從,從,no_change
meta,dsEdit.meta.generate.to,到,到,no_change
meta,dsEdit.meta.pointName,點名稱,點名稱,no_change
meta,dsEdit.meta.var,var,var,no_change
meta,dsEdit.meta.script,腳本,腳本,no_change
meta,dsEdit.meta.scriptEngine,腳本引擎,腳本引擎,no_change
meta,dsEdit.meta.event,計時器更新事件,計時器更新事件,no_change
meta,dsEdit.meta.contextEvent,上下文事件類型,上下文事件類型,no_change
meta,dsEdit.meta.logLevel,日誌級別,日誌級別,no_change
meta,dsEdit.meta.event.minute,一分鐘開始,一分鐘開始,no_change
meta,dsEdit.meta.event.hour,開始小時,開始小時,no_change
meta,dsEdit.meta.event.day,一天開始,一天開始,no_change
meta,dsEdit.meta.event.week,開始一周,開始一周,no_change
meta,dsEdit.meta.event.month,一個月開始,一個月開始,no_change
meta,dsEdit.meta.event.year,年初,年初,no_change
meta,dsEdit.meta.event.cron,克朗模式,克朗模式,no_change
meta,dsEdit.meta.event.none,沒有任何,沒有任何,no_change
meta,dsEdit.meta.delay,執行延遲（秒）,執行延遲（秒）,no_change
meta,dsEdit.meta.test.success,成功。結果= {0},成功。結果= {0},no_change
meta,dsEdit.meta.test.successUnchanged,成功。沒有數值更改,成功。沒有數值更改,no_change
meta,dsEdit.meta.test.successTs,成功。結果= {0}，timestamp = {1},成功。結果= {0}，timestamp = {1},no_change
meta,dsEdit.meta.test.context,一個或多個點被禁用或丟失,一個或多個點被禁用或丟失,no_change
meta,dsEdit.meta.test.scriptError,腳本錯誤：{0},腳本錯誤：{0},no_change
meta,dsEdit.meta.test.myPointNotEnabled,必須先啟用此資料點,必須先啟用此資料點,no_change
meta,dsEdit.meta.test.myPointNotSaved,該資料點必須首先保存以進行腳本驗證,該資料點必須首先保存以進行腳本驗證,no_change
meta,dsEdit.meta.deleteBeforeGenerating,在範圍內刪除現有資料,在範圍內刪除現有資料,no_change
meta,dsEdit.meta.test.pointPermissionsFailure,權限故障設定點{0},權限故障設定點{0},no_change
meta,dsEdit.meta.verifyAllMetaDataPoints,驗證所有元資料點,驗證所有元資料點,no_change
meta,dsedit.meta.attributeChanges,屬性更改,屬性更改,no_change
meta,dsedit.meta.contextUpdates,上下文更新,上下文更新,no_change
meta,dsedit.meta.executions,執行,執行,no_change
meta,dsedit.meta.valuesBackdated,數值是逆轉,數值是逆轉,no_change
meta,dsedit.meta.valuesLogged,值記錄,值記錄,no_change
meta,dsedit.meta.valuesUpdated,值更新了,值更新了,no_change
meta,dsedit.meta.error,錯誤,錯誤,no_change
meta,dsEdit.meta.updatesContext,更新上下文,更新上下文,no_change
meta,dsEdit.meta.variableName,可變名稱,可變名稱,no_change
meta,dsEdit.meta.historyGeneration.finished,歷史世代結束了,歷史世代結束了,no_change
meta,dsEdit.meta.historyGeneration.timeout,歷史產生時機,歷史產生時機,no_change
meta,dsEdit.meta.historyGeneration.error,歷史記錄生成錯誤 -  {0},歷史記錄生成錯誤 -  {0},no_change
meta,dsEdit.meta.historyGeneration.cancelled,歷史一代被取消,歷史一代被取消,no_change
meta,dsEdit.meta.historyGeneration.taskStatus,狀態：{0},狀態：{0},no_change
meta,dsEdit.meta.historyGeneration.progress,進度：{0} \％,進度：{0} \％,no_change
meta,dsEdit.meta.historyGeneration.timeoutMinutes,逾時（M）,逾時（M）,no_change
meta,dsEdit.meta.historyGeneration.dataSourceNotFound,資料來源''{0}'找不到,資料來源''{0}'找不到,no_change
meta,dsEdit.meta.historyGeneration.dataPointNotFound,資料點''{0}'找不到,資料點''{0}'找不到,no_change
meta,dsEdit.meta.historyGeneration.dataSourceWrongType,指定的資料來源''{0}''不是元資料來源,指定的資料來源''{0}''不是元資料來源,no_change
meta,dsEdit.meta.historyGeneration.noDataPoints,沒有資料點生成歷史記錄,沒有資料點生成歷史記錄,no_change
meta,dsEdit.meta.historyGeneration.pointValuesWaitingTooBig,點值等待寫入得太高，請稍後再試,點值等待寫入得太高，請稍後再試,no_change
meta,dsEdit.meta.historyGeneration.task,歷史生成任務,歷史生成任務,no_change
meta,event.meta.contextCreateFailed,無法建立上下文。,無法建立上下文。,no_change
meta,event.meta.pointUnavailable,上下文點在“ {0}”點中不可用，因為{1},上下文點在“ {0}”點中不可用，因為{1},no_change
meta,event.meta.nullResult,腳本返回null。忽略結果。,腳本返回null。忽略結果。,no_change
meta,event.meta.scriptError,腳本錯誤“ {0}”：{1},腳本錯誤“ {0}”：{1},no_change
meta,event.meta.typeError,腳本結果類型類型“ {0}”點中的錯誤：{1},腳本結果類型類型“ {0}”點中的錯誤：{1},no_change
meta,event.meta.recursionFailure,由於遞歸溢出，該腳本未執行。您的腳本中可能有一個無限的遞歸循環。,由於遞歸溢出，該腳本未執行。您的腳本中可能有一個無限的遞歸循環。,no_change
meta,emport.error.meta.missing,在上下文點缺少'{0}'',在上下文點缺少'{0}'',no_change
meta,meta.validate.noContextUpdatePoints,沒有任何要點來更新上下文,沒有任何要點來更新上下文,no_change
meta,meta.set.annotation,meta dpid {0},meta dpid {0},no_change
meta,meta.set.permissionDenied,元點{0}拒絕權限設定點{1},元點{0}拒絕權限設定點{1},no_change
meta,meta.rest.historyGeneration.permissionDenied,允許生成歷史的拒絕。您是否已允許這些點的資料來源？,允許生成歷史的拒絕。您是否已允許這些點的資料來源？,no_change
meta,meta.rest.historyGenerator.pointNotFound,帶有XID''{0}''的資料點,帶有XID''{0}''的資料點,no_change
meta,meta.rest.historyGeneration.dataSourceNotFound,帶有ID''{0}''的資料來源,帶有ID''{0}''的資料來源,no_change
meta,meta.rest.historyGeneration.notAMetaPoint,資料點{0}不是元點,資料點{0}不是元點,no_change
meta,meta.rhinoException,{0}在線：{1},{0}在線：{1},no_change
meta,meta.rhinoExceptionCol,{0}在線：{1}，列：{2},{0}在線：{1}，列：{2},no_change
modbus,dsEdit.modbusSerial.encoding.rtu,RTU,RTU,no_change
modbus,dsEdit.modbusSerial.encoding.ascii,ASCII,ASCII,no_change
modbus,dsEdit.modbus.holdingRegister,保持註冊,保持註冊,no_change
modbus,dsEdit.modbus.inputRegister,輸入寄存器,輸入寄存器,no_change
modbus,dsEdit.modbusIp.transportType.tcp,TCP,TCP,no_change
modbus,dsEdit.modbusIp.transportType.udp,UDP,UDP,no_change
modbus,dsEdit.modbus.locatorTest,點定位器測試,點定位器測試,no_change
modbus,dsEdit.modbus.locatorTest.test,讀,讀,no_change
modbus,dsEdit.modbus.addPoint,新增點,新增點,no_change
modbus,dsEdit.modbus.logError.open,無法在''{0}''上打開i/o登錄。 {1},無法在''{0}''上打開i/o登錄。 {1},no_change
modbus,dsEdit.modbus.logError.trouble,I/O日誌編寫入一個問題。,I/O日誌編寫入一個問題。,no_change
modbus,dsEdit.modbus.log,日誌將寫入入<br/> {0},日誌將寫入入<br/> {0},no_change
modbus,dsEdit.modbus.strictAddressing,嚴格的解決方案,嚴格的解決方案,no_change
modbus,dsEdit.modbus.1bTypesNotSettable,一種字節資料類型是不可解決的,一種字節資料類型是不可解決的,no_change
modbus,modbus.tools,Modbus工具,Modbus工具,no_change
modbus,modbus.ip.publisher.connection.nonecapsulated.description,{0},{0},no_change
modbus,modbus.publisher.pointType.coil,線圈,線圈,no_change
modbus,modbus.publisher.pointType.input,輸入,輸入,no_change
modbus,modbus.publisher.pointType.holdingRegister,保持註冊,保持註冊,no_change
modbus,modbus.publisher.pointType.inputRegister,輸入寄存器,輸入寄存器,no_change
mqttClientDataSource,mqtt.description,mqtt,mqtt,no_change
mqttClientDataSource,dsEdit.mqtt-client,MQTT客戶端端,MQTT客戶端端,no_change
mqttClientDataSource,dsEdit.mqtt-clientPoint,MQTT客戶端端資料點,MQTT客戶端端資料點,no_change
mqttClientDataSource,dsEdit.mqtt-client.desc,MQTT客戶端端（訂閱者到經紀人）,MQTT客戶端端（訂閱者到經紀人）,no_change
mqttClientDataSource,dsEdit.dsMqttClient.brokeUri,經紀人Uri,經紀人Uri,no_change
mqttClientDataSource,dsEdit.dsMqttClient.x509CaCrt,X509 CA（PEM格式）,X509 CA（PEM格式）,no_change
mqttClientDataSource,dsEdit.dsMqttClient.clientId,客戶端ID,客戶端ID,no_change
mqttClientDataSource,dsEdit.dsMqttClient.userName,使用者名稱,使用者名稱,no_change
mqttClientDataSource,dsEdit.dsMqttClient.userPassword,密碼,密碼,no_change
mqttClientDataSource,dsEdit.dsMqttClient.subscribeTopic,訂閱主題,訂閱主題,no_change
mqttClientDataSource,dsEdit.dsMqttClient.subscribeTopicFilter,訂閱主題過濾器,訂閱主題過濾器,no_change
mqttClientDataSource,dsEdit.dsMqttClient.qosType,QoS類型,QoS類型,no_change
mqttClientDataSource,dsEdit.dsMqttClient.subscribeTopicType,訂閱主題類型,訂閱主題類型,no_change
mqttClientDataSource,dsEdit.dsMqttClient.subscribeJsonValuePath,JSON指針的數值指針,JSON指針的數值指針,no_change
mqttClientDataSource,dsEdit.dsMqttClient.subscribeJsonTimestampPath,JSON指針用於時間戳,JSON指針用於時間戳,no_change
mqttClientDataSource,dsEdit.dsMqttClient.subscribeJsonTimestampPattern,JSON時間戳圖案,JSON時間戳圖案,no_change
mqttClientDataSource,dsEdit.dsMqttClient.publishTopic,發布主題,發布主題,no_change
mqttClientDataSource,dsEdit.dsMqttClient.publishTopicType,發布主題類型,發布主題類型,no_change
mqttClientDataSource,dsEdit.dsMqttClient.publishJsonValueName,發布JSONVALUENAME,發布JSONVALUENAME,no_change
mqttClientDataSource,dsEdit.dsMqttClient.publishJsonTimestampName,發布Jsontimestampname,發布Jsontimestampname,no_change
mqttClientDataSource,dsEdit.dsMqttClient.publishJsonTimestampPattern,JSON時間戳圖案,JSON時間戳圖案,no_change
mqttClientDataSource,dsEdit.dsMqttClient.publishJsonTimestampZone,JSON時間戳區域,JSON時間戳區域,no_change
mqttClientDataSource,com.infiniteautomation.m2m2.mqtt.TopicType.NONE,沒有任何,沒有任何,no_change
mqttClientDataSource,com.infiniteautomation.m2m2.mqtt.TopicType.PLAIN,清楚的,清楚的,no_change
mqttClientDataSource,com.infiniteautomation.m2m2.mqtt.TopicType.JSON,JSON,JSON,no_change
mqttClientDataSource,com.infiniteautomation.m2m2.mqtt.TopicType.JSON_WITH_TIMESTAMP,JSON與時間戳,JSON與時間戳,no_change
mqttClientDataSource,com.infiniteautomation.m2m2.mqtt.QosType.MOST_ONE,大多數,大多數,no_change
mqttClientDataSource,com.infiniteautomation.m2m2.mqtt.QosType.LEAST_ONE,至少一個,至少一個,no_change
mqttClientDataSource,com.infiniteautomation.m2m2.mqtt.QosType.EXACTLY_ONCE,完全是一次,完全是一次,no_change
mqttClientDataSource,com.infiniteautomation.m2m2.mqtt.QosType.FAILURE,失敗,失敗,no_change
mqttClientDataSource,dsMqttClient.disconnectingFailed,無法斷開與：{0}，異常：{1},無法斷開與：{0}，異常：{1},no_change
mqttClientDataSource,dsMqttClient.connectingFailed,無法連接到：{0}，異常：{1},無法連接到：{0}，異常：{1},no_change
mqttClientDataSource,dsMqttClient.publishFailed,無法發佈到：{0}，異常：{1},無法發佈到：{0}，異常：{1},no_change
mqttClientDataSource,dsMqttClient.event.publishFailure,發布失敗,發布失敗,no_change
mqttClientDataSource,dsMqttClient.event.connectionFailure,連接故障,連接故障,no_change
mqttClientDataSource,dsEdit.dsMqttClient.topicFilters,主題過濾器,主題過濾器,no_change
mqttClientDataSource,dsEdit.dsMqttClient.autoReconnect,自動重新連接,自動重新連接,no_change
mqttClientDataSource,dsEdit.dsMqttClient.cleanSession,乾淨的會話,乾淨的會話,no_change
mqttClientDataSource,dsEdit.dsMqttClient.keepAliveInterval,保持活力的間隔,保持活力的間隔,no_change
mqttClientDataSource,dsEdit.dsMqttClient.connectionTimeout,連接逾時,連接逾時,no_change
mqttClientDataSource,dsMqttClient.event.unknownTopic,未知的話題,未知的話題,no_change
mqttClientDataSource,dsMqttClient.unknownTopic,未知主題\“ {0} \”有效載荷：\“ {1} \”,未知主題\“ {0} \”有效載荷：\“ {1} \”,no_change
mqttClientDataSource,dsMqttClient.dataPointTopicReadError,在讀取主題中的錯誤：\“ {0} \” datapoint：\“ {1} \”有效載荷：\“ {2} \”錯誤：\“ {3} \”,在讀取主題中的錯誤：\“ {0} \” datapoint：\“ {1} \”有效載荷：\“ {2} \”錯誤：\“ {3} \”,no_change
mqttClientDataSource,dsMqttClient.validate.x509CA,無效的X509 CA,無效的X509 CA,no_change
mqttClientDataSource,dsMqttClient.validate.topicFilter,無效主題過濾\“ {0} \”異常：\“ {1} \”,無效主題過濾\“ {0} \”異常：\“ {1} \”,no_change
mqttClientDataSource,dsMqttClient.validate.brokerUri.schema,URI無或未知模式,URI無或未知模式,no_change
mqttClientDataSource,dsMqttClient.validate.brokerUri.path,URI不得包含路徑,URI不得包含路徑,no_change
mqttClientDataSource,dsMqttClient.validate.brokerUri.exception,無效的URI異常：\“ {0} \”,無效的URI異常：\“ {0} \”,no_change
mqttClientDataSource,dsMqttClient.validate.mustStartWith,必須以{0}開始,必須以{0}開始,no_change
mqttClientDataSource,dsMqttClient.validate.emptyPath,空路,空路,no_change
mqttClientDataSource,dsMqttClient.validate.onlyFlatLayoutSupported,僅支持平坦的佈局,僅支持平坦的佈局,no_change
mqttClientDataSource,dsMqttClient.validate.patternWithoutPath,沒有路徑的模式,沒有路徑的模式,no_change
mqttClientDataSource,dox.mqttClientDS,MQTT客戶端資料來源,MQTT客戶端資料來源,no_change
mqttClientDataSource,dox.mqttClientPP,MQTT客戶端端資料點,MQTT客戶端端資料點,no_change
onewire,1wire.description,1線資料來源實現,1線資料來源實現,no_change
onewire,dox.1wirePP,1線點屬性,1線點屬性,no_change
onewire,dox.1wireDS,1線資料來源,1線資料來源,no_change
onewire,dsEdit.1wire,1線,1線,no_change
onewire,dsEdit.1wirePoint,1線資料點,1線資料點,no_change
onewire,dsEdit.1wire.dpconn,傳感器：{0}，屬性：{1},傳感器：{0}，屬性：{1},no_change
onewire,dsEdit.1wire.scanning,掃描，請等待...,掃描，請等待...,no_change
onewire,dsEdit.1wire.scanComplete,掃描完成。,掃描完成。,no_change
onewire,dsEdit.1wire.address,地址,地址,no_change
onewire,dsEdit.1wire.attribute,屬性,屬性,no_change
onewire,dsEdit.1wire.scanWarn,在編輯點之前掃描您的網路,在編輯點之前掃描您的網路,no_change
onewire,dsEdit.1wire.attribute.adChannel,廣告頻道,廣告頻道,no_change
onewire,dsEdit.1wire.attribute.channel,頻道,頻道,no_change
onewire,dsEdit.1wire.attribute.wiper,電位計,電位計,no_change
onewire,dsEdit.1wire.attribute.counter,櫃檯,櫃檯,no_change
onewire,dsEdit.1wire.desc,1線特性,1線特性,no_change
onewire,dsEdit.1wire.port,埠號,埠號,no_change
onewire,dsEdit.1wire.scheduledRescan,計劃的掃描,計劃的掃描,no_change
onewire,dsEdit.1wire.none,沒有任何,沒有任何,no_change
onewire,dsEdit.1wire.scan,1線網路掃描,1線網路掃描,no_change
onewire,dsEdit.1wire.runScan,執行掃描,執行掃描,no_change
onewire,dsEdit.1wire.description,描述,描述,no_change
onewire,dsEdit.1wire.noDevices,找不到設備,找不到設備,no_change
onewire,dsEdit.1wire.deviceType,設備類型,設備類型,no_change
onewire,dsEdit.1wire.index,指數,指數,no_change
onewire,dsEdit.1wire.noInfo,設備資訊不可用,設備資訊不可用,no_change
onewire,dsEdit.1wire.attr.temperature,溫度,溫度,no_change
onewire,dsEdit.1wire.attr.humidity,濕度,濕度,no_change
onewire,dsEdit.1wire.attr.adVoltage,廣告電壓,廣告電壓,no_change
onewire,dsEdit.1wire.attr.latchState,閂鎖狀態,閂鎖狀態,no_change
onewire,dsEdit.1wire.attr.wiperPosition,雨刮器位置,雨刮器位置,no_change
onewire,dsEdit.1wire.attr.counter,櫃檯,櫃檯,no_change
onewire,event.1wire.deviceRead,地址{0}的錯誤讀取設備：{1},地址{0}的錯誤讀取設備：{1},no_change
onewire,event.1wire.networkRead,錯誤讀取網路：{0},錯誤讀取網路：{0},no_change
onewire,event.1wire.noPointData,沒有讀取點{0}的資料,沒有讀取點{0}的資料,no_change
onewire,event.1wire.noDevice,帶有地址{0}點{1}的設備，設定失敗,帶有地址{0}點{1}的設備，設定失敗,no_change
onewire,event.1wire.setWiper,無法在point {1}的地址設定雨刮器位置，設定失敗,無法在point {1}的地址設定雨刮器位置，設定失敗,no_change
opcda,opc.description,OPC DA的資料來源,OPC DA的資料來源,no_change
opcda,dsEdit.opc,OPC DA,OPC DA,no_change
opcda,dsEdit.opc.desc,OPC DA屬性,OPC DA屬性,no_change
opcda,dsEdit.opc.host,主機,主機,no_change
opcda,dsEdit.opc.domain,領域,領域,no_change
opcda,dsEdit.opc.user,用戶,用戶,no_change
opcda,dsEdit.opc.password,密碼,密碼,no_change
opcda,dsEdit.opc.server,伺服器,伺服器,no_change
opcda,dsEdit.opc.tagList,標籤列表,標籤列表,no_change
opcda,dsEdit.opc.refreshServers,重新整理,重新整理,no_change
opcda,dsEdit.opc.browseTags,瀏覽標籤,瀏覽標籤,no_change
opcda,dsEdit.opc.tagsFound,找到標籤,找到標籤,no_change
opcda,dsEdit.opc.addTags,新增標籤,新增標籤,no_change
opcda,dsEdit.opc.validate.dataSourceNotSaved,您必須首先保存資料來源,您必須首先保存資料來源,no_change
opcda,dsedit.opc.tagName,標籤名稱,標籤名稱,no_change
opcda,dsedit.opc.rt.addFailed,為{0}新增失敗,為{0}新增失敗,no_change
openv4j,dsEdit.openv4j,OpenV4J,OpenV4J,no_change
openv4j,dsEdit.openv4j.add,新增,新增,no_change
openv4j,dsEdit.openv4j.dataPoint,資料點,資料點,no_change
openv4j,dsEdit.openv4j.dataPointSettable,可設定,可設定,no_change
openv4j,dsEdit.openv4j.desc,OpenV4J屬性,OpenV4J屬性,no_change
openv4j,dsEdit.openv4j.device,裝置,裝置,no_change
openv4j,dsEdit.openv4j.group,團體,團體,no_change
openv4j,dsEdit.openv4j.label,名稱,名稱,no_change
openv4j,dsEdit.openv4j.protocol,協定,協定,no_change
openv4j,dsEdit.openv4j.refresh,更新,更新,no_change
openv4j,dsEdit.openv4j.refreshStopped,更新完成,更新完成,no_change
openv4j,dsEdit.openv4j.search,搜索設備,搜索設備,no_change
openv4j,dsEdit.openv4j.testprotocol,測試協議,測試協議,no_change
openv4j,dsEdit.openv4j.value,數值,數值,no_change
openv4j,dsEdit.openv4j.refreshing,令人耳目一新,令人耳目一新,no_change
openv4j,dsEdit.openv4j.detectDevice,檢測設備,檢測設備,no_change
pachube,pachube.description,與Pachube一起使用的資料來源和發布者,與Pachube一起使用的資料來源和發布者,no_change
pachube,dox.pachubeDS,Pachube資料來源,Pachube資料來源,no_change
pachube,dox.pachubePP,Pachube點特性,Pachube點特性,no_change
pachube,dox.pachubePublishing,Pachube Publishing,Pachube Publishing,no_change
pachube,dsEdit.pachube,Pachube,Pachube,no_change
pachube,dsEdit.pachube.dpconn,feed：{0}，流：{1},feed：{0}，流：{1},no_change
pachube,dsEdit.pachube.desc,Pachube資料來源屬性,Pachube資料來源屬性,no_change
pachube,dsEdit.pachube.apiKey,API鍵,API鍵,no_change
pachube,dsEdit.pachube.timeout,逾時（秒）,逾時（秒）,no_change
pachube,dsEdit.pachube.retries,重試,重試,no_change
pachube,dsEdit.pachube.feedId,飼料ID,飼料ID,no_change
pachube,dsEdit.pachube.dataStreamId,資料流ID,資料流ID,no_change
pachube,dsEdit.pachube.binaryZeroValue,二進制0值,二進制0值,no_change
pachube,dsEdit.pachube.testValue,測試值參數,測試值參數,no_change
pachube,publisherEdit.pachube,Pachube,Pachube,no_change
pachube,publisherEdit.pachube.props,Pachube性質,Pachube性質,no_change
pachube,publisherEdit.pachube.apiKey,API鍵,API鍵,no_change
pachube,publisherEdit.pachube.timeoutSeconds,逾時（秒）,逾時（秒）,no_change
pachube,publisherEdit.pachube.retries,重試,重試,no_change
pachube,publisherEdit.pachube.feedId,飼料ID,飼料ID,no_change
pachube,publisherEdit.pachube.dataStreamId,資料流ID,資料流ID,no_change
pachube,publisherEdit.pachube.point.feedId,飼料ID,飼料ID,no_change
pachube,publisherEdit.pachube.point.dataStreamId,資料流ID,資料流ID,no_change
pachube,event.pachube.feed.response,feed {0}的響應無效：{1},feed {0}的響應無效：{1},no_change
pachube,event.pachube.feed.retrievalError,錯誤檢索feed {0}：{1},錯誤檢索feed {0}：{1},no_change
pachube,event.pachube.dataStreamNotFound,feed {1}中未找到或沒有值的資料流“ {0}”,feed {1}中未找到或沒有值的資料流“ {0}”,no_change
pachube,validate.pachube.dataStreadIdRequired,需要資料流ID,需要資料流ID,no_change
pachube,publisherEdit.pachube.apiKeyAuthority,注意：確保您的API密鑰具有“更新”權限<br/>，否則您將遇到403個錯誤。,注意：確保您的API密鑰具有“更新”權限<br/>，否則您將遇到403個錯誤。,no_change
pakbus,pakbus.description,Pakbus模塊,Pakbus模塊,no_change
pakbus,pakbus.ip.description,Pakbus IP資料來源,Pakbus IP資料來源,no_change
pakbus,pakbus.serial.description,pakbus序列資料來源,pakbus序列資料來源,no_change
pakbus,dsEdit.pakbus.nodeAddress,節點地址,節點地址,no_change
pakbus,dsEdit.pakbus.loggerAddress,記錄器地址,記錄器地址,no_change
pakbus,dsEdit.pakbus.neighborAddress,鄰居地址,鄰居地址,no_change
pakbus,dsEdit.pakbus.roundTripTime,往返時間（MS）,往返時間（MS）,no_change
pakbus,dsEdit.pakbus.securityCode,安全代碼,安全代碼,no_change
pakbus,dsEdit.pakbus.tableRequestRetryDelay,表請求延遲延遲,表請求延遲延遲,no_change
pakbus,dsEdit.pakbus.removeLogger,刪除Datalogger,刪除Datalogger,no_change
pakbus,dsEdit.pakbus.dataloggers,Datalogger,Datalogger,no_change
pakbus,dsEdit.pakbus.networkPollPeriod,網路輪詢期,網路輪詢期,no_change
pakbus,dsEdit.pakbus.ip.host,主機,主機,no_change
pakbus,dsEdit.pakbus.ip.port,埠號,埠號,no_change
pakbus,dsEdit.pakbus.ip.socketTimeout,插座逾時(ms),插座逾時(ms),no_change
pakbus,dsEdit.pakbus.serial.port,通訊埠號,通訊埠號,no_change
pakbus,dsEdit.pakbus.serial.baudRate,Baudrate,Baudrate,no_change
pakbus,dsEdit.pakbus.serial.flowControlIn,Flow control in,Flow control in,no_change
pakbus,dsEdit.pakbus.serial.flowControlOut,Flow control out,Flow control out,no_change
pakbus,dsEdit.pakbus.serial.dataBits,Data bits,Data bits,no_change
pakbus,dsEdit.pakbus.serial.stopBits,Stop bits,Stop bits,no_change
pakbus,dsEdit.pakbus.serial.parity,Parity,Parity,no_change
pakbus,pointEdit.pakbus.loggerAddress,記錄器地址,記錄器地址,no_change
pakbus,pointEdit.pakbus.tableName,表格名稱,表格名稱,no_change
pakbus,pointEdit.pakbus.columnName,列名稱,列名稱,no_change
pakbus,pointEdit.pakbus.collectorType,收集類型,收集類型,no_change
pakbus,pointEdit.pakbus.stringLength,字符串長度,字符串長度,no_change
pakbus,pointEdit.pakbus.historicalRecordStart,歷史記錄開始位置,歷史記錄開始位置,no_change
pakbus,pointEdit.pakbus.collectorType.realtime,實時資料,實時資料,no_change
pakbus,pointEdit.pakbus.collectorType.historical,史料,史料,no_change
pakbus,pointEdit.pakbus.resetHistoricalRecordStart,重置跟踪的起始記錄,重置跟踪的起始記錄,no_change
pakbus,pointEdit.pakbus.description,{0} {1}.{2}.{3},{0} {1}.{2}.{3},no_change
pakbus,pointEdit.pakbus.pointNotRunningHistoricalRecordInfoNotAvailable,點不執行，歷史記錄資訊不可用,點不執行，歷史記錄資訊不可用,no_change
pakbus,pointEdit.pakbus.pointHistoryTrackingReset,將歷史記錄重置為{0},將歷史記錄重置為{0},no_change
pakbus,pointEdit.pakbus.currentHistoricalRecordStart,最新記錄ID,最新記錄ID,no_change
pakbus,pointEdit.pakbus.getCurrentHistoricalRecordStart,取得最新記錄ID,取得最新記錄ID,no_change
pakbus,pointEdit.pakbus.arrayIndex,數組索引（基於0）,數組索引（基於0）,no_change
pakbus,dsEdit.pakbus.utility.description,Pakbus發現工具,Pakbus發現工具,no_change
pakbus,dsEdit.pakbus.utility.connect,連接到Logger,連接到Logger,no_change
pakbus,dsEdit.pakbus.utility.dataSourceRunning,啟用資料來源時，工具無法執行。,啟用資料來源時，工具無法執行。,no_change
pakbus,dsEdit.pakbus.utility.notRunning,工具不執行,工具不執行,no_change
pakbus,dsEdit.pakbus.utility.requestedHistoricalData,從表{0}開始以記錄號{1}開始的請求記錄,從表{0}開始以記錄號{1}開始的請求記錄,no_change
pakbus,dsEdit.pakbus.utility.requestedLatestData,從表{0}請求的最新{1}記錄,從表{0}請求的最新{1}記錄,no_change
pakbus,dsEdit.pakbus.utility.alreadyRequestingHistoricalData,歷史資料請求已經進行,歷史資料請求已經進行,no_change
pakbus,dsEdit.pakbus.utility.notReady,Pakbus測試工具尚未準備好,Pakbus測試工具尚未準備好,no_change
pakbus,dsEdit.pakbus.utility.requestingTableDefinitions,請求表定義,請求表定義,no_change
pakbus,dsEdit.pakbus.utility.getLatestValues,取得最新值,取得最新值,no_change
pakbus,dsEdit.pakbus.utility.requestedClockCheck,請求的Datalogger時間,請求的Datalogger時間,no_change
pakbus,dsEdit.pakbus.utility.requestedClockSet,設定Datalogger時間,設定Datalogger時間,no_change
pakbus,dsEdit.pakbus.utility.setLoggerTime,設定時間,設定時間,no_change
pakbus,dsEdit.pakbus.utility.setLoggerTimeToMangoTime,設定為伺服器時間,設定為伺服器時間,no_change
pakbus,dsEdit.pakbus.utility.getLoggerTime,得到時間,得到時間,no_change
pakbus,dsEdit.pakbus.utility.alreadyRequestingTime,時間請求已經進行,時間請求已經進行,no_change
pakbus,dsEdit.pakbus.utility.cannotSetTimeUnlessPreviouslyRequested,在提出當前記錄時間的請求之前，無法設定時間,在提出當前記錄時間的請求之前，無法設定時間,no_change
pakbus,dsEdit.pakbus.utility.loggerTime,Datalogger時間,Datalogger時間,no_change
pakbus,dsEdit.pakbus.utility.getFiles,請求檔案,請求檔案,no_change
pakbus,dsEdit.pakbus.utility.requestedFiles,請求檔案,請求檔案,no_change
pakbus,dsEdit.pakbus.utility.alreadyRequestingFiles,檔案請求已經在進行,檔案請求已經在進行,no_change
pakbus,dsEdit.pakbus.utility.loggerFiles,Datalogger檔案,Datalogger檔案,no_change
pakbus,dsEdit.pakbus.utility.downloadFile,下載檔案,下載檔案,no_change
pakbus,dsEdit.pakbus.utility.uploadFile,上傳檔案,上傳檔案,no_change
pakbus,dsEdit.pakbus.utility.requestedFileDownload,請求的檔案下載,請求的檔案下載,no_change
pakbus,dsEdit.pakbus.utility.alreadyDownloadingFile,檔案下載已經在進行,檔案下載已經在進行,no_change
pakbus,dsEdit.pakbus.utility.currentlyRunningProgram,當前正在執行的程序,當前正在執行的程序,no_change
pakbus,dsEdit.pakbus.utility.setAsRunningProgram,設定為執行程序,設定為執行程序,no_change
pakbus,dsEdit.pakbus.utility.settingNewProgram,將{0}設定為執行程序，請等待Logger重新啟動。,將{0}設定為執行程序，請等待Logger重新啟動。,no_change
pakbus,dsEdit.pakbus.utility.alreadyRequestingProgramStats,程序統計請求正在進行,程序統計請求正在進行,no_change
pakbus,dsEdit.pakbus.utility.requestedProgramStats,請求的程序統計,請求的程序統計,no_change
pakbus,dsEdit.pakbus.utility.alreadyRequestingFileControl,正在進行的檔案操作,正在進行的檔案操作,no_change
pakbus,dsEdit.pakbus.utility.requestedFileControl,執行檔案操作,執行檔案操作,no_change
pakbus,dsEdit.pakbus.utility.alreadyUploadingFile,上傳檔案,上傳檔案,no_change
pakbus,dsEdit.pakbus.utility.uploadingFile,上傳檔案,上傳檔案,no_change
pakbus,dsEdit.pakbus.utility.uploadedFileNotFound,在伺服器上找不到上傳的檔案,在伺服器上找不到上傳的檔案,no_change
pakbus,dsEdit.pakbus.utility.invalidFile,無效的檔案上傳,無效的檔案上傳,no_change
pakbus,dsEdit.pakbus.utility.noFileSelected,沒有檔案可以上傳,沒有檔案可以上傳,no_change
pakbus,dsEdit.pakbus.utility.number,數字,數字,no_change
pakbus,dsEdit.pakbus.utility.name,名稱,名稱,no_change
pakbus,dsEdit.pakbus.utility.value,數值,數值,no_change
pakbus,dsEdit.pakbus.utility.timestamp,時間戳,時間戳,no_change
pakbus,dsEdit.pakbus.utility.recordNumber,記錄號碼,記錄號碼,no_change
pakbus,dsEdit.pakbus.utility.lastUpdated,最後更新,最後更新,no_change
pakbus,dsEdit.pakbus.utility.size,尺寸,尺寸,no_change
pakbus,dsEdit.pakbus.utility.running,執行,執行,no_change
pakbus,dsEdit.pakbus.utility.arrayLength,陣列長度,陣列長度,no_change
pakbus,dsEdit.pakbus.utility.showTableInfo,顯示表資訊,顯示表資訊,no_change
pakbus,dsEdit.pakbus.utility.loggerTables,記錄表,記錄表,no_change
pakbus,dsEdit.pakbus.utility.addPakBusPoint,新增資料點,新增資料點,no_change
pakbus,dsEdit.pakbus.utility.addDatalogger,將Datalogger新增到資料來源,將Datalogger新增到資料來源,no_change
pakbus,dsEdit.pakbus.utility.copySettings,將設定複製到發現工具,將設定複製到發現工具,no_change
pakbus,dsEdit.pakbus.utility.currentValues,表電流值,表電流值,no_change
pakbus,dsEdit.pakbus.utility.connecting,連接到Logger ...,連接到Logger ...,no_change
pakbus,dsEdit.pakbus.utility.initializingNetwork,用節點地址{0}初始化網路,用節點地址{0}初始化網路,no_change
pakbus,dsEdit.pakbus.utility.ready,準備好,準備好,no_change
pakbus,dsEdit.pakbus.utility.cancelled,連接取消,連接取消,no_change
pakbus,dsEdit.pakbus.utility.error,Pakbus測試工具錯誤：{0},Pakbus測試工具錯誤：{0},no_change
pakbus,validate.mustHaveOneLogger,資料來源必須至少具有1個資料詞架,資料來源必須至少具有1個資料詞架,no_change
pakbus,validate.loggerNotDefined,資料來源中不存在此地址的資料詞架,資料來源中不存在此地址的資料詞架,no_change
pakbus,pakbus.event.getTableDefinitionsFailedDesc,Logger表定義請求失敗,Logger表定義請求失敗,no_change
pakbus,pakbus.event.getTableDefinitionsFailed,地址{0}的記錄器無法獲得表定義，因為{1},地址{0}的記錄器無法獲得表定義，因為{1},no_change
pakbus,pakbus.event.loggerInitFailedDesc,記錄器初始化失敗,記錄器初始化失敗,no_change
pakbus,pakbus.event.loggerInitFailed,地址{0}的記錄器無法初始化，因為{1}。它不會收集任何資料。,地址{0}的記錄器無法初始化，因為{1}。它不會收集任何資料。,no_change
pakbus,pakbus.event.dataCollectFailedDesc,資料收集失敗,資料收集失敗,no_change
pakbus,pakbus.event.dataCollectFailed,地址{0}的記錄器無法在表{1}上收集資料，因為：{2},地址{0}的記錄器無法在表{1}上收集資料，因為：{2},no_change
pakbus,pakbus.event.getValueFailedDesc,獲得值失敗,獲得值失敗,no_change
pakbus,pakbus.event.getValueFailed,XID點上的錯誤：{0}。地址{1}的記錄儀無法獲得表{3}中的列{2}的值，因為：{4},XID點上的錯誤：{0}。地址{1}的記錄儀無法獲得表{3}中的列{2}的值，因為：{4},no_change
pakbus,pakbus.event.utility.getValueFailed,地址{0}的記錄器無法獲得值，因為{1},地址{0}的記錄器無法獲得值，因為{1},no_change
pakbus,pakbus.event.clockCheckFailed,地址{0}的記錄器未能檢查/設定時鐘,地址{0}的記錄器未能檢查/設定時鐘,no_change
pakbus,pakbus.event.fileListFailed,地址{0}的記錄器未能列出檔案,地址{0}的記錄器未能列出檔案,no_change
pakbus,pakbus.event.downloadFileFailed,地址的記錄器{0}無法下載檔案,地址的記錄器{0}無法下載檔案,no_change
pakbus,pakbus.event.programStatsRequestFailed,地址{0}的記錄器無法取得程序統計資訊,地址{0}的記錄器無法取得程序統計資訊,no_change
pakbus,pakbus.event.fileControlRequestFailed,地址{0}請求的檔案操作失敗的記錄器,地址{0}請求的檔案操作失敗的記錄器,no_change
pakbus,pakbus.event.fileUploadFailed,地址{0}的記錄器無法上傳檔案,地址{0}的記錄器無法上傳檔案,no_change
pakbus,pakbus.event.loggerRestarting,地址{0}的記錄器正在重新啟動，請等待{1} S,地址{0}的記錄器正在重新啟動，請等待{1} S,no_change
pakbus,pakbus.event.noActiveNetworkLinks,沒有主動網路鏈接，可以重新連接到網路。,沒有主動網路鏈接，可以重新連接到網路。,no_change
pakbus,pakbus.event.comms.outcomeUnknown,未知的失敗,未知的失敗,no_change
pakbus,pakbus.event.comms.outcomeCommFailure,溝通失敗,溝通失敗,no_change
pakbus,pakbus.event.comms.outcomeCommLinkFailure,pakbus鏈接故障,pakbus鏈接故障,no_change
pakbus,pakbus.event.comms.outcomePortFailure,低水平I/O失敗,低水平I/O失敗,no_change
pakbus,pakbus.event.comms.outcomeTimeoutFailure,逾時失敗,逾時失敗,no_change
pakbus,pakbus.event.comms.outcomeUnroutableFailure,無法將消息路由到節點,無法將消息路由到節點,no_change
pakbus,pakbus.event.comms.outcomePermissionDenied,無效的安全碼,無效的安全碼,no_change
pakbus,pakbus.event.comms.outcomeUnsupportedFailure,不受支持的操作,不受支持的操作,no_change
pakbus,pakbus.event.comms.outcomeInvalidTableOrField,無效的表或字段,無效的表或字段,no_change
pakbus,pakbus.event.comms.outcomeUnsupportedConversion,Datalogger無法轉換資料類型,Datalogger無法轉換資料類型,no_change
pakbus,pakbus.event.comms.outcomeMemoryBoundError,請求失敗，因為它會跨越可變內存範圍,請求失敗，因為它會跨越可變內存範圍,no_change
pakbus,pakbus.event.comms.outcomeAborted,交易中斷,交易中斷,no_change
pakbus,pakbus.event.comms.outcomeInvalidTableDefinition,本地表定義不符合記錄器的定義,本地表定義不符合記錄器的定義,no_change
pakbus,pakbus.dox.pp,pakbus點屬性,pakbus點屬性,no_change
pakbus,pakbus.dox.ds.ip,Pakbus IP資料來源,Pakbus IP資料來源,no_change
pakbus,pakbus.dox.ds.serial,pakbus序列資料來源,pakbus序列資料來源,no_change
pakbus,pakbus.dox.tool,Pakbus發現工具,Pakbus發現工具,no_change
persistent,persistent.description,Mango 自動化實體之間非常高速連通性的資料來源和發布者,Mango 自動化實體之間非常高速連通性的資料來源和發布者,no_change
persistent,dox.persistentDS,Mango 持續的TCP資料來源,Mango 持續的TCP資料來源,no_change
persistent,dox.persistentPP,Mango 持續的TCP點屬性,Mango 持續的TCP點屬性,no_change
persistent,dox.persistentPublishing,Mango 持續的TCP出版,Mango 持續的TCP出版,no_change
persistent,dox.persistentDataSourceSettings,Mango 持續的TCP資料來源設定,Mango 持續的TCP資料來源設定,no_change
persistent,persistent.socketTimeout,插座逾時（MS）,插座逾時（MS）,no_change
persistent,dsEdit.persistent,Mango 持續的TCP,Mango 持續的TCP,no_change
persistent,dsEdit.persistentPoint,Mango 持續的TCP資料點,Mango 持續的TCP資料點,no_change
persistent,dsEdit.persistent.dsconn,埠號：{0},埠號：{0},no_change
persistent,dsEdit.persistent.desc,Mango 持續的TCP屬性,Mango 持續的TCP屬性,no_change
persistent,dsEdit.persistent.port,埠號,埠號,no_change
persistent,dsEdit.persistent.authorizationKey,授權密鑰,授權密鑰,no_change
persistent,dsEdit.persistent.acceptPointUpdates,接受點設定更新,接受點設定更新,no_change
persistent,dsEdit.persistent.overridePermissionsUpdates,覆蓋權限更新,覆蓋權限更新,no_change
persistent,dsEdit.persistent.useCompression,使用壓縮,使用壓縮,no_change
persistent,dsEdit.persistent.newPointReadPermission,新的讀取權限,新的讀取權限,no_change
persistent,dsEdit.persistent.newPointSetPermission,新點設定權限,新點設定權限,no_change
persistent,dsEdit.persistent.overridePermissionTransmission,覆蓋發送了許可,覆蓋發送了許可,no_change
persistent,dsEdit.persistent.overrideReadPermission,所有點讀取許可,所有點讀取許可,no_change
persistent,dsEdit.persistent.overrideSetPermission,所有點設定的權限,所有點設定的權限,no_change
persistent,publisherEdit.persistent,Mango 持續的TCP,Mango 持續的TCP,no_change
persistent,publisherEdit.persistent.connectionDesc,{0}：{1},{0}：{1},no_change
persistent,publisherEdit.persistent.ipv6ConnectionDesc,[{0}]：{1},[{0}]：{1},no_change
persistent,publisherEdit.persistent.props,Mango 持續的TCP屬性,Mango 持續的TCP屬性,no_change
persistent,publisherEdit.persistent.host,主機,主機,no_change
persistent,publisherEdit.persistent.port,埠號,埠號,no_change
persistent,publisherEdit.persistent.authorizationKey,授權密鑰,授權密鑰,no_change
persistent,publisherEdit.persistent.xidPrefix,XID前綴,XID前綴,no_change
persistent,publisherEdit.persistent.sync,同步歷史資料,同步歷史資料,no_change
persistent,publisherEdit.persistent.sync.none,沒有任何,沒有任何,no_change
persistent,publisherEdit.persistent.sync.daily,日常的,日常的,no_change
persistent,publisherEdit.persistent.sync.weekly,每週,每週,no_change
persistent,publisherEdit.persistent.sync.monthly,每月,每月,no_change
persistent,publisherEdit.persistent.syncRealTime,傳輸實時資料,傳輸實時資料,no_change
persistent,publisherEdit.persistent.syncPointHierarchy,同步點層次結構,同步點層次結構,no_change
persistent,publisherEdit.persistent.historyCutoffTime,同步歷史之前,同步歷史之前,no_change
persistent,publisherEdit.persistent.maxPointValuesToSend,最大點值要發送到資料包,最大點值要發送到資料包,no_change
persistent,publisherEdit.persistent.syncResponseTimeout,同步響應逾時（MS）,同步響應逾時（MS）,no_change
persistent,publisherEdit.persistent.reconnectSyncs,重新連接時繼續失敗的同步,重新連接時繼續失敗的同步,no_change
persistent,publisherEdit.persistent.syncRequestRetryAttempts,同步請求重試,同步請求重試,no_change
persistent,publisherEdit.persistent.publishedPoints,已發布的資料點,已發布的資料點,no_change
persistent,publisherEdit.persistent.point.syncedTo,同步,同步,no_change
persistent,publisherEdit.persistent.addAllInView,新增全部檢視,新增全部檢視,no_change
persistent,publisherEdit.persistent.removeAllInView,刪除所有視圖,刪除所有視圖,no_change
persistent,publisherEdit.persistent.message,訊息,訊息,no_change
persistent,publisherEdit.persistent.addConfirm,新增資料點{0}？這將重新啟動執行的發布者。,新增資料點{0}？這將重新啟動執行的發布者。,no_change
persistent,publisherEdit.persistent.dataPointAdded,已發布保存，新增的資料點，名稱：{0},已發布保存，新增的資料點，名稱：{0},no_change
persistent,publisherEdit.persistent.addAllConfirm,在檢視中新增所有資料點？這將重新啟動執行的發布者。,在檢視中新增所有資料點？這將重新啟動執行的發布者。,no_change
persistent,publisherEdit.persistent.dataPointsAdded,已發布保存，新增{0}點,已發布保存，新增{0}點,no_change
persistent,publisherEdit.persistent.removeConfirm,刪除資料點{0}？這將重新啟動執行的發布者。,刪除資料點{0}？這將重新啟動執行的發布者。,no_change
persistent,publisherEdit.persistent.dataPointRemoved,已發布保存，刪除的資料點，名稱：{0},已發布保存，刪除的資料點，名稱：{0},no_change
persistent,publisherEdit.persistent.removeAllConfirm,刪除所有資料點？這將重新啟動執行的發布者。,刪除所有資料點？這將重新啟動執行的發布者。,no_change
persistent,publisherEdit.persistent.dataPointsRemoved,已發布保存，刪除{0}點,已發布保存，刪除{0}點,no_change
persistent,publisherEdit.persistent.syncMinimumOverlap,同步資料塊時的最小重疊,同步資料塊時的最小重疊,no_change
persistent,publisherEdit.persistent.allowSettable,允許資料來源設定值,允許資料來源設定值,no_change
persistent,publisherEdit.persistent.publishAttributeChanges,發佈點屬性更改,發佈點屬性更改,no_change
persistent,event.persistent.authKey,錯誤的auth鍵,錯誤的auth鍵,no_change
persistent,event.persistent.pointDeserialization,求職點異常：{0},求職點異常：{0},no_change
persistent,event.persistent.dataTypeMismatch,資料類型不符合“ {0}”點：client = {1}，server = {2},資料類型不符合“ {0}”點：client = {1}，server = {2},no_change
persistent,event.persistent.dataSourceMismatch,資料來源不符合點“ {0}”。 XID已經屬於主機上的不同資料來源。,資料來源不符合點“ {0}”。 XID已經屬於主機上的不同資料來源。,no_change
persistent,event.persistent.xidTooLong,XID點“ {0}”太長了。,XID點“ {0}”太長了。,no_change
persistent,event.persistent.licenseRequired,持續的TCP模塊必須具有適當的許可核心。,持續的TCP模塊必須具有適當的許可核心。,no_change
persistent,event.persistent.decryptionFailed,解密失敗,解密失敗,no_change
persistent,event.persistent.decryptionFailedMessage,解密失敗：{0},解密失敗：{0},no_change
persistent,event.persistent.setPointFailed,由於{1},由於{1},no_change
persistent,event.pb.persistent.connectionFailed,連接嘗試失敗,連接嘗試失敗,no_change
persistent,event.pb.persistent.protocolFailure,協議錯誤,協議錯誤,no_change
persistent,event.pb.persistent.connectionAborted,連接中止,連接中止,no_change
persistent,event.pb.persistent.connectionLost,連接丟失,連接丟失,no_change
persistent,event.pb.persistent.syncCompleted,資料同步完成,資料同步完成,no_change
persistent,event.pb.persistent.syncCompleted.details,點：{0}，已發送{1}請求，同步{2}記錄，目標超計：{3}，響應錯誤：{4}，經過時間：{5},點：{0}，已發送{1}請求，同步{2}記錄，目標超計：{3}，響應錯誤：{4}，經過時間：{5},no_change
persistent,event.pb.persistent.setPointFailed,無法用XID {0}設定點，因為{1},無法用XID {0}設定點，因為{1},no_change
persistent,dsEdit.persistent.status,執行時狀態,執行時狀態,no_change
persistent,dsEdit.persistent.getRuntimeStatusTool,取得執行時狀態工具,取得執行時狀態工具,no_change
persistent,dsEdit.persistent.getStatus,獲得狀態,獲得狀態,no_change
persistent,dsEdit.persistent.status.error,錯誤 -  {0},錯誤 -  {0},no_change
persistent,dsEdit.persistent.status.notEnabled,資料來源未啟用,資料來源未啟用,no_change
persistent,dsEdit.persistent.status.noConnections,沒有連接,沒有連接,no_change
persistent,dsEdit.persistent.status.connection,{0}：{1}點，接收到{2}，{3}的資料包，{4}逾時,{0}：{1}點，接收到{2}，{3}的資料包，{4}逾時,no_change
persistent,dsEdit.persistent.status.address,地址,地址,no_change
persistent,dsEdit.persistent.status.connectedFor,連接用於（s）,連接用於（s）,no_change
persistent,dsEdit.persistent.status.packetsReceived,收到的資料包,收到的資料包,no_change
persistent,dsEdit.persistent.status.timeouts,逾時,逾時,no_change
persistent,dsEdit.persistent.status.indexedPointsCount,索引點,索引點,no_change
persistent,publisherEdit.persistent.status,執行時狀態,執行時狀態,no_change
persistent,publisherEdit.persistent.getStatus,獲得狀態,獲得狀態,no_change
persistent,publisherEdit.persistent.status.notEnabled,發布者未啟用,發布者未啟用,no_change
persistent,publisherEdit.persistent.status.pointCount,點數：{0},點數：{0},no_change
persistent,publisherEdit.persistent.status.queueSize,更新隊列大小：{0},更新隊列大小：{0},no_change
persistent,publisherEdit.persistent.status.connectionState,連接：{0},連接：{0},no_change
persistent,publisherEdit.persistent.status.notConnected,未連接,未連接,no_change
persistent,publisherEdit.persistent.status.connecting,{1}的連接點{0},{1}的連接點{0},no_change
persistent,publisherEdit.persistent.status.connected,連接在埠號{0},連接在埠號{0},no_change
persistent,publisherEdit.persistent.status.packetQueueSize,資料包隊列大小：{0},資料包隊列大小：{0},no_change
persistent,publisherEdit.persistent.status.packetsSentInInterval,最近5分鐘發送的資料包：{0},最近5分鐘發送的資料包：{0},no_change
persistent,publisherEdit.persistent.status.syncNotRunning,歷史記錄同步當前不執行,歷史記錄同步當前不執行,no_change
persistent,publisherEdit.persistent.status.syncStatus,歷史同步狀態：{1}點（s）的{0}，{2}請求發送，{3}點/s，總時間：{4},歷史同步狀態：{1}點（s）的{0}，{2}請求發送，{3}點/s，總時間：{4},no_change
persistent,publisherEdit.persistent.status.notYetSynced,點尚未同步,點尚未同步,no_change
persistent,publisherEdit.persistent.startSync,開始歷史同步,開始歷史同步,no_change
persistent,publisherEdit.persistent.syncStarted,同步開始,同步開始,no_change
persistent,publisherEdit.persistent.syncNotStarted,同步沒有開始，因為另一個同步已經在執行,同步沒有開始，因為另一個同步已經在執行,no_change
persistent,publisherEdit.persistent.setSyncDate,從時間設定同步歷史記錄,從時間設定同步歷史記錄,no_change
persistent,publisherEdit.persistent.syncHistorySet,從時間設定為{0}同步歷史記錄,從時間設定為{0}同步歷史記錄,no_change
persistent,publisherEdit.persistent.syncHistoryNotCleared,從時間開始同步歷史記錄：{0},從時間開始同步歷史記錄：{0},no_change
persistent,publisherEdit.persistent.parallelSyncTasks,同步線程數量,同步線程數量,no_change
persistent,publisherEdit.persistent.connectionCheckPeriod,連接檢查期（​​MS）,連接檢查期（​​MS）,no_change
persistent,publisherEdit.persistent.unsyncedDataPurge,防止資料清除非同步資料,防止資料清除非同步資料,no_change
persistent,publisherEdit.persistent.synchronizationSettings,歷史同步,歷史同步,no_change
persistent,publisherEdit.persistent.dataPointSettings,資料點同步,資料點同步,no_change
persistent,publisherEdit.persistent.connectionSettings,連接設定,連接設定,no_change
persistent,publisherEdit.persistent.loggingSettings,記錄設定,記錄設定,no_change
persistent,persistent.useCrc,使用CRC校驗和,使用CRC校驗和,no_change
persistent,persistent.saveRealtime,保存實時資料,保存實時資料,no_change
persistent,persistent.loggingEnabled,啟用記錄,啟用記錄,no_change
persistent,persistent.logLevel,日誌級別,日誌級別,no_change
persistent,persistent.logPath,日誌將寫入入{0},日誌將寫入入{0},no_change
persistent,persistent.addPathPrefix,層次結構路徑前綴,層次結構路徑前綴,no_change
persistent,persistent.addPathPrefix.note,使用斜線字符（/）單獨的檔案夾名稱,使用斜線字符（/）單獨的檔案夾名稱,no_change
persistent,persistent.extraTags,額外的標籤,額外的標籤,no_change
persistent,persistent.addTagValue,新增標籤值,新增標籤值,no_change
persistent,persistent.useEncryption,使用加密,使用加密,no_change
persistent,persistent.sharedKey,共享密鑰,共享密鑰,no_change
persistent,persistent.keySize,鑰匙尺寸,鑰匙尺寸,no_change
persistent,persistent.generateSharedKey,產生,產生,no_change
persistent,persistent.log.none,沒有任何,沒有任何,no_change
persistent,persistent.log.trace,痕跡,痕跡,no_change
persistent,persistent.log.debug,偵錯,偵錯,no_change
persistent,persistent.log.info,資訊,資訊,no_change
persistent,persistent.log.warning,警告,警告,no_change
persistent,persistent.log.error,錯誤,錯誤,no_change
persistent,persistent.log.fatal,致命的,致命的,no_change
persistent,persistent.validate.tooManyTasks,"不能超過65,535個同步任務","不能超過65,535個同步任務",no_change
persistent,persistent.validate.noDuplicateTags,無法用相同的密鑰新增兩個標籤,無法用相同的密鑰新增兩個標籤,no_change
persistent,persistent.validate.invalidSharedKeyLength,共享密鑰必須至少{0}字節長,共享密鑰必須至少{0}字節長,no_change
persistent,persistent.validate.encryptionNotSupported,不支持加密,不支持加密,no_change
persistent,persistent.validate.invalidKeyValue,無效的六邊形密鑰，{0},無效的六邊形密鑰，{0},no_change
persistent,persistent.settings.header,持續的TCP設定,持續的TCP設定,no_change
persistent,persistent.settings.pointValueThrottleThreshold,點數值節氣門閾值,點數值節氣門閾值,no_change
persistent,persistent.settings.pointValueThrottleMaxWait,最大油門等待時間,最大油門等待時間,no_change
persistent,persistent.settings.saved,保存的持續資料來源設定,保存的持續資料來源設定,no_change
persistent,persistent.monitor.totalConnections,{0}總連接,{0}總連接,no_change
persistent,persistent.monitor.pointValuesPerSecond,{0}點值/s,{0}點值/s,no_change
persistent,persistent.monitor.pointsConnected,{0}點連接,{0}點連接,no_change
persistent,persistent.monitor.totalTimeouts,{0}總逾時,{0}總逾時,no_change
persistent,persistent.monitor.totalConnectionTime,{0}總連接時間（HRS）,{0}總連接時間（HRS）,no_change
persistent,annotation.persistentPublisher,由XID''{0}''設定,由XID''{0}''設定,no_change
pid,pid.description,PID控制器,PID控制器,no_change
pid,pid.point.configuration,映射從{0}導入到{1},映射從{0}導入到{1},no_change
pid,dsEdit.pid.connectionDescription,輸入點：{0}輸出點：{1},輸入點：{0}輸出點：{1},no_change
pid,dsEdit.pid.UnconfiguredConnectionDescription,未正確配置。,未正確配置。,no_change
pid,dsEdit.pid.desc,pid,pid,no_change
pid,dsEdit.pid,pid,pid,no_change
pid,dsEdit.pidPoint,PID資料點,PID資料點,no_change
pid,dsEdit.pid.proportionalPid,P點,P點,no_change
pid,dsEdit.pid.integralPid,我指的是,我指的是,no_change
pid,dsEdit.pid.derivativePid,D點,D點,no_change
pid,dsEdit.pid.inputFilterWindowSize,輸入過濾器窗口大小,輸入過濾器窗口大小,no_change
pid,dsEdit.pid.setpointPid,設定點,設定點,no_change
pid,dsEdit.pid.outputPid,輸出點,輸出點,no_change
pid,dsEdit.pid.inputPid,輸入點,輸入點,no_change
pid,dsEdit.pid.modePid,模式點,模式點,no_change
pid,dsEdit.pid.controlType,控制類型,控制類型,no_change
pid,dsEdit.pid.controlType.positiveControl,積極對照,積極對照,no_change
pid,dsEdit.pid.controlType.negativeControl,陰性對照,陰性對照,no_change
pid,dsEdit.pid.outputHighLimit,輸出高極限,輸出高極限,no_change
pid,dsEdit.pid.outputLowLimit,輸出低限,輸出低限,no_change
pid,dsEdit.pid.outputDeadbandHigh,輸出DEABAND高範圍,輸出DEABAND高範圍,no_change
pid,dsEdit.pid.outputDeadbandLow,輸出死帶低範圍,輸出死帶低範圍,no_change
pid,dsEdit.pid.allowableWindupRange,允許的打孔範圍,允許的打孔範圍,no_change
pid,dsEdit.pid.discoveryOutput,發現輸出,發現輸出,no_change
pid,dsEdit.pid.discoveryTuneMethod,發現調子方法,發現調子方法,no_change
pid,dsEdit.pid.discoveryTuneMethod.basic,基本的,基本的,no_change
pid,dsEdit.pid.discoveryTuneMethod.cohenCoon,科恩 - 通,科恩 - 通,no_change
pid,dsEdit.pid.discoveryTuneMethod.integralTimeWeightedAbsError,整體時間加權絕對錯誤,整體時間加權絕對錯誤,no_change
pid,dsEdit.pid.timeConstantPid,時間恆定點,時間恆定點,no_change
pid,dsEdit.pid.deadTimePid,死時間點,死時間點,no_change
pid,dsEdit.pid.modelGainPid,模型增益點,模型增益點,no_change
pid,dsEdit.pid.normalizedSlopePid,歸一化的斜率點,歸一化的斜率點,no_change
pid,dsEdit.pid.checkToAutoGeneratePoint,檢查自動生成點,檢查自動生成點,no_change
pid,dsEdit.pid.steadyStateWaitCurvePid,穩態等待曲線,穩態等待曲線,no_change
pid,dsEdit.pid.steadyStateWaitPolynomialGuess,穩態等待多項式猜測,穩態等待多項式猜測,no_change
pid,dsEdit.pid.steadyStateWaitMinSamplesRequired,穩態等待最低樣品,穩態等待最低樣品,no_change
pid,dsEdit.pid.steadyStateWaitMinSlopeChangeAllowed,穩態等待最小的坡度更改允許,穩態等待最小的坡度更改允許,no_change
pid,dsEdit.pid.steadyStateWaitMinAcceptableCurveFit,穩態等待最小可接受的曲線擬合,穩態等待最小可接受的曲線擬合,no_change
pid,dsEdit.pid.steadyStateWaitFilterWindowSize,穩態等待濾波器窗口尺寸,穩態等待濾波器窗口尺寸,no_change
pid,dsEdit.pid.deadTimeCurvePid,死時間曲線,死時間曲線,no_change
pid,dsEdit.pid.deadTimePolynomialGuess,死時間多項式猜測,死時間多項式猜測,no_change
pid,dsEdit.pid.deadTimeMinSamplesRequired,需要的最低樣品所需的時間,需要的最低樣品所需的時間,no_change
pid,dsEdit.pid.deadTimeMinSlopeChangeAllowed,停止時間最小允許坡度變化,停止時間最小允許坡度變化,no_change
pid,dsEdit.pid.deadTimeMinAcceptableCurveFit,死時間最小可接受的曲線適合,死時間最小可接受的曲線適合,no_change
pid,dsEdit.pid.deadTimeFilterWindowSize,死時間過濾窗口大小,死時間過濾窗口大小,no_change
pid,dsEdit.pid.riseTimeCurvePid,上升時間曲線,上升時間曲線,no_change
pid,dsEdit.pid.riseTimePolynomialGuess,上升時間多項式猜測,上升時間多項式猜測,no_change
pid,dsEdit.pid.riseTimeMinSamplesRequired,需要的最小樣品上升時間,需要的最小樣品上升時間,no_change
pid,dsEdit.pid.riseTimeMinSlopeChangeAllowed,上升時間允許最小坡度變化,上升時間允許最小坡度變化,no_change
pid,dsEdit.pid.riseTimeMinAcceptableCurveFit,上升時間最小可接受的曲線擬合,上升時間最小可接受的曲線擬合,no_change
pid,dsEdit.pid.riseTimeFilterWindowSize,上升時間過濾窗口大小,上升時間過濾窗口大小,no_change
pid,dsEdit.pid.settleTimeCurvePid,安定時間曲線,安定時間曲線,no_change
pid,dsEdit.pid.settleTimePolynomialGuess,解決時間多項式猜測,解決時間多項式猜測,no_change
pid,dsEdit.pid.settleTimeMinSamplesRequired,定居時間最小樣品,定居時間最小樣品,no_change
pid,dsEdit.pid.settleTimeMinSlopeChangeAllowed,定居時間最小的坡度更改允許,定居時間最小的坡度更改允許,no_change
pid,dsEdit.pid.settleTimeMinAcceptableCurveFit,結算最小可接受的曲線擬合時間,結算最小可接受的曲線擬合時間,no_change
pid,dsEdit.pid.settleTimeFilterWindowSize,結算時間過濾窗口尺寸,結算時間過濾窗口尺寸,no_change
pid,dsEdit.pid.steadyStateCurvePid,穩態曲線,穩態曲線,no_change
pid,dsEdit.pid.steadyStatePolynomialGuess,穩態多項式猜測,穩態多項式猜測,no_change
pid,dsEdit.pid.steadyStateMinSamplesRequired,穩態最小樣品,穩態最小樣品,no_change
pid,dsEdit.pid.steadyStateMinSlopeChangeAllowed,穩態最小坡度允許變化,穩態最小坡度允許變化,no_change
pid,dsEdit.pid.steadyStateMinAcceptableCurveFit,穩態最小可接受的曲線擬合,穩態最小可接受的曲線擬合,no_change
pid,dsEdit.pid.steadyStateFilterWindowSize,穩態濾波器窗口尺寸,穩態濾波器窗口尺寸,no_change
pid,dsEdit.pid.discoveryTool,系統分析工具,系統分析工具,no_change
pid,dsEdit.pid.advancedOptions,高級選項,高級選項,no_change
pid,dsEdit.pid.steadyStateWaitDetectionSettings,穩態等待檢測設定,穩態等待檢測設定,no_change
pid,dsEdit.pid.deadTimeDetectionSettings,死時間檢測設定,死時間檢測設定,no_change
pid,dsEdit.pid.riseTimeDetectionSettings,上升時間檢測設定,上升時間檢測設定,no_change
pid,dsEdit.pid.settleTimeDetectionSettings,解決時間檢測設定,解決時間檢測設定,no_change
pid,dsEdit.pid.steadyStateDetectionSettings,穩態檢測設定,穩態檢測設定,no_change
pid,dsEdit.pid.loadDiscoveryData,載入發現資料,載入發現資料,no_change
pid,dsEdit.pid.saveDiscoveryData,保存當前發現資料,保存當前發現資料,no_change
pid,dsEdit.pid.discoveryDataSaved,當前的發現資料已保存，並且在發現完成後將自動保存。,當前的發現資料已保存，並且在發現完成後將自動保存。,no_change
pid,dsEdit.pid.discoveryDataNotSaved,發現資料無法保存，資料來源是否執行？,發現資料無法保存，資料來源是否執行？,no_change
pid,dsEdit.pid.noDataAvailable,發現資料僅在控制器處於發現模式時可用。,發現資料僅在控制器處於發現模式時可用。,no_change
pid,dsEdit.pid.systemStepResponse,系統步長響應,系統步長響應,no_change
pid,pid.state.off,離開,離開,no_change
pid,pid.state.discovery,發現,發現,no_change
pid,pid.state.tuning,調諧,調諧,no_change
pid,pid.state.running,執行,執行,no_change
pid,pid.proportional.name,比例尺度,比例尺度,no_change
pid,pid.integral.name,整體時間,整體時間,no_change
pid,pid.derivative.name,派生時間,派生時間,no_change
pid,pid.setpoint.name,設定點,設定點,no_change
pid,pid.output.name,控制器輸出 /系統輸入,控制器輸出 /系統輸入,no_change
pid,pid.input.name,系統輸出 /調解器輸入,系統輸出 /調解器輸入,no_change
pid,pid.mode.name,控制器模式,控制器模式,no_change
pid,pid.timeConstant.name,系統時間常數,系統時間常數,no_change
pid,pid.deadTime.name,系統死時間,系統死時間,no_change
pid,pid.modelGain.name,系統增益,系統增益,no_change
pid,pid.normalizedSlope.name,系統標準化坡度,系統標準化坡度,no_change
pid,pid.steadyStateWaitCurve.name,穩態等待曲線,穩態等待曲線,no_change
pid,pid.deadTimeCurve.name,死時間曲線,死時間曲線,no_change
pid,pid.riseTimeCurve.name,上升時間曲線,上升時間曲線,no_change
pid,pid.settleTimeCurve.name,解決時間曲線,解決時間曲線,no_change
pid,pid.steadyStateCurve.name,穩態曲線,穩態曲線,no_change
pid,pid.setpoint.message,由{0}設定,由{0}設定,no_change
pid,pid.setpoint.recursiveFailure,資料來源的設定點期間的遞歸失敗{0},資料來源的設定點期間的遞歸失敗{0},no_change
pid,pid.validate.belowOutputLowLimit,不能低於輸出低限,不能低於輸出低限,no_change
pid,pid.validate.aboveOutputLowLimit,不能超過輸出高限,不能超過輸出高限,no_change
pid,pid.emport.error.missing,缺少''{0}'',缺少''{0}'',no_change
pid,pid.event.pointNotAvailable,資料點不可用：{0},資料點不可用：{0},no_change
pid,pid.event.pointNotAvailableBecause,資料點不可用：{0}，因為{1},資料點不可用：{0}，因為{1},no_change
pid,pid.event.startupFailed,PID資料來源無法啟動：{0},PID資料來源無法啟動：{0},no_change
pid,pid.event.pointSetFailure,點集失敗,點集失敗,no_change
pid,pid.event.discoveryAutoShutoff,發現由於系統到達設定點而導致的自動關閉，減少發現輸出或增加設定點,發現由於系統到達設定點而導致的自動關閉，減少發現輸出或增加設定點,no_change
pid,pid.event.discoveryToRunning,在發現模式完成後，模式更改為執行,在發現模式完成後，模式更改為執行,no_change
pid,pid.event.modeChange,模式自動更改,模式自動更改,no_change
pid,pid.event.noValueSet,沒有值設定的值,沒有值設定的值,no_change
pid,pid.dox.pidDS,PID資料來源屬性,PID資料來源屬性,no_change
pid,pid.dox.pidPP,PID點屬性,PID點屬性,no_change
pid,pid.dox.pidDiscovery,PID發現工具,PID發現工具,no_change
pointLinks,point-links.description,用於建立和編輯鏈接的頁面，並通過可選的腳本轉換來建立和編輯鏈接,用於建立和編輯鏈接的頁面，並通過可選的腳本轉換來建立和編輯鏈接,no_change
pointLinks,annotation.pointLink,用XID''{0}''按點設定的點鏈接,用XID''{0}''按點設定的點鏈接,no_change
pointLinks,js.disabledPointLink,禁用點鏈接,禁用點鏈接,no_change
pointLinks,dox.pointLinks,點鏈接,點鏈接,no_change
pointLinks,emport.pointLink.prefix,點鏈接''{0}''：{1},點鏈接''{0}''：{1},no_change
pointLinks,events.editPointLink,編輯點鏈接,編輯點鏈接,no_change
pointLinks,header.pointLinks,點鏈接,點鏈接,no_change
pointLinks,pointLinks.pointLinks,點鏈接,點鏈接,no_change
pointLinks,pointLinks.pointLink,點鏈接,點鏈接,no_change
pointLinks,pointLinks.details,點鏈接詳細資訊,點鏈接詳細資訊,no_change
pointLinks,pointLinks.source,源點,源點,no_change
pointLinks,pointLinks.target,目標點,目標點,no_change
pointLinks,pointLinks.script,腳本,腳本,no_change
pointLinks,pointLinks.event,事件,事件,no_change
pointLinks,pointLinks.logLevel,日誌級別,日誌級別,no_change
pointLinks,pointLinks.validate.sourceRequired,源點需要,源點需要,no_change
pointLinks,pointLinks.validate.targetRequired,目標點需要,目標點需要,no_change
pointLinks,pointLinks.validate.samePoint,來源和目標點不能相同,來源和目標點不能相同,no_change
pointLinks,pointLinks.pointLinkAdded,新增了點鏈接,新增了點鏈接,no_change
pointLinks,pointLinks.pointLinkSaved,保存點鏈接,保存點鏈接,no_change
pointLinks,pointLinks.validate.success,腳本結果：{0},腳本結果：{0},no_change
pointLinks,pointLinks.validate.successTs,腳本結果：{0}，timestamp = {1},腳本結果：{0}，timestamp = {1},no_change
pointLinks,pointLinks.validate.successNoValue,腳本結果：成功，沒有設定目標的值。,腳本結果：成功，沒有設定目標的值。,no_change
pointLinks,pointLinks.validate.scriptError,腳本錯誤：{0},腳本錯誤：{0},no_change
pointLinks,internal.monitor.POINT_LINK_COUNT,點鏈接計數,點鏈接計數,no_change
pointLinks,event.system.pointLinkAlreadyRunningSpecific,點鏈接{0}已經在執行,點鏈接{0}已經在執行,no_change
pointLinks,event.system.pointLinkAlreadyRunning,點鏈接已經在執行,點鏈接已經在執行,no_change
pointLinks,event.system.pointLinkSpecific,點鏈接{0}失敗,點鏈接{0}失敗,no_change
pointLinks,event.system.pointLink,點鏈接故障,點鏈接故障,no_change
pointLinks,event.audit.pointLink,點鏈接,點鏈接,no_change
pointLinks,event.pointLink.duplicateRuns,無法執行點鏈接，因為它當前正在執行,無法執行點鏈接，因為它當前正在執行,no_change
pointLinks,event.pointLink.sourceUnavailable,點鏈接源不可用,點鏈接源不可用,no_change
pointLinks,event.pointLink.targetUnavailable,點鏈接目標不可用,點鏈接目標不可用,no_change
pointLinks,event.pointLink.targetNotSettable,點鏈接目標無法設定,點鏈接目標無法設定,no_change
pointLinks,event.pointLink.recursionFailure,由於遞歸溢出，未執行點鏈接。您的配置中可能有無限的遞歸循環。,由於遞歸溢出，未執行點鏈接。您的配置中可能有無限的遞歸循環。,no_change
pointLinks,event.pointLink.nullResult,腳本返回null。忽略結果。,腳本返回null。忽略結果。,no_change
pointLinks,event.pointLink.convertError,源資料類型與目標資料類型不符合,源資料類型與目標資料類型不符合,no_change
pointLinks,emport.error.link.invalid,點鏈接具有無效的'{0}'''{1}''的值。有效值為{2},點鏈接具有無效的'{0}'''{1}''的值。有效值為{2},no_change
pointLinks,pointLinks.permission.view,點鏈接視圖權限,點鏈接視圖權限,no_change
pointLinks,pointLinks.writeAnnotation,寫入註釋,寫入註釋,no_change
pointLinks,pointLinks.set.permissionDenied,點鏈接{0}拒絕權限設定點{1},點鏈接{0}拒絕權限設定點{1},no_change
pointLinks,pointLinks.setTest.permissionDenied,權限故障設定點{0},權限故障設定點{0},no_change
pop3,pop3.description,從電子郵件中解析內容的資料來源,從電子郵件中解析內容的資料來源,no_change
pop3,dox.pop3DS,POP3資料來源,POP3資料來源,no_change
pop3,dsEdit.pop3,POP3電子郵件,POP3電子郵件,no_change
pop3,dsEdit.pop3Point,POP3電子郵件資料點,POP3電子郵件資料點,no_change
pop3,dsEdit.pop3.dpconn,正規表示式：{0},正規表示式：{0},no_change
pop3,dsEdit.pop3.regex,正規表示式,正規表示式,no_change
pop3,dsEdit.pop3.binary0Value,二進制0值,二進制0值,no_change
pop3,dsEdit.pop3.numberFormat,數字格式,數字格式,no_change
pop3,dsEdit.pop3.checkPeriod,收件箱檢查期,收件箱檢查期,no_change
pop3,dsEdit.pop3.port,POP3埠號,POP3埠號,no_change
pop3,dsEdit.pop3.testContent,測試內容,測試內容,no_change
pop3,dsEdit.pop3.findInSubject,在主題中找到,在主題中找到,no_change
pop3,dsEdit.pop3.valueRegex,數值正規表示式,數值正規表示式,no_change
pop3,dsEdit.pop3.testValue,測試值參數針對測試資料,測試值參數針對測試資料,no_change
pop3,dsEdit.pop3.ignoreIfMissing,如果缺少，請忽略,如果缺少，請忽略,no_change
pop3,dsEdit.pop3.useMessageTime,使用收到的消息時間,使用收到的消息時間,no_change
pop3,dsEdit.pop3.timeRegex,時間正規表示式,時間正規表示式,no_change
pop3,dsEdit.pop3.testTime,測試時間參數針對測試資料,測試時間參數針對測試資料,no_change
pop3,dsEdit.pop3.timeNotFound,測試資料中找不到的時間,測試資料中找不到的時間,no_change
pop3,dsEdit.pop3.valueNotFound,在測試資料中找不到值,在測試資料中找不到值,no_change
pop3,dsEdit.pop.fileCheck,檢查正規表示式,檢查正規表示式,no_change
pop3,dsEdit.pop3.valueRegexMatch,數值正規表示式符合,數值正規表示式符合,no_change
pop3,dsEdit.pop3.timeRegexMatch,時間正規表示式符合,時間正規表示式符合,no_change
pop3,dsEdit.pop3.validationError,驗證錯誤 -  {0},驗證錯誤 -  {0},no_change
reports,reports.description,用於建立和編輯點報告的頁面。,用於建立和編輯點報告的頁面。,no_change
reports,reports.recipTestEmailMessage,此消息是作為對報告的電子郵件收件人列表的測試發送的,此消息是作為對報告的電子郵件收件人列表的測試發送的,no_change
reports,reports.charts,檢視圖表,檢視圖表,no_change
reports,reports.noPoints,報告沒有新增點,報告沒有新增點,no_change
reports,reports.pointMap,地圖密鑰,地圖密鑰,no_change
reports,reports.commentList.type.point,點,點,no_change
reports,reports.commentList.typeKey,類型鍵,類型鍵,no_change
reports,reports.cron,克朗,克朗,no_change
reports,reports.startValue,開始值,開始值,no_change
reports,reports.statistics,統計資料,統計資料,no_change
reports,reports.consolidated,合併圖表,合併圖表,no_change
reports,reports.dateRangeTo,到,到,no_change
reports,reports.user,用戶,用戶,no_change
reports,reports.validate.lessThan0,不能小於零,不能小於零,no_change
reports,reports.validate.greaterThan59,不能大於59分鐘,不能大於59分鐘,no_change
reports,reports.validate.needRecip,必須至少新增一個收件人,必須至少新增一個收件人,no_change
reports,reports.validate.required,必需的,必需的,no_change
reports,reports.validate.longerThan100,不能超過100個字符,不能超過100個字符,no_change
reports,reports.validate.needPoint,至少必須新增一個點,至少必須新增一個點,no_change
reports,reports.validate.invalidDateRangeType,無效的日期範圍類型,無效的日期範圍類型,no_change
reports,reports.validate.invalidRelativeDateType,無效的相對日期類型,無效的相對日期類型,no_change
reports,reports.validate.periodCountLessThan1,週期數不能小於1,週期數不能小於1,no_change
reports,reports.validate.cron,cron表達式錯誤：{0},cron表達式錯誤：{0},no_change
reports,reports.validate.colour,無效的顏色：{0}用XID'{1}'點{0},無效的顏色：{0}用XID'{1}'點{0},no_change
reports,reports.validate.weight,點重量必須大於0,點重量必須大於0,no_change
reports,reports.validate.userDNE,用戶不存在,用戶不存在,no_change
reports,reports.validate.template,找不到範本檔案,找不到範本檔案,no_change
reports,reports.validate.pointPermissions,用XID'{1}'無法用戶'{0}',用XID'{1}'無法用戶'{0}',no_change
reports,reports.vaildate.pointDNE,報告點不存在,報告點不存在,no_change
reports,reports.license.notGateway,在網關核心授權上禁用模塊,在網關核心授權上禁用模塊,no_change
reports,reports.points,點,點,no_change
reports,reports.schedulePeriod,時間表期,時間表期,no_change
reports,systemSettings.workItemPriority,工作項目優先級,工作項目優先級,no_change
reports,systemSettings.reports.purgeSuccess,{刪除，複數，= 0 {none delete} = 1 {刪除1報告}其他{刪除＃Reports}}}},{刪除，複數，= 0 {none delete} = 1 {刪除1報告}其他{刪除＃Reports}}}},no_change
reports,reports.noSqlDatabaseSizeDesc,取得存儲在NOSQL資料庫中的報告資料的大小。,取得存儲在NOSQL資料庫中的報告資料的大小。,no_change
reports,reports.emport.duplicateXids,無效，超過1個報告的XID為'{0}'',無效，超過1個報告的XID為'{0}'',no_change
reports,reports.emport.pointDNE,XID'{0}'的報告點不存在,XID'{0}'的報告點不存在,no_change
reports,reports.handler,報告,報告,no_change
reports,reports.handler.selectReports,選擇報告,選擇報告,no_change
reports,reports.handler.activeReport,活躍報告,活躍報告,no_change
reports,reports.handler.inactiveReport,不活動報告,不活動報告,no_change
reports,permission.reports.accessReport,用戶''{0}''無權存取報告,用戶''{0}''無權存取報告,no_change
reports,permission.reports.accessReportInstance,用戶''{0}''沒有權限存取報告實體,用戶''{0}''沒有權限存取報告實體,no_change
reports,reports.components.selectAReport,選擇報告,選擇報告,no_change
scheduledEvents,scheduledEvents.type.cron,克朗,克朗,no_change
scheduledEvents,scheduledEvents.validate.activeCron,活動cron表達式中的錯誤：{0},活動cron表達式中的錯誤：{0},no_change
scheduledEvents,scheduledEvents.validate.inactiveCron,無效的cron表達式錯誤：{0},無效的cron表達式錯誤：{0},no_change
scheduledEvents,scheduledEvents.validate.activeTrigger,錯誤建立活動觸發器：{0},錯誤建立活動觸發器：{0},no_change
scheduledEvents,scheduledEvents.validate.inactiveTrigger,錯誤建立非活動觸發器：{0},錯誤建立非活動觸發器：{0},no_change
scheduledEvents,emport.error.scheduledEvent.invalid,計劃事件具有無效的'{0}'''{1}''的值。有效值為{2},計劃事件具有無效的'{0}'''{1}''的值。有效值為{2},no_change
scripting,scripting.description,從計劃執行腳本中取得其值的資料來源。,從計劃執行腳本中取得其值的資料來源。,no_change
scripting,dox.scriptingDS,腳本資料來源,腳本資料來源,no_change
scripting,dox.scriptingPP,腳本點屬性,腳本點屬性,no_change
scripting,dox.mangoJavaScript,Mango Java腳本,Mango Java腳本,no_change
scripting,dsEdit.scripting,腳本,腳本,no_change
scripting,dsEdit.scriptingPoint,腳本點,腳本點,no_change
scripting,dsEdit.script,腳本,腳本,no_change
scripting,dsEdit.script.desc,腳本資料來源屬性,腳本資料來源屬性,no_change
scripting,dsEdit.script.scriptContext,外部上下文點,外部上下文點,no_change
scripting,dsEdit.script.script,腳本,腳本,no_change
scripting,dsEdit.script.cron,克朗模式,克朗模式,no_change
scripting,dsEdit.script.delay,執行延遲（秒）,執行延遲（秒）,no_change
scripting,dsEdit.script.varName,可變名稱,可變名稱,no_change
scripting,dsEdit.script.crons.min,每一分鐘,每一分鐘,no_change
scripting,dsEdit.script.crons.15min,每15分鐘一次,每15分鐘一次,no_change
scripting,dsEdit.script.crons.hour,每小時,每小時,no_change
scripting,dsEdit.script.crons.4hour,每4小時一次,每4小時一次,no_change
scripting,dsEdit.script.crons.day,每天,每天,no_change
scripting,dsEdit.script.noOutput,腳本成功完成,腳本成功完成,no_change
scripting,dsEdit.script.logLevel,日誌級別,日誌級別,no_change
scripting,dsEdit.script.logLevel.none,沒有任何,沒有任何,no_change
scripting,dsEdit.script.logLevel.trace,痕跡,痕跡,no_change
scripting,dsEdit.script.logLevel.debug,偵錯,偵錯,no_change
scripting,dsEdit.script.logLevel.info,資訊,資訊,no_change
scripting,dsEdit.script.logLevel.warn,警告,警告,no_change
scripting,dsEdit.script.logLevel.error,錯誤,錯誤,no_change
scripting,dsEdit.script.logLevel.fatal,致命的,致命的,no_change
scripting,dsEdit.script.logError.open,無法在''{0}''上打開日誌。 {1},無法在''{0}''上打開日誌。 {1},no_change
scripting,dsEdit.script.logError.trouble,日誌寫入作存在問題。,日誌寫入作存在問題。,no_change
scripting,dsEdit.script.noPoints,腳本上下文中沒有新增要點,腳本上下文中沒有新增要點,no_change
scripting,dsEdit.script.pointName,點名稱,點名稱,no_change
scripting,dsEdit.script.historical,節省歷史性,節省歷史性,no_change
scripting,dsEdit.script.updateEvent,上下文更新事件,上下文更新事件,no_change
scripting,dsEdit.script.updateEvent.update,更新,更新,no_change
scripting,dsEdit.script.updateEvent.change,改變,改變,no_change
scripting,dsEdit.script.updateEvent.logged,記錄,記錄,no_change
scripting,dsEdit.script.updatesContext,更新上下文,更新上下文,no_change
scripting,dsEdit.script.polling,輪詢,輪詢,no_change
scripting,dsEdit.script.notPolling,不進行輪詢,不進行輪詢,no_change
scripting,event.script.typeError,腳本資料類型錯誤設定點“ {0}”：{1},腳本資料類型錯誤設定點“ {0}”：{1},no_change
scripting,scripting.annotation,腳本,腳本,no_change
scripting,scripting.validate.mustUpdate,必須進行輪詢或有一個更新上下文,必須進行輪詢或有一個更新上下文,no_change
scripting,script.set.permissionDenied,腳本沒有設定權限以指向XID''{0}'',腳本沒有設定權限以指向XID''{0}'',no_change
scripting,scripting.rhinoException,{0} <br/>在線：{1},{0} <br/>在線：{1},no_change
scripting,scripting.rhinoExceptionCol,{0} <br/>在線：{1}，列：{2},{0} <br/>在線：{1}，列：{2},no_change
serial,serial.description,序列資料來源,序列資料來源,no_change
serial,dsEdit.serial.desc,序列資料來源,序列資料來源,no_change
serial,dsEdit.serial,系列,系列,no_change
serial,dsEdit.serialPoint,序列資料點,序列資料點,no_change
serial,dsEdit.serial.choosePort,選擇埠號,選擇埠號,no_change
serial,dsEdit.serial.readTimeout,讀取逾時（MS）,讀取逾時（MS）,no_change
serial,dsEdit.serial.retries,重試,重試,no_change
serial,dsEdit.serial.messageTerminator,消息終結者,消息終結者,no_change
serial,dsEdit.serial.useTerminator,使用終結器？,使用終結器？,no_change
serial,dsEdit.serial.messageRegex,消息正規表示式,消息正規表示式,no_change
serial,dsEdit.serial.pointIdentifierIndex,點標識符組,點標識符組,no_change
serial,dsEdit.serial.pointIdentifier,點標識符,點標識符,no_change
serial,dsEdit.serial.valueIndex,數值組,數值組,no_change
serial,dsEdit.serial.valueRegex,數值正規表示式,數值正規表示式,no_change
serial,dsEdit.serial.hex,配置在十六進制中,配置在十六進制中,no_change
serial,dsEdit.serial.logIO,日誌I/O。,日誌I/O。,no_change
serial,dsEdit.serial.maxMessageSize,消息的最大大小,消息的最大大小,no_change
serial,dsEdit.serial.logIOFileSize,日誌檔案大小（mbytes）,日誌檔案大小（mbytes）,no_change
serial,dsEdit.serial.logIOFiles,保留日誌檔案的數量,保留日誌檔案的數量,no_change
serial,dsEdit.serial.string,字串,字串,no_change
serial,dsEdit.serial.submitTestString,測試字符串,測試字符串,no_change
serial,dsEdit.serial.log,日誌將寫入入<br/> {0},日誌將寫入入<br/> {0},no_change
serial,dsEdit.serial.testStringError,錯誤 -  {0},錯誤 -  {0},no_change
serial,serial.connection,串行埠號：{0},串行埠號：{0},no_change
serial,serial.point.configuration,序列{0},序列{0},no_change
serial,serial.validate.emptyMatch,無法符合0長的字符串,無法符合0長的字符串,no_change
serial,serial.validate.badRegex,正規表示式語法錯誤：{0},正規表示式語法錯誤：{0},no_change
serial,serial.validate.notHex,不是有效的十六進制值,不是有效的十六進制值,no_change
serial,serial.test.consumed,點{0}會消耗消息{1},點{0}會消耗消息{1},no_change
serial,serial.test.noMessageMatch,消息正規表示式無符合,消息正規表示式無符合,no_change
serial,serial.test.noTerminator,找不到終結者，但已啟用,找不到終結者，但已啟用,no_change
serial,serial.test.needsSave,測試功能需要保存的資料來源。,測試功能需要保存的資料來源。,no_change
serial,serial.test.noPointValueMatch,標識符{0}的無點值符合,標識符{0}的無點值符合,no_change
serial,serial.test.noIdentifierFound,找不到標識符,找不到標識符,no_change
serial,serial.test.noPointRegexMatch,點正規表示式不符合,點正規表示式不符合,no_change
serial,event.serial.connectFailed,連接失敗是因為：{0},連接失敗是因為：{0},no_change
serial,event.serial.invalidPort,無效埠號,無效埠號,no_change
serial,event.serial.portInUse,埠號{0}正在使用,埠號{0}正在使用,no_change
serial,event.serial.writeFailed,寫入失敗是因為：{0},寫入失敗是因為：{0},no_change
serial,event.serial.writeFailedPortNotSetup,寫入失敗，因為埠號未正確配置,寫入失敗，因為埠號未正確配置,no_change
serial,event.serial.readFailed,讀失敗是因為：{0},讀失敗是因為：{0},no_change
serial,event.serial.readFailedPortNotSetup,讀取失敗，因為埠號未正確配置,讀取失敗，因為埠號未正確配置,no_change
serial,event.serial.noSuchPort,沒有名稱的埠號：{0},沒有名稱的埠號：{0},no_change
serial,event.serial.patternMismatchException,模式不符合的例外,模式不符合的例外,no_change
serial,event.serial.patternMismatch,接收消息：{0}不符合模式：{1},接收消息：{0}不符合模式：{1},no_change
serial,event.serial.invalidValue,無法用XID解析點：{0},無法用XID解析點：{0},no_change
serial,event.serial.notHex,數值不是十六進製字符串,數值不是十六進製字符串,no_change
serial,dox.serialDS,序列資料來源屬性,序列資料來源屬性,no_change
serial,dox.serialPP,串行點定位器屬性,串行點定位器屬性,no_change
slackPublisher,slack.description,將事件和記錄消息發佈到Slack頻道,將事件和記錄消息發佈到Slack頻道,no_change
slackPublisher,dox.slackSettings,鬆弛日誌設定,鬆弛日誌設定,no_change
slackPublisher,dox.slackMessage,鬆弛消息,鬆弛消息,no_change
slackPublisher,systemSettings.slack.settingsSaved,設定保存,設定保存,no_change
slackPublisher,systemSettings.slack.log4jLevel,日誌級別,日誌級別,no_change
slackPublisher,systemSettings.slack.log4jChannelName,日誌消息頻道,日誌消息頻道,no_change
slackPublisher,slack.botToken,鬆弛的機器人令牌,鬆弛的機器人令牌,no_change
slackPublisher,slack.channel,頻道,頻道,no_change
slackPublisher,eventHandlers.type.slackMessage,鬆弛消息,鬆弛消息,no_change
snmp,snmp.description,SNMP的資料來源,SNMP的資料來源,no_change
snmp,dox.snmpDS,SNMP資料來源,SNMP資料來源,no_change
snmp,dsEdit.snmp,SNMP資料來源,SNMP資料來源,no_change
snmp,dsEdit.snmpPoint,SNMP資料點,SNMP資料點,no_change
snmp,dsEdit.snmp.oid,OID,OID,no_change
snmp,dsEdit.snmp.community,社區,社區,no_change
snmp,dsEdit.snmp.readCommunity,讀取社區,讀取社區,no_change
snmp,dsEdit.snmp.writeCommunity,寫入社區,寫入社區,no_change
snmp,dsEdit.snmp.authPassphrase,auth passphrase,auth passphrase,no_change
snmp,dsEdit.snmp.privProtocol,私有協議,私有協議,no_change
snmp,dsEdit.snmp.privPassphrase,Priv密碼,Priv密碼,no_change
snmp,dsEdit.snmp.engineId,發動機ID,發動機ID,no_change
snmp,dsEdit.snmp.contextEngine,上下文引擎,上下文引擎,no_change
snmp,dsEdit.snmp.contextName,上下文名稱,上下文名稱,no_change
snmp,dsEdit.snmp.maxRequestVars,每個請求最大VAR,每個請求最大VAR,no_change
snmp,dsEdit.snmp.binary0Value,二進制0值,二進制0值,no_change
snmp,dsEdit.snmp.setType.int,整數32,整數32,no_change
snmp,dsEdit.snmp.setType.string,八位字字符串,八位字字符串,no_change
snmp,dsEdit.snmp.setType.oid,對象標識符,對象標識符,no_change
snmp,dsEdit.snmp.setType.ipAddress,IP地址,IP地址,no_change
snmp,dsEdit.snmp.setType.counter,計數器32,計數器32,no_change
snmp,dsEdit.snmp.setType.gauge,量規32,量規32,no_change
snmp,dsEdit.snmp.setType.ticks,時間滴答,時間滴答,no_change
snmp,dsEdit.snmp.setType.opaque,不透明,不透明,no_change
snmp,dsEdit.snmp.setType.counter64,櫃檯64,櫃檯64,no_change
snmp,dsEdit.snmp.polling,輪詢,輪詢,no_change
snmp,dsEdit.snmp.polling.pollTrap,輪詢和陷阱,輪詢和陷阱,no_change
snmp,dsEdit.snmp.polling.trap,僅陷阱,僅陷阱,no_change
snmp,dsEdit.snmp.multiplicand,乘法,乘法,no_change
snmp,dsEdit.snmp.augend,預言,預言,no_change
snmp,dsEdit.snmp.mibFile,MIB檔案：,MIB檔案：,no_change
snmp,dsEdit.snmp.walk,SNMP步行,SNMP步行,no_change
snmp,event.snmp.ioex,io例外：{0},io例外：{0},no_change
snmp,event.snmp.pduOidError,pdu在OID {0}中誤差收到，text = {1},pdu在OID {0}中誤差收到，text = {1},no_change
snmp,event.snmp.pduErrorStatus,PDU已接收到{0}的錯誤狀態，text = {1},PDU已接收到{0}的錯誤狀態，text = {1},no_change
snmp,event.snmp.oidError,{0}中的OID錯誤：{1}：{2},{0}中的OID錯誤：{1}：{2},no_change
snmp,event.snmp.unknownOid,在主機{1}的響應中找到了未要求的OID {0},在主機{1}的響應中找到了未要求的OID {0},no_change
snmp,event.snmp.noBinding,從主機{1}響應中的OID {0}沒有綁定,從主機{1}響應中的OID {0}沒有綁定,no_change
snmp,event.snmp.arrayIndexError,數組索引錯誤試圖在索引上取得PDU錯誤：{0},數組索引錯誤試圖在索引上取得PDU錯誤：{0},no_change
snmp,snmp.filestore.description,SNMP MIB檔案,SNMP MIB檔案,no_change
snmp,snmp.filestore.permission.write,SNMP MIB檔案遺產許可,SNMP MIB檔案遺產許可,no_change
snmp,snmp.filestore.permission.read,SNMP MIB檔案讀取許可,SNMP MIB檔案讀取許可,no_change
snmp,snmp.bindException,無法綁定到陷阱埠號,無法綁定到陷阱埠號,no_change
snmp,snmp.bindException.permission,無法綁定到陷阱埠號。沒有權限。,無法綁定到陷阱埠號。沒有權限。,no_change
snmp,snmp.bindException.other,無法綁定到陷阱埠號：{0},無法綁定到陷阱埠號：{0},no_change
snmp,snmp.rest.sourceNotRunning,資料來源未執行,資料來源未執行,no_change
snmp,snmp.rest.fileSubmittedSuccessfully,檔案成功提交,檔案成功提交,no_change
snmp,snmp.rest.fileSubmissionError,檔案提交返回錯誤代碼：,檔案提交返回錯誤代碼：,no_change
snmp,snmp.rest.submissionError,提交返回錯誤代碼：,提交返回錯誤代碼：,no_change
snmp,snmp.rest.statusRedirectToMonitor,重定向到監視...更新監視頁面以取得更新,重定向到監視...更新監視頁面以取得更新,no_change
snmp,snmp.rest.noPermissionsToResource,您沒有此資源的權限。,您沒有此資源的權限。,no_change
snmp,snmp.rest.errorReadingTemporaryResource,錯誤輪詢臨時資源,錯誤輪詢臨時資源,no_change
snmp,snmp.rest.mibFilestoreFileNotFound,名稱{0}的檔案不在檔案中,名稱{0}的檔案不在檔案中,no_change
snmp,snmp.ui.enterDataSourceName,輸入資料來源的名稱,輸入資料來源的名稱,no_change
snmp,snmp.ui.errorCreatingDataSource,錯誤建立資料來源：{0},錯誤建立資料來源：{0},no_change
snmp,snmp.ui.successfullyCreatedDataSource,成功建立了資料來源“ {0}”,成功建立了資料來源“ {0}”,no_change
snmp,snmp.ui.xMIBFilesSelected,使用{0，複數，= 0 {無資訊檔案} = 1 {1資訊檔案}其他{＃資訊檔案}},使用{0，複數，= 0 {無資訊檔案} = 1 {1資訊檔案}其他{＃資訊檔案}},no_change
snmp,snmp.ui.hideExistingOids,隱藏現有點的OID,隱藏現有點的OID,no_change
snmp,snmp.ui.snmpWalkError,錯誤檢索SNMP步行結果：{0},錯誤檢索SNMP步行結果：{0},no_change
snmp,snmp.ui.errorReadingExistingOids,錯誤讀取現有的OID：{0},錯誤讀取現有的OID：{0},no_change
snmp,snmp.ui.mapPointProperties,地圖點屬性,地圖點屬性,no_change
snmp,snmp.ui.previewAndCreatePoints,預覽和建立點,預覽和建立點,no_change
snmp,snmp.ui.createPoints,建立 Mango 點,建立 Mango 點,no_change
snmp,snmp.ui.existingOidStrategy,現有的OID策略,現有的OID策略,no_change
snmp,snmp.ui.startOver,重新開始,重新開始,no_change
snmp,snmp.ui.xPointsSelected,{0，複數，= 1 {1點}其他{{0}點}}}}},{0，複數，= 1 {1點}其他{{0}點}}}}},no_change
snmp,snmp.ui.existingXid,現有的 Mango XID,現有的 Mango XID,no_change
snmp,snmp.ui.generated,生成,生成,no_change
snmp,snmp.ui.regex,正規表示式模式,正規表示式模式,no_change
snmp,snmp.ui.oidFilter,OID始於,OID始於,no_change
snmp,snmp.ui.xOidsSelected,{0，複數，= 0 {no point} = 1 {1點}其他{＃point}}選擇,{0，複數，= 0 {no point} = 1 {1點}其他{＃point}}選擇,no_change
snmp,snmp.ui.fixedValue,固定值,固定值,no_change
snmp,snmp.ui.noneFixedValue,無（固定值）,無（固定值）,no_change
snmp,snmp.ui.walkStoppedDueToError,由於錯誤而停止行走：{0},由於錯誤而停止行走：{0},no_change
snmp,snmp.ui.cols.symbolWithIndex,帶有索引的符號,帶有索引的符號,no_change
snmp,snmp.ui.cols.oid,OID,OID,no_change
snmp,snmp.ui.cols.variableSyntax,可變語法,可變語法,no_change
snmp,snmp.ui.cols.currentValue,當前值,當前值,no_change
snmp,snmp.ui.cols.accessible,可存取,可存取,no_change
snmp,snmp.ui.cols.symbol,象徵,象徵,no_change
snmp,snmp.ui.oids.sysObjectID,對象ID,對象ID,no_change
snmp,snmp.ui.columnFor.oid,OID的列,OID的列,no_change
snmp,snmp.ui.columnFor.deviceName,設備名稱的列,設備名稱的列,no_change
snmp,snmp.ui.columnFor.name,名稱的列,名稱的列,no_change
snmp,snmp.ui.columnFor.xid,XID的列,XID的列,no_change
snmp,snmp.ui.columnFor.settable,列可設定,列可設定,no_change
snmp,snmp.ui.columnFor.unit,單元的列,單元的列,no_change
snmp,snmp.ui.columnFor.dataType,資料類型的列,資料類型的列,no_change
sqlConsole,sqlConsole.description,SQL語句提交控制台,SQL語句提交控制台,no_change
sqlConsole,header.sql,SQL控制台,SQL控制台,no_change
sqlConsole,sql.warning,警告：使用此設施自負。不正確的用法可能導致資料損壞的資料和/或系統故障。,警告：使用此設施自負。不正確的用法可能導致資料損壞的資料和/或系統故障。,no_change
sqlConsole,sql.sql,SQL,SQL,no_change
sqlConsole,sql.query,提交查詢,提交查詢,no_change
sqlConsole,sql.update,提交更新,提交更新,no_change
sqlConsole,sql.runSelectedSql,執行選定的SQL,執行選定的SQL,no_change
sqlConsole,sql.rowsUpdated,{0}記錄（S）更新。,{0}記錄（S）更新。,no_change
sqlConsole,sql.serializedData,序列化資料,序列化資料,no_change
sqlConsole,sql.tableList,取得表列表,取得表列表,no_change
sqlConsole,sql.makeQuery,進行查詢,進行查詢,no_change
sqlConsole,sql.emptySelection,沒有選定的文本,沒有選定的文本,no_change
sqlConsole,dox.directQuerying,直接 Mango 自動化資料庫查詢,直接 Mango 自動化資料庫查詢,no_change
sqlConsole,sql.queryAfterUpdate,更新後執行查詢,更新後執行查詢,no_change
sqlConsole,sql.runSelectedUpdate,執行選定的SQL作為更新,執行選定的SQL作為更新,no_change
sqlConsole,sql.queryHeader,SQL查詢,SQL查詢,no_change
sqlConsole,sql.updateHeader,SQL更新,SQL更新,no_change
sqlds,sqlds.description,SQL資料庫的資料來源,SQL資料庫的資料來源,no_change
sqlds,dox.sqlPP,SQL點屬性,SQL點屬性,no_change
sqlds,dox.sqlDS,SQL資料來源,SQL資料來源,no_change
sqlds,dsEdit.sql,SQL,SQL,no_change
sqlds,dsEdit.sqlPoint,SQL點,SQL點,no_change
sqlds,dsEdit.sql.tools,SQL DS工具,SQL DS工具,no_change
sqlds,dsEdit.sql.testing,執行選擇語句...,執行選擇語句...,no_change
sqlds,dsEdit.sql.rowId,行標識符,行標識符,no_change
sqlds,dsEdit.sql.columnName,列名,列名,no_change
sqlds,dsEdit.sql.desc,SQL屬性,SQL屬性,no_change
sqlds,dsEdit.sql.driverClassName,驅動程序類名稱,驅動程序類名稱,no_change
sqlds,dsEdit.sql.connectionString,連接字符串,連接字符串,no_change
sqlds,dsEdit.sql.username,使用者名稱,使用者名稱,no_change
sqlds,dsEdit.sql.password,密碼,密碼,no_change
sqlds,dsEdit.sql.select,選擇語句,選擇語句,no_change
sqlds,dsEdit.sql.rowQuery,基於行的查詢,基於行的查詢,no_change
sqlds,dsEdit.sql.deleteWarn,刪除要更改此值的點,刪除要更改此值的點,no_change
sqlds,dsEdit.sql.test,語句測試,語句測試,no_change
sqlds,dsEdit.sql.execute,執行,執行,no_change
sqlds,dsEdit.sql.timeColumn,時間覆蓋列,時間覆蓋列,no_change
sqlds,dsEdit.sql.update,更新語句,更新語句,no_change
sqlds,dsEdit.sql.tester.columnName,列名,列名,no_change
sqlds,dsEdit.sql.tester.columnType,列類型,列類型,no_change
sqlds,dsEdit.sql.tester.value,數值,數值,no_change
sqlds,dsEdit.sql.parameters,參數,參數,no_change
sqlds,dsEdit.sql.noParameters,沒有參數,沒有參數,no_change
sqlds,dsEdit.sql.parameterType,類型,類型,no_change
sqlds,dsEdit.sql.parameterOrder,命令,命令,no_change
sqlds,dsEdit.sql.dateFormat,日期格式,日期格式,no_change
sqlds,dsEdit.sql.tableModifier,僅修改表,僅修改表,no_change
sqlds,dsEdit.sql.data,資料,資料,no_change
sqlds,dsEdit.sql.useMangoDatabase,使用 Mango 資料庫,使用 Mango 資料庫,no_change
sqlds,dsEdit.sql.parameter.type.double,雙倍的,雙倍的,no_change
sqlds,dsEdit.sql.parameter.type.integer,整數,整數,no_change
sqlds,dsEdit.sql.parameter.type.string,字串,字串,no_change
sqlds,dsEdit.sql.parameter.type.boolean,布爾,布爾,no_change
sqlds,dsEdit.sql.parameter.type.datetime,日期和時間,日期和時間,no_change
sqlds,dsEdit.sql.parameter.type.date,日期,日期,no_change
sqlds,dsEdit.sql.parameter.type.time,時間,時間,no_change
sqlds,dsEdit.sql.parameter.type.bigint,位整數,位整數,no_change
sqlds,dsEdit.sql.invalidDriverClass,驅動程序沒有有效的SQL驅動程序,驅動程序沒有有效的SQL驅動程序,no_change
sqlds,dsEdit.sql.driverClassProblem,驅動程序類載入問題{0},驅動程序類載入問題{0},no_change
sqlds,event.sql.noRowsUpdated,沒有行更新的設定點{0},沒有行更新的設定點{0},no_change
sqlds,event.sql.setError,設定點{0}時異常：{1},設定點{0}時異常：{1},no_change
sqlds,event.sql.timeNotFound,時間覆蓋字段“ {0}”在結果集中找不到,時間覆蓋字段“ {0}”在結果集中找不到,no_change
sqlds,event.sql.noData,沒有從選擇查詢返回的資料,沒有從選擇查詢返回的資料,no_change
sqlds,event.sql.noDataPoint,在結果集中找不到行標識符“ {0}”的資料點,在結果集中找不到行標識符“ {0}”的資料點,no_change
sqlds,event.sql.dataTypeNotSupported,時間覆蓋字段資料類型“ {0}”（{1}）不支持,時間覆蓋字段資料類型“ {0}”（{1}）不支持,no_change
sqlds,event.sql.unsupportedParameterType,sql中的位置{1} in sql中的不支持參數類型“ {0}”用於資料點：{2},sql中的位置{1} in sql中的不支持參數類型“ {0}”用於資料點：{2},no_change
sqlds,event.sql.noStartParenthesis,SQL值必須以'（'值字符串：{0},SQL值必須以'（'值字符串：{0},no_change
sqlds,event.sql.noEndParenthesis,SQL值必須以'）'值字符串結尾：{0},SQL值必須以'）'值字符串結尾：{0},no_change
sqlds,event.sql.invalidNumberOfParameters,SQL值字符串的字符串：{0}的參數數錯誤。  預期{1}，但找到{2},SQL值字符串的字符串：{0}的參數數錯誤。  預期{1}，但找到{2},no_change
sqlds,event.sql.invalidTimestampFormat,無效時間戳格式。格式為：{0}，提供的日期為：{1},無效時間戳格式。格式為：{0}，提供的日期為：{1},no_change
ssh,ssh.description,通過SSH執行命令和日誌響應的資料來源,通過SSH執行命令和日誌響應的資料來源,no_change
ssh,dsEdit.ssh.connectionDescription,ssh：// {0}：{1},ssh：// {0}：{1},no_change
ssh,dsEdit.ssh.desc,SSH,SSH,no_change
ssh,dsEdit.ssh,SSH,SSH,no_change
ssh,dsEdit.sshPoint,SSH資料點,SSH資料點,no_change
ssh,dsEdit.ssh.privateKeyPath,通往私鑰的路徑（RSA）,通往私鑰的路徑（RSA）,no_change
ssh,dsEdit.ssh.logIO,日誌會話,日誌會話,no_change
ssh,dsEdit.ssh.log,logfile位置：{0},logfile位置：{0},no_change
ssh,dsEdit.ssh.privateKeyFileDNE,找不到私鑰檔案,找不到私鑰檔案,no_change
ssh,ssh.point.configuration,點配置,點配置,no_change
ssh,ssh.point.configuration.queryAndSet,查詢（{0}），set（{1}）,查詢（{0}），set（{1}）,no_change
ssh,ssh.point.configuration.query,查詢（{0}）,查詢（{0}）,no_change
ssh,ssh.point.configuration.set,設定（{0}）,設定（{0}）,no_change
ssh,ssh.point.configuration.invalid,配置無效,配置無效,no_change
ssh,ssh.point.queryCommand,查詢命令,查詢命令,no_change
ssh,ssh.point.queryable,可查詢,可查詢,no_change
ssh,ssh.point.validate.settableOrQueryable,SSH點必須是可設定的，可查詢的，或兩者兼而有之,SSH點必須是可設定的，可查詢的，或兩者兼而有之,no_change
ssh,ssh.point.validate.settableNotEmpty,設定可設定點的命令不能為空,設定可設定點的命令不能為空,no_change
ssh,ssh.point.validate.queryableNotEmpty,查詢點的查詢命令不能為空,查詢點的查詢命令不能為空,no_change
ssh,ssh.event.sessionOpenFailed,無法打開SSH會話：{0},無法打開SSH會話：{0},no_change
ssh,ssh.event.logError,日誌錯誤,日誌錯誤,no_change
ssh,ssh.event.commandReturnedErrorCode,命令返回錯誤代碼,命令返回錯誤代碼,no_change
ssh,ssh.event.commandReturnedErrorCodeMessage,點的命令：{0}返回錯誤代碼{1},點的命令：{0}返回錯誤代碼{1},no_change
ssh,ssh.event.nullSshChannel,NULL SSH頻道,NULL SSH頻道,no_change
ssh,ssh.read.badDataType,不良資料類型：{0},不良資料類型：{0},no_change
sstGlobalScripts,sstGlobalScripts.description,通用M2M2腳本的JavaScript功能,通用M2M2腳本的JavaScript功能,no_change
sstGlobalScripts,event.audit.globalScript,全局腳本,全局腳本,no_change
sstGlobalScripts,events.editGlobalScript,編輯全局腳本,編輯全局腳本,no_change
sstGlobalScripts,header.globalScripts,全局腳本,全局腳本,no_change
sstGlobalScripts,emport.globalScript.prefix,全局腳本''{0}''：{1},全局腳本''{0}''：{1},no_change
sstGlobalScripts,dox.globalScripts,全局腳本,全局腳本,no_change
sstGlobalScripts,globalScript.title,全局腳本,全局腳本,no_change
sstGlobalScripts,globalScript.select,選擇全局腳本,選擇全局腳本,no_change
sstGlobalScripts,globalScript.list,全局腳本列表,全局腳本列表,no_change
sstGlobalScripts,globalScript.editScript,編輯腳本'{0}',編輯腳本'{0}',no_change
sstGlobalScripts,globalScript.newScript,新的全局腳本,新的全局腳本,no_change
sstGlobalScripts,globalScript.createNewScript,建立新的全局腳本,建立新的全局腳本,no_change
sstGlobalScripts,globalScript.scriptSetup,腳本設定,腳本設定,no_change
sstGlobalScripts,globalScript.validate,證實,證實,no_change
sstGlobalScripts,globalScript.name,名稱,名稱,no_change
sstGlobalScripts,globalScript.script,腳本,腳本,no_change
sstGlobalScripts,globalScript.rhinoException,{0} <br/>在線：{1},{0} <br/>在線：{1},no_change
sstGlobalScripts,globalScript.rhinoExceptionCol,{0} <br/>在線：{1}，列：{2},{0} <br/>在線：{1}，列：{2},no_change
sstGlobalScripts,globalScript.scriptAdded,新增了腳本,新增了腳本,no_change
sstGlobalScripts,globalScript.scriptSaved,腳本保存,腳本保存,no_change
sstGlobalScripts,globalScript.scriptNotSaved,腳本未保存 -  {0},腳本未保存 -  {0},no_change
sstGlobalScripts,globalScript.confirmDeleteScript,您確定要刪除腳本嗎？,您確定要刪除腳本嗎？,no_change
sstGlobalScripts,globalScript.scriptDeleted,腳本已刪除,腳本已刪除,no_change
sstGlobalScripts,globalScript.scriptNotDeleted,腳本未刪除,腳本未刪除,no_change
sstGlobalScripts,globalScript.scriptValid,腳本已驗證,腳本已驗證,no_change
sstGlobalScripts,globalScript.mustFinish,腳本結束前不能返回,腳本結束前不能返回,no_change
sstGlobalScripts,globalScript.test.pointPermissionsFailure,權限故障設定點{0},權限故障設定點{0},no_change
sstGlobalScripts,globalScript.test.pointNotSettable,點{0}不設定,點{0}不設定,no_change
sstGlobalScripts,globalScript.test.setPointValue,設定點{0} to {1} @ {2},設定點{0} to {1} @ {2},no_change
sstGraphics,sst-graphics.description,5-羥色胺軟件預設圖形,5-羥色胺軟件預設圖形,no_change
templateConfig,header.templateConfig,範本配置導入,範本配置導入,no_change
twilio,twilio.desc,通過Twilio發布 Mango 資料作為SMS消息,通過Twilio發布 Mango 資料作為SMS消息,no_change
twilio,publisherEdit.twilioSender.mediaUrl,媒體URL,媒體URL,no_change
twilio,publisherEdit.twilioSender.raiseResultWarning,提高結果警告,提高結果警告,no_change
twilio,publisherEdit.twilioSender.staticHeaders,靜態標頭,靜態標頭,no_change
twilio,publisherEdit.twilioSender.headerKey,標題名稱,標題名稱,no_change
twilio,publisherEdit.twilioSender.headerValue,標題值,標題值,no_change
twilio,publisherEdit.twilioSender.addStaticHeader,新增標題,新增標題,no_change
twilio,publisherEdit.twilioSender.noStaticHeaders,沒有標題定義,沒有標題定義,no_change
twilio,publisherEdit.twilioSender.staticParams,靜態URL查詢參數,靜態URL查詢參數,no_change
twilio,publisherEdit.twilioSender.paramKey,URL查詢參數,URL查詢參數,no_change
twilio,publisherEdit.twilioSender.paramValue,URL查詢參數值,URL查詢參數值,no_change
twilio,publisherEdit.twilioSender.addStaticParam,新增URL查詢參數,新增URL查詢參數,no_change
twilio,publisherEdit.twilioSender.noStaticParams,未定義的網址查詢參數,未定義的網址查詢參數,no_change
virtualDS,virtualDS.description,生成確定性或隨機值的資料來源,生成確定性或隨機值的資料來源,no_change
virtualDS,VIRTUAL.dataSource,虛擬資料來源,虛擬資料來源,no_change
virtualDS,virtual.changeType.incompatible,更改類型與資料類型不相容,更改類型與資料類型不相容,no_change
virtualDS,dsEdit.virtual,虛擬資料來源,虛擬資料來源,no_change
virtualDS,dsEdit.virtualPoint,虛擬資料點,虛擬資料點,no_change
virtualDS,dsEdit.virtual.errorParsingValue,錯誤解析值,錯誤解析值,no_change
virtualDS,dsEdit.virtual.invalidValue,列表已經包含值,列表已經包含值,no_change
virtualDS,dsEdit.virtual.desc,虛擬資料來源屬性,虛擬資料來源屬性,no_change
virtualDS,dsEdit.virtual.changeType,更改類型,更改類型,no_change
virtualDS,dsEdit.virtual.startValue,開始值,開始值,no_change
virtualDS,dsEdit.virtual.min,最低限度,最低限度,no_change
virtualDS,dsEdit.virtual.max,最大限度,最大限度,no_change
virtualDS,dsEdit.virtual.maxChange,最大變化,最大變化,no_change
virtualDS,dsEdit.virtual.change,改變,改變,no_change
virtualDS,dsEdit.virtual.roll,卷,卷,no_change
virtualDS,dsEdit.virtual.values,值,值,no_change
virtualDS,dsEdit.virtual.volatility,Volatility,Volatility,no_change
virtualDS,dsEdit.virtual.attractionPoint,Attraction point,Attraction point,no_change
virtualDS,dsEdit.virtual.amplitude,Amplitude,Amplitude,no_change
virtualDS,dsEdit.virtual.offset,Offset,Offset,no_change
virtualDS,dsEdit.virtual.period,Period,Period,no_change
virtualDS,dsEdit.virtual.phaseShift,Phase shift,Phase shift,no_change
virtualDS,dsEdit.virtual.changeType.alternate,Alternate,Alternate,no_change
virtualDS,dsEdit.virtual.changeType.attractor,Attractor,Attractor,no_change
virtualDS,dsEdit.virtual.changeType.brownian,Brownian,Brownian,no_change
virtualDS,dsEdit.virtual.changeType.increment,增量,增量,no_change
virtualDS,dsEdit.virtual.changeType.noChange,沒有改變,沒有改變,no_change
virtualDS,dsEdit.virtual.changeType.random,隨機的,隨機的,no_change
virtualDS,dsEdit.virtual.changeType.sinusoidal,正弦,正弦,no_change
virtualDS,dsEdit.virtual.performPolling,啟用輪詢,啟用輪詢,no_change
virtualDS,virtual.error.attractor.missingPoint,帶有''{0}'XID''{1}''的資料點,帶有''{0}'XID''{1}''的資料點,no_change
virtualDS,dox.virtualPP,虛擬點屬性,虛擬點屬性,no_change
virtualDS,dox.virtualDS,虛擬資料來源,虛擬資料來源,no_change
vmstat,vmstat.description,讀取VMSTAT資料的資料來源,讀取VMSTAT資料的資料來源,no_change
vmstat,dox.vmstatDS,VMSTAT資料來源,VMSTAT資料來源,no_change
vmstat,dox.vmstatPP,VMSTAT點屬性,VMSTAT點屬性,no_change
vmstat,dsEdit.vmstat,VMSTAT資料來源,VMSTAT資料來源,no_change
vmstat,dsEdit.vmstatPoint,VMSTAT資料點,VMSTAT資料點,no_change
vmstat,dsEdit.vmstat.dsconn,輪詢秒：{0},輪詢秒：{0},no_change
vmstat,dsEdit.vmstat.desc,VMSTAT資料來源屬性,VMSTAT資料來源屬性,no_change
vmstat,dsEdit.vmstat.pollSeconds,輪詢秒,輪詢秒,no_change
vmstat,dsEdit.vmstat.outputScale,輸出量表,輸出量表,no_change
vmstat,dsEdit.vmstat.attribute,屬性,屬性,no_change
vmstat,dsEdit.vmstat.attr.procsR,等待執行時間（R）的過程,等待執行時間（R）的過程,no_change
vmstat,dsEdit.vmstat.attr.procsB,不間斷睡眠的過程（b）,不間斷睡眠的過程（b）,no_change
vmstat,dsEdit.vmstat.attr.memorySwpd,使用的虛擬內存（SWPD）,使用的虛擬內存（SWPD）,no_change
vmstat,dsEdit.vmstat.attr.memoryFree,空閒內存（免費）,空閒內存（免費）,no_change
vmstat,dsEdit.vmstat.attr.memoryBuff,內存用作緩衝區（buff）,內存用作緩衝區（buff）,no_change
vmstat,dsEdit.vmstat.attr.memoryCache,內存用作緩存（緩存）,內存用作緩存（緩存）,no_change
vmstat,dsEdit.vmstat.attr.swapSi,從磁盤（SI）交換的內存,從磁盤（SI）交換的內存,no_change
vmstat,dsEdit.vmstat.attr.swapSo,記憶交換為磁盤（因此）,記憶交換為磁盤（因此）,no_change
vmstat,dsEdit.vmstat.attr.ioBi,從塊設備（BI）收到的塊,從塊設備（BI）收到的塊,no_change
vmstat,dsEdit.vmstat.attr.ioBo,發送到塊設備（BO）的塊,發送到塊設備（BO）的塊,no_change
vmstat,dsEdit.vmstat.attr.systemIn,每秒中斷（in）,每秒中斷（in）,no_change
vmstat,dsEdit.vmstat.attr.systemCs,上下文開關每秒（CS）,上下文開關每秒（CS）,no_change
vmstat,dsEdit.vmstat.attr.cpuUs,CPU％執行非內核代碼 - （我們）,CPU％執行非內核代碼 - （我們）,no_change
vmstat,dsEdit.vmstat.attr.cpuSy,CPU％執行內核代碼（SY）,CPU％執行內核代碼（SY）,no_change
vmstat,dsEdit.vmstat.attr.cpuId,CPU％空閒（ID）,CPU％空閒（ID）,no_change
vmstat,dsEdit.vmstat.attr.cpuWa,CPU％等待IO（WA）,CPU％等待IO（WA）,no_change
vmstat,dsEdit.vmstat.attr.cpuSt,CPU％從虛擬機（ST）偷走了,CPU％從虛擬機（ST）偷走了,no_change
vmstat,dsEdit.vmstat.scale.none,None (bytes),None (bytes),no_change
vmstat,dsEdit.vmstat.scale.k,k (1000),k (1000),no_change
vmstat,dsEdit.vmstat.scale.K,K (1024),K (1024),no_change
vmstat,dsEdit.vmstat.scale.m,m (1000000),m (1000000),no_change
vmstat,dsEdit.vmstat.scale.M,M (1048576),M (1048576),no_change
vmstat,event.vmstat.process,VMSTAT進程失敗：{0},VMSTAT進程失敗：{0},no_change
vmstat,event.vmstat.attributeNotFound,屬性“ {0}”在VMSTAT資料中找不到,屬性“ {0}”在VMSTAT資料中找不到,no_change
watchlists,watchlists.description,頁面用於動態新增點列表以通過AJAX監視其值,頁面用於動態新增點列表以通過AJAX監視其值,no_change
watchlists,dox.watchList,觀看列表,觀看列表,no_change
watchlists,dox.watchListPoints,觀看列表點,觀看列表點,no_change
watchlists,emport.watchList.prefix,觀看列表''{0}''：{1},觀看列表''{0}''：{1},no_change
watchlists,header.watchlist,觀看列表,觀看列表,no_change
watchlists,header.watchLists,觀看列表,觀看列表,no_change
watchlists,watchlist.points,點,點,no_change
watchlists,watchlist.watchlist,觀看列表,觀看列表,no_change
watchlists,watchlist.consolidatedChart,包括合併圖表,包括合併圖表,no_change
watchlists,watchlist.lookupInst,輸入部分點名稱：,輸入部分點名稱：,no_change
watchlists,watchlist.addAllToChart,切換新增到圖表,切換新增到圖表,no_change
watchlists,event.audit.watchlist,監視列表,監視列表,no_change
zwave,dsEdit.zwave,Z波,Z波,no_change
zwave,dsEdit.zwavePoint,z波資料點,z波資料點,no_change
zwave,dsEdit.zwave.desc,Z波,Z波,no_change
zwave,dsEdit.zwave.commPortId,通信埠號ID,通信埠號ID,no_change
zwave,dsEdit.zwave.nodeId,節點ID,節點ID,no_change
zwave,dsEdit.zwave.genre,類型,類型,no_change
zwave,dsEdit.zwave.commandClass,命令類,命令類,no_change
zwave,dsEdit.zwave.instance,實體,實體,no_change
zwave,dsEdit.zwave.index,指數,指數,no_change
zwave,dsEdit.zwave.homeId,家庭ID,家庭ID,no_change
zwave,dsEdit.zwave.dataType,Z波資料類型,Z波資料類型,no_change
zwave,dsEdit.zwave.label,標籤,標籤,no_change
zwave,dsEdit.zwave.value,當前值,當前值,no_change
zwave,dsEdit.zwave.addPoint,新增點,新增點,no_change
zwave,zwave.point.description,描述點定位器,描述點定位器,no_change
zwave,zwave.tester.description,掃描Z-WAVE網路,掃描Z-WAVE網路,no_change
zwave,zwave.tester.startScan,掃描網路,掃描網路,no_change
zwave,zwave.tester.scanning,掃描網路,掃描網路,no_change
zwave,zwave.tester.auto,網路掃描自動關閉,網路掃描自動關閉,no_change
zwave,zwave.tester.cancelled,掃描取消,掃描取消,no_change
zwave,zwave.tester.copyHomeId,複製主頁ID,複製主頁ID,no_change
zwave,zwave.tester.scanningNetwork,掃描網路,掃描網路,no_change
zwave,zwave.tester.idle,閒置的,閒置的,no_change
zwave,zwave.tester.state,狀態,狀態,no_change
zwave,zwave.tester.timeoutSeconds,逾時,逾時,no_change
zwave,zwave.tester.readWaitSeconds,等待回复的時間,等待回复的時間,no_change
zwave,zwave.tester.saveConfiguration,將配置保存到磁盤,將配置保存到磁盤,no_change
zwave,zwave.tester.readNode,讀取節點,讀取節點,no_change
zwave,zwave.tester.message.unableToWriteConfiguration,無法編寫入配置，發現正在進行中,無法編寫入配置，發現正在進行中,no_change
zwave,zwave.tester.message.configurationWritten,配置寫入在磁盤上,配置寫入在磁盤上,no_change
zwave,zwave.tester.message.testerNotRunning,測試儀不執行,測試儀不執行,no_change
zwave,zwave.tester.message.unableToReadNode,無法讀取節點，掃描仍在執行或實用程序關閉,無法讀取節點，掃描仍在執行或實用程序關閉,no_change
zwave,zwave.tester.message.nodeRead,節點讀取,節點讀取,no_change
zwave,zwave.unsupported.datatype,不支持的資料類型：{0},不支持的資料類型：{0},no_change
zwave,zwave.validate.incompatibleZwaveDataType,Zwave資料類型與點資料類型不兼容,Zwave資料類型與點資料類型不兼容,no_change
zwave,zwave.event.message.driverFailed,驅動程式失敗,驅動程式失敗,no_change
zwave,zwave.event.message.driverReset,驅動程式重置,驅動程式重置,no_change
zwave,zwave.event.message.awakeNodesQueried,所有清醒的節點都詢問,所有清醒的節點都詢問,no_change
zwave,zwave.event.message.allNodesQueried,所有節點都查詢,所有節點都查詢,no_change
zwave,zwave.event.message.allNodesQueriedSomeDead,所有節點都詢問，有些節點死了,所有節點都詢問，有些節點死了,no_change
zwave,zwave.event.message.cannotSetPointDriverNotReady,無法設定點，驅動程序還沒有準備好,無法設定點，驅動程序還沒有準備好,no_change
zwave,dox.zwaveDS,z波資料來源屬性,z波資料來源屬性,no_change
zwave,dox.zwaveTool,Z波發現工具,Z波發現工具,no_change
zwave,dox.zwavePP,z波點定位器屬性,z波點定位器屬性,no_change
zwave,dsEdit.zwave.basic,基本的,基本的,no_change
zwave,dsEdit.zwave.config,config,config,no_change
zwave,dsEdit.zwave.count,數數,數數,no_change
zwave,dsEdit.zwave.system,系統,系統,no_change
zwave,dsEdit.zwave.user,用戶,用戶,no_change
zwave,dsEdit.zwave.bool,布爾,布爾,no_change
zwave,dsEdit.zwave.byte,位元組,位元組,no_change
zwave,dsEdit.zwave.decimal,十進制,十進制,no_change
zwave,dsEdit.zwave.int,int,int,no_change
zwave,dsEdit.zwave.list,列表,列表,no_change
zwave,dsEdit.zwave.schedule,排程,排程,no_change
zwave,dsEdit.zwave.short,短的,短的,no_change
zwave,dsEdit.zwave.string,字串,字串,no_change
zwave,dsEdit.zwave.button,按鈕,按鈕,no_change
zwave,dsEdit.zwave.raw,Raw,Raw,no_change
